Calculated JVM Memory Configuration: -XX:MaxDirectMemorySize=10M -Xmx597804K -XX:MaxMetaspaceSize=143571K -XX:ReservedCodeCacheSize=240M -Xss1M (Total Memory: 1G, Thread Count: 50, Loaded Class Count: 22934, Headroom: 0%)
docker : Picked up JAVA_TOOL_OPTIONS: -Djava.security.properties=/layers/paketo-buildpacks_bellsoft-liberica/java-security-properties/java-security.properties 
-XX:+ExitOnOutOfMemoryError -XX:MaxDirectMemorySize=10M -Xmx597804K -XX:MaxMetaspaceSize=143571K -XX:ReservedCodeCacheSize=240M -Xss1M -XX:+UnlockDiagnosticVMOptions 
-XX:NativeMemoryTracking=summary -XX:+PrintNMTStatistics -Dorg.springframework.cloud.bindings.boot.enable=true
At line:1 char:1
+ docker logs order-service 2>&1 | Out-File -Encoding utf8 order-servic ...
+ ~~~~~~~~~~~~~~~~~~~~~~~~~~~~~~
    + CategoryInfo          : NotSpecified: (Picked up JAVA_...oot.enable=true:String) [], RemoteException
    + FullyQualifiedErrorId : NativeCommandError
 
Enabling Java Native Memory Tracking
Adding 121 container CA certificates to JVM truststore
Spring Cloud Bindings Enabled

  .   ____          _            __ _ _
 /\\ / ___'_ __ _ _(_)_ __  __ _ \ \ \ \
( ( )\___ | '_ | '_| | '_ \/ _` | \ \ \ \
 \\/  ___)| |_)| | | | | || (_| |  ) ) ) )
  '  |____| .__|_| |_|_| |_\__, | / / / /
 =========|_|==============|___/=/_/_/_/

 :: Spring Boot ::                (v4.1.0)

2026-08-15T13:03:04.865Z  INFO 1 --- [orderservice] [           main] [                                                 ] c.j.s.o.OrderserviceApplication          : Starting OrderserviceApplication v0.0.1-SNAPSHOT using Java 26.0.2 with PID 1 (/workspace/BOOT-INF/classes started by cnb in /workspace)
2026-08-15T13:03:04.897Z  INFO 1 --- [orderservice] [           main] [                                                 ] c.j.s.o.OrderserviceApplication          : The following 1 profile is active: "docker"
2026-08-15T13:03:11.893Z  INFO 1 --- [orderservice] [           main] [                                                 ] .s.d.r.c.RepositoryConfigurationDelegate : Bootstrapping Spring Data JPA repositories in DEFAULT mode.
2026-08-15T13:03:12.179Z  INFO 1 --- [orderservice] [           main] [                                                 ] .s.d.r.c.RepositoryConfigurationDelegate : Finished Spring Data repository scanning in 242 ms. Found 2 JPA repository interfaces.
2026-08-15T13:03:16.478Z  INFO 1 --- [orderservice] [           main] [                                                 ] o.s.boot.tomcat.TomcatWebServer          : Tomcat initialized with port 8082 (http)
2026-08-15T13:03:16.511Z  INFO 1 --- [orderservice] [           main] [                                                 ] o.apache.catalina.core.StandardService   : Starting service [Tomcat]
2026-08-15T13:03:16.513Z  INFO 1 --- [orderservice] [           main] [                                                 ] o.apache.catalina.core.StandardEngine    : Starting Servlet engine: [Apache Tomcat/11.0.22]
2026-08-15T13:03:16.636Z  INFO 1 --- [orderservice] [           main] [                                                 ] b.w.c.s.WebApplicationContextInitializer : Root WebApplicationContext: initialization completed in 11362 ms
2026-08-15T13:03:22.309Z  INFO 1 --- [orderservice] [           main] [                                                 ] com.zaxxer.hikari.HikariDataSource       : HikariPool-1 - Starting...
2026-08-15T13:03:22.759Z  INFO 1 --- [orderservice] [           main] [                                                 ] com.zaxxer.hikari.pool.HikariPool        : HikariPool-1 - Added connection org.postgresql.jdbc.PgConnection@684f7f1c
2026-08-15T13:03:22.764Z  INFO 1 --- [orderservice] [           main] [                                                 ] com.zaxxer.hikari.HikariDataSource       : HikariPool-1 - Start completed.
2026-08-15T13:03:22.839Z  INFO 1 --- [orderservice] [           main] [                                                 ] org.flywaydb.core.FlywayExecutor         : Database: jdbc:postgresql://orders-db:5432/postgres (PostgreSQL 16.14)
2026-08-15T13:03:23.051Z  INFO 1 --- [orderservice] [           main] [                                                 ] o.f.c.i.s.JdbcTableSchemaHistory         : Schema history table "public"."flyway_schema_history" does not exist yet
2026-08-15T13:03:23.072Z  INFO 1 --- [orderservice] [           main] [                                                 ] o.f.core.internal.command.DbValidate     : Successfully validated 3 migrations (execution time 00:00.076s)
2026-08-15T13:03:23.164Z  INFO 1 --- [orderservice] [           main] [                                                 ] o.f.c.i.s.JdbcTableSchemaHistory         : Creating Schema History table "public"."flyway_schema_history" ...
2026-08-15T13:03:23.432Z  INFO 1 --- [orderservice] [           main] [                                                 ] o.f.core.internal.command.DbMigrate      : Current version of schema "public": << Empty Schema >>
2026-08-15T13:03:23.500Z  INFO 1 --- [orderservice] [           main] [                                                 ] o.f.core.internal.command.DbMigrate      : Migrating schema "public" to version "1 - create order tables"
2026-08-15T13:03:23.811Z  INFO 1 --- [orderservice] [           main] [                                                 ] o.f.core.internal.command.DbMigrate      : Migrating schema "public" to version "2 - create order events table"
2026-08-15T13:03:23.897Z  INFO 1 --- [orderservice] [           main] [                                                 ] o.f.core.internal.command.DbMigrate      : Migrating schema "public" to version "3 - add shedlock table"
2026-08-15T13:03:23.968Z  INFO 1 --- [orderservice] [           main] [                                                 ] o.f.core.internal.command.DbMigrate      : Successfully applied 3 migrations to schema "public", now at version v3 (execution time 00:00.261s)
2026-08-15T13:03:24.904Z  INFO 1 --- [orderservice] [           main] [                                                 ] org.hibernate.orm.jpa                    : HHH008540: Processing PersistenceUnitInfo [name: default]
2026-08-15T13:03:25.182Z  INFO 1 --- [orderservice] [           main] [                                                 ] org.hibernate.orm.core                   : HHH000001: Hibernate ORM core version 7.4.1.Final
2026-08-15T13:03:26.979Z  INFO 1 --- [orderservice] [           main] [                                                 ] o.s.o.j.p.SpringPersistenceUnitInfo      : No LoadTimeWeaver setup: ignoring JPA class transformer
2026-08-15T13:03:27.232Z  INFO 1 --- [orderservice] [           main] [                                                 ] org.hibernate.orm.connections.pooling    : HHH10001005: Database info:
	Database JDBC URL [jdbc:postgresql://orders-db:5432/postgres]
	Database driver: PostgreSQL JDBC Driver
	Database dialect: PostgreSQLDialect
	Database version: 16.14
	Default catalog/schema: postgres/public
	Autocommit mode: undefined/unknown
	Isolation level: READ_COMMITTED [default READ_COMMITTED]
	JDBC fetch size: none
	Pool: DataSourceConnectionProvider
	Minimum pool size: undefined/unknown
	Maximum pool size: undefined/unknown
2026-08-15T13:03:31.216Z  INFO 1 --- [orderservice] [           main] [                                                 ] org.hibernate.orm.core                   : HHH000489: No JTA platform available (set 'hibernate.transaction.jta.platform' to enable JTA platform integration)
2026-08-15T13:03:31.245Z  INFO 1 --- [orderservice] [           main] [                                                 ] j.LocalContainerEntityManagerFactoryBean : Initialized JPA EntityManagerFactory for persistence unit 'default'
2026-08-15T13:03:33.515Z  INFO 1 --- [orderservice] [           main] [                                                 ] o.s.d.j.r.query.QueryEnhancerFactories   : Hibernate is in classpath; If applicable, HQL parser will be used.
2026-08-15T13:03:47.096Z  INFO 1 --- [orderservice] [           main] [                                                 ] o.s.b.a.e.web.EndpointLinksResolver      : Exposing 26 endpoints beneath base path '/actuator'
2026-08-15T13:03:48.109Z  INFO 1 --- [orderservice] [           main] [                                                 ] o.s.boot.tomcat.TomcatWebServer          : Tomcat started on port 8082 (http) with context path '/'
2026-08-15T13:03:48.139Z  INFO 1 --- [orderservice] [           main] [                                                 ] c.j.s.o.OrderserviceApplication          : Started OrderserviceApplication in 45.152 seconds (process running for 46.759)
2026-08-15T13:03:50.717Z  INFO 1 --- [orderservice] [   scheduling-1] [4845a3a2f6505981106ff6d1266ea8df-ee0b716b444de5b1] c.j.s.o.jobs.OrderProcessingJob          : Processing New Orders at 2026-08-15T13:03:50.717773519Z
Hibernate: select oe1_0.id,oe1_0.comments,oe1_0.created_at,oe1_0.customer_name,oe1_0.customer_email,oe1_0.customer_phone,oe1_0.delivery_address_line1,oe1_0.delivery_address_line2,oe1_0.delivery_address_city,oe1_0.delivery_address_state,oe1_0.delivery_address_zip_code,oe1_0.delivery_address_country,oe1_0.order_number,oe1_0.status,oe1_0.updated_at,oe1_0.username from orders oe1_0 where oe1_0.status=?
2026-08-15T13:03:52.459Z  INFO 1 --- [orderservice] [   scheduling-1] [4845a3a2f6505981106ff6d1266ea8df-ee0b716b444de5b1] c.j.s.orderservice.domain.OrderService   : Found 0 new orders to process
2026-08-15T13:03:52.801Z DEBUG 1 --- [orderservice] [   scheduling-1] [                                                 ] io.opentelemetry.sdk.trace.SdkSpan       : Ignoring setStatus() description since status is not ERROR.
2026-08-15T13:03:52.814Z  INFO 1 --- [orderservice] [   scheduling-1] [0ef1f1d9c3f8b6dfe5084d1dd06d5f5e-68692968e9bf9727] c.j.s.o.jobs.OrderEventsPublishingJob    : Publishing Order Events at 2026-08-15T13:03:52.814973430Z
Hibernate: select oee1_0.id,oee1_0.created_at,oee1_0.event_id,oee1_0.event_type,oee1_0.order_number,oee1_0.payload,oee1_0.updated_at from order_events oee1_0 order by oee1_0.created_at
2026-08-15T13:03:54.156Z  INFO 1 --- [orderservice] [   scheduling-1] [0ef1f1d9c3f8b6dfe5084d1dd06d5f5e-68692968e9bf9727] c.j.s.o.domain.OrderEventService         : Found 0 Order Events to be published
2026-08-15T13:03:54.212Z DEBUG 1 --- [orderservice] [   scheduling-1] [                                                 ] io.opentelemetry.sdk.trace.SdkSpan       : Ignoring setStatus() description since status is not ERROR.
2026-08-15T13:03:54.841Z  WARN 1 --- [orderservice] [_WorkerThread-1] [                                                 ] i.o.exporter.zipkin.ZipkinSpanExporter   : Failed to export spans

java.net.ConnectException: Connection refused
	at java.net.http/jdk.internal.net.http.HttpClientImpl.send(Unknown Source) ~[java.net.http:na]
	at java.net.http/jdk.internal.net.http.HttpClientFacade.send(Unknown Source) ~[java.net.http:na]
	at org.springframework.boot.zipkin.autoconfigure.ZipkinHttpClientSender.postSpans(ZipkinHttpClientSender.java:59) ~[spring-boot-zipkin-4.1.0.jar:4.1.0]
	at org.springframework.boot.zipkin.autoconfigure.HttpSender.postSpans(HttpSender.java:69) ~[spring-boot-zipkin-4.1.0.jar:4.1.0]
	at org.springframework.boot.zipkin.autoconfigure.HttpSender.postSpans(HttpSender.java:41) ~[spring-boot-zipkin-4.1.0.jar:4.1.0]
	at zipkin2.reporter.BaseHttpSender.send(BaseHttpSender.java:123) ~[zipkin-reporter-3.5.3.jar:na]
	at io.opentelemetry.exporter.zipkin.ZipkinSpanExporter.lambda$export$0(ZipkinSpanExporter.java:104) ~[opentelemetry-exporter-zipkin-1.62.0.jar:1.62.0]
	at io.opentelemetry.context.Context.lambda$wrap$1(Context.java:241) ~[opentelemetry-context-1.62.0.jar:1.62.0]
	at io.opentelemetry.api.internal.InstrumentationUtil.suppressInstrumentation(InstrumentationUtil.java:28) ~[opentelemetry-api-1.62.0.jar:1.62.0]
	at io.opentelemetry.exporter.zipkin.ZipkinSpanExporter.export(ZipkinSpanExporter.java:101) ~[opentelemetry-exporter-zipkin-1.62.0.jar:1.62.0]
	at io.micrometer.tracing.otel.bridge.CompositeSpanExporter.lambda$export$3(CompositeSpanExporter.java:90) ~[micrometer-tracing-bridge-otel-1.7.0.jar:1.7.0]
	at java.base/java.util.ImmutableCollections$List12.forEach(Unknown Source) ~[na:na]
	at io.micrometer.tracing.otel.bridge.CompositeSpanExporter.export(CompositeSpanExporter.java:90) ~[micrometer-tracing-bridge-otel-1.7.0.jar:1.7.0]
	at io.opentelemetry.sdk.trace.export.BatchSpanProcessor$Worker.exportCurrentBatch(BatchSpanProcessor.java:334) ~[opentelemetry-sdk-trace-1.62.0.jar:1.62.0]
	at io.opentelemetry.sdk.trace.export.BatchSpanProcessor$Worker.run(BatchSpanProcessor.java:235) ~[opentelemetry-sdk-trace-1.62.0.jar:1.62.0]
	at java.base/java.lang.Thread.run(Unknown Source) ~[na:na]
Caused by: java.net.ConnectException: Connection refused
	at java.base/sun.nio.ch.Net.pollConnect(Native Method) ~[na:na]
	at java.base/sun.nio.ch.Net.pollConnectNow(Unknown Source) ~[na:na]
	at java.base/sun.nio.ch.SocketChannelImpl.finishConnect(Unknown Source) ~[na:na]
	at java.net.http/jdk.internal.net.http.PlainHttpConnection$ConnectEvent.handle(Unknown Source) ~[java.net.http:na]
	at java.net.http/jdk.internal.net.http.HttpClientImpl$SelectorManager.handleEvent(Unknown Source) ~[java.net.http:na]
	at java.net.http/jdk.internal.net.http.HttpClientImpl$SelectorManager.lambda$run$3(Unknown Source) ~[java.net.http:na]
	at java.base/java.util.ArrayList.forEach(Unknown Source) ~[na:na]
	at java.net.http/jdk.internal.net.http.HttpClientImpl$SelectorManager.run(Unknown Source) ~[java.net.http:na]
	at java.base/java.lang.VirtualThread.run(Unknown Source) ~[na:na]

2026-08-15T13:03:54.860Z DEBUG 1 --- [orderservice] [_WorkerThread-1] [                                                 ] i.o.sdk.trace.export.BatchSpanProcessor  : Exporter failed
2026-08-15T13:03:55.048Z  INFO 1 --- [orderservice] [   scheduling-1] [b667a6b18a7f39857d9c1c7507f1289c-9d02cc1437f5a35c] c.j.s.o.jobs.OrderEventsPublishingJob    : Publishing Order Events at 2026-08-15T13:03:55.048516643Z
Hibernate: select oee1_0.id,oee1_0.created_at,oee1_0.event_id,oee1_0.event_type,oee1_0.order_number,oee1_0.payload,oee1_0.updated_at from order_events oee1_0 order by oee1_0.created_at
2026-08-15T13:03:55.053Z  INFO 1 --- [orderservice] [   scheduling-1] [b667a6b18a7f39857d9c1c7507f1289c-9d02cc1437f5a35c] c.j.s.o.domain.OrderEventService         : Found 0 Order Events to be published
2026-08-15T13:03:55.060Z DEBUG 1 --- [orderservice] [   scheduling-1] [                                                 ] io.opentelemetry.sdk.trace.SdkSpan       : Ignoring setStatus() description since status is not ERROR.
2026-08-15T13:03:59.884Z  WARN 1 --- [orderservice] [_WorkerThread-1] [                                                 ] i.o.exporter.zipkin.ZipkinSpanExporter   : Failed to export spans

java.net.ConnectException: Connection refused
	at java.net.http/jdk.internal.net.http.HttpClientImpl.send(Unknown Source) ~[java.net.http:na]
	at java.net.http/jdk.internal.net.http.HttpClientFacade.send(Unknown Source) ~[java.net.http:na]
	at org.springframework.boot.zipkin.autoconfigure.ZipkinHttpClientSender.postSpans(ZipkinHttpClientSender.java:59) ~[spring-boot-zipkin-4.1.0.jar:4.1.0]
	at org.springframework.boot.zipkin.autoconfigure.HttpSender.postSpans(HttpSender.java:69) ~[spring-boot-zipkin-4.1.0.jar:4.1.0]
	at org.springframework.boot.zipkin.autoconfigure.HttpSender.postSpans(HttpSender.java:41) ~[spring-boot-zipkin-4.1.0.jar:4.1.0]
	at zipkin2.reporter.BaseHttpSender.send(BaseHttpSender.java:123) ~[zipkin-reporter-3.5.3.jar:na]
	at io.opentelemetry.exporter.zipkin.ZipkinSpanExporter.lambda$export$0(ZipkinSpanExporter.java:104) ~[opentelemetry-exporter-zipkin-1.62.0.jar:1.62.0]
	at io.opentelemetry.context.Context.lambda$wrap$1(Context.java:241) ~[opentelemetry-context-1.62.0.jar:1.62.0]
	at io.opentelemetry.api.internal.InstrumentationUtil.suppressInstrumentation(InstrumentationUtil.java:28) ~[opentelemetry-api-1.62.0.jar:1.62.0]
	at io.opentelemetry.exporter.zipkin.ZipkinSpanExporter.export(ZipkinSpanExporter.java:101) ~[opentelemetry-exporter-zipkin-1.62.0.jar:1.62.0]
	at io.micrometer.tracing.otel.bridge.CompositeSpanExporter.lambda$export$3(CompositeSpanExporter.java:90) ~[micrometer-tracing-bridge-otel-1.7.0.jar:1.7.0]
	at java.base/java.util.ImmutableCollections$List12.forEach(Unknown Source) ~[na:na]
	at io.micrometer.tracing.otel.bridge.CompositeSpanExporter.export(CompositeSpanExporter.java:90) ~[micrometer-tracing-bridge-otel-1.7.0.jar:1.7.0]
	at io.opentelemetry.sdk.trace.export.BatchSpanProcessor$Worker.exportCurrentBatch(BatchSpanProcessor.java:334) ~[opentelemetry-sdk-trace-1.62.0.jar:1.62.0]
	at io.opentelemetry.sdk.trace.export.BatchSpanProcessor$Worker.run(BatchSpanProcessor.java:235) ~[opentelemetry-sdk-trace-1.62.0.jar:1.62.0]
	at java.base/java.lang.Thread.run(Unknown Source) ~[na:na]
Caused by: java.net.ConnectException: Connection refused
	at java.base/sun.nio.ch.Net.pollConnect(Native Method) ~[na:na]
	at java.base/sun.nio.ch.Net.pollConnectNow(Unknown Source) ~[na:na]
	at java.base/sun.nio.ch.SocketChannelImpl.finishConnect(Unknown Source) ~[na:na]
	at java.net.http/jdk.internal.net.http.PlainHttpConnection$ConnectEvent.handle(Unknown Source) ~[java.net.http:na]
	at java.net.http/jdk.internal.net.http.HttpClientImpl$SelectorManager.handleEvent(Unknown Source) ~[java.net.http:na]
	at java.net.http/jdk.internal.net.http.HttpClientImpl$SelectorManager.lambda$run$3(Unknown Source) ~[java.net.http:na]
	at java.base/java.util.ArrayList.forEach(Unknown Source) ~[na:na]
	at java.net.http/jdk.internal.net.http.HttpClientImpl$SelectorManager.run(Unknown Source) ~[java.net.http:na]
	at java.base/java.lang.VirtualThread.run(Unknown Source) ~[na:na]

2026-08-15T13:03:59.889Z DEBUG 1 --- [orderservice] [_WorkerThread-1] [                                                 ] i.o.sdk.trace.export.BatchSpanProcessor  : Exporter failed
2026-08-15T13:04:00.052Z  INFO 1 --- [orderservice] [   scheduling-1] [b4f24203d45268f0ff1427fe036d4339-98737a1cb1526f05] c.j.s.o.jobs.OrderProcessingJob          : Processing New Orders at 2026-08-15T13:04:00.052470942Z
Hibernate: select oe1_0.id,oe1_0.comments,oe1_0.created_at,oe1_0.customer_name,oe1_0.customer_email,oe1_0.customer_phone,oe1_0.delivery_address_line1,oe1_0.delivery_address_line2,oe1_0.delivery_address_city,oe1_0.delivery_address_state,oe1_0.delivery_address_zip_code,oe1_0.delivery_address_country,oe1_0.order_number,oe1_0.status,oe1_0.updated_at,oe1_0.username from orders oe1_0 where oe1_0.status=?
2026-08-15T13:04:00.063Z  INFO 1 --- [orderservice] [   scheduling-1] [b4f24203d45268f0ff1427fe036d4339-98737a1cb1526f05] c.j.s.orderservice.domain.OrderService   : Found 0 new orders to process
2026-08-15T13:04:00.077Z DEBUG 1 --- [orderservice] [   scheduling-1] [                                                 ] io.opentelemetry.sdk.trace.SdkSpan       : Ignoring setStatus() description since status is not ERROR.
2026-08-15T13:04:00.091Z  INFO 1 --- [orderservice] [   scheduling-1] [6aa265d8b6b1b477bccf4f63e71f05ed-71a65b5cc73a28b9] c.j.s.o.jobs.OrderEventsPublishingJob    : Publishing Order Events at 2026-08-15T13:04:00.091314616Z
Hibernate: select oee1_0.id,oee1_0.created_at,oee1_0.event_id,oee1_0.event_type,oee1_0.order_number,oee1_0.payload,oee1_0.updated_at from order_events oee1_0 order by oee1_0.created_at
2026-08-15T13:04:00.104Z  INFO 1 --- [orderservice] [   scheduling-1] [6aa265d8b6b1b477bccf4f63e71f05ed-71a65b5cc73a28b9] c.j.s.o.domain.OrderEventService         : Found 0 Order Events to be published
2026-08-15T13:04:00.118Z DEBUG 1 --- [orderservice] [   scheduling-1] [                                                 ] io.opentelemetry.sdk.trace.SdkSpan       : Ignoring setStatus() description since status is not ERROR.
2026-08-15T13:04:04.902Z  WARN 1 --- [orderservice] [_WorkerThread-1] [                                                 ] i.o.exporter.zipkin.ZipkinSpanExporter   : Failed to export spans

java.net.ConnectException: Connection refused
	at java.net.http/jdk.internal.net.http.HttpClientImpl.send(Unknown Source) ~[java.net.http:na]
	at java.net.http/jdk.internal.net.http.HttpClientFacade.send(Unknown Source) ~[java.net.http:na]
	at org.springframework.boot.zipkin.autoconfigure.ZipkinHttpClientSender.postSpans(ZipkinHttpClientSender.java:59) ~[spring-boot-zipkin-4.1.0.jar:4.1.0]
	at org.springframework.boot.zipkin.autoconfigure.HttpSender.postSpans(HttpSender.java:69) ~[spring-boot-zipkin-4.1.0.jar:4.1.0]
	at org.springframework.boot.zipkin.autoconfigure.HttpSender.postSpans(HttpSender.java:41) ~[spring-boot-zipkin-4.1.0.jar:4.1.0]
	at zipkin2.reporter.BaseHttpSender.send(BaseHttpSender.java:123) ~[zipkin-reporter-3.5.3.jar:na]
	at io.opentelemetry.exporter.zipkin.ZipkinSpanExporter.lambda$export$0(ZipkinSpanExporter.java:104) ~[opentelemetry-exporter-zipkin-1.62.0.jar:1.62.0]
	at io.opentelemetry.context.Context.lambda$wrap$1(Context.java:241) ~[opentelemetry-context-1.62.0.jar:1.62.0]
	at io.opentelemetry.api.internal.InstrumentationUtil.suppressInstrumentation(InstrumentationUtil.java:28) ~[opentelemetry-api-1.62.0.jar:1.62.0]
	at io.opentelemetry.exporter.zipkin.ZipkinSpanExporter.export(ZipkinSpanExporter.java:101) ~[opentelemetry-exporter-zipkin-1.62.0.jar:1.62.0]
	at io.micrometer.tracing.otel.bridge.CompositeSpanExporter.lambda$export$3(CompositeSpanExporter.java:90) ~[micrometer-tracing-bridge-otel-1.7.0.jar:1.7.0]
	at java.base/java.util.ImmutableCollections$List12.forEach(Unknown Source) ~[na:na]
	at io.micrometer.tracing.otel.bridge.CompositeSpanExporter.export(CompositeSpanExporter.java:90) ~[micrometer-tracing-bridge-otel-1.7.0.jar:1.7.0]
	at io.opentelemetry.sdk.trace.export.BatchSpanProcessor$Worker.exportCurrentBatch(BatchSpanProcessor.java:334) ~[opentelemetry-sdk-trace-1.62.0.jar:1.62.0]
	at io.opentelemetry.sdk.trace.export.BatchSpanProcessor$Worker.run(BatchSpanProcessor.java:235) ~[opentelemetry-sdk-trace-1.62.0.jar:1.62.0]
	at java.base/java.lang.Thread.run(Unknown Source) ~[na:na]
Caused by: java.net.ConnectException: Connection refused
	at java.base/sun.nio.ch.Net.pollConnect(Native Method) ~[na:na]
	at java.base/sun.nio.ch.Net.pollConnectNow(Unknown Source) ~[na:na]
	at java.base/sun.nio.ch.SocketChannelImpl.finishConnect(Unknown Source) ~[na:na]
	at java.net.http/jdk.internal.net.http.PlainHttpConnection$ConnectEvent.handle(Unknown Source) ~[java.net.http:na]
	at java.net.http/jdk.internal.net.http.HttpClientImpl$SelectorManager.handleEvent(Unknown Source) ~[java.net.http:na]
	at java.net.http/jdk.internal.net.http.HttpClientImpl$SelectorManager.lambda$run$3(Unknown Source) ~[java.net.http:na]
	at java.base/java.util.ArrayList.forEach(Unknown Source) ~[na:na]
	at java.net.http/jdk.internal.net.http.HttpClientImpl$SelectorManager.run(Unknown Source) ~[java.net.http:na]
	at java.base/java.lang.VirtualThread.run(Unknown Source) ~[na:na]

2026-08-15T13:04:04.905Z DEBUG 1 --- [orderservice] [_WorkerThread-1] [                                                 ] i.o.sdk.trace.export.BatchSpanProcessor  : Exporter failed
2026-08-15T13:04:05.018Z  INFO 1 --- [orderservice] [   scheduling-1] [95f5b0b90010f28bd529e04f1f8db785-ae93a0e7a944a7ee] c.j.s.o.jobs.OrderEventsPublishingJob    : Publishing Order Events at 2026-08-15T13:04:05.018183586Z
Hibernate: select oee1_0.id,oee1_0.created_at,oee1_0.event_id,oee1_0.event_type,oee1_0.order_number,oee1_0.payload,oee1_0.updated_at from order_events oee1_0 order by oee1_0.created_at
2026-08-15T13:04:05.033Z  INFO 1 --- [orderservice] [   scheduling-1] [95f5b0b90010f28bd529e04f1f8db785-ae93a0e7a944a7ee] c.j.s.o.domain.OrderEventService         : Found 0 Order Events to be published
2026-08-15T13:04:05.047Z DEBUG 1 --- [orderservice] [   scheduling-1] [                                                 ] io.opentelemetry.sdk.trace.SdkSpan       : Ignoring setStatus() description since status is not ERROR.
2026-08-15T13:04:09.915Z  WARN 1 --- [orderservice] [_WorkerThread-1] [                                                 ] i.o.exporter.zipkin.ZipkinSpanExporter   : Failed to export spans

java.net.ConnectException: Connection refused
	at java.net.http/jdk.internal.net.http.HttpClientImpl.send(Unknown Source) ~[java.net.http:na]
	at java.net.http/jdk.internal.net.http.HttpClientFacade.send(Unknown Source) ~[java.net.http:na]
	at org.springframework.boot.zipkin.autoconfigure.ZipkinHttpClientSender.postSpans(ZipkinHttpClientSender.java:59) ~[spring-boot-zipkin-4.1.0.jar:4.1.0]
	at org.springframework.boot.zipkin.autoconfigure.HttpSender.postSpans(HttpSender.java:69) ~[spring-boot-zipkin-4.1.0.jar:4.1.0]
	at org.springframework.boot.zipkin.autoconfigure.HttpSender.postSpans(HttpSender.java:41) ~[spring-boot-zipkin-4.1.0.jar:4.1.0]
	at zipkin2.reporter.BaseHttpSender.send(BaseHttpSender.java:123) ~[zipkin-reporter-3.5.3.jar:na]
	at io.opentelemetry.exporter.zipkin.ZipkinSpanExporter.lambda$export$0(ZipkinSpanExporter.java:104) ~[opentelemetry-exporter-zipkin-1.62.0.jar:1.62.0]
	at io.opentelemetry.context.Context.lambda$wrap$1(Context.java:241) ~[opentelemetry-context-1.62.0.jar:1.62.0]
	at io.opentelemetry.api.internal.InstrumentationUtil.suppressInstrumentation(InstrumentationUtil.java:28) ~[opentelemetry-api-1.62.0.jar:1.62.0]
	at io.opentelemetry.exporter.zipkin.ZipkinSpanExporter.export(ZipkinSpanExporter.java:101) ~[opentelemetry-exporter-zipkin-1.62.0.jar:1.62.0]
	at io.micrometer.tracing.otel.bridge.CompositeSpanExporter.lambda$export$3(CompositeSpanExporter.java:90) ~[micrometer-tracing-bridge-otel-1.7.0.jar:1.7.0]
	at java.base/java.util.ImmutableCollections$List12.forEach(Unknown Source) ~[na:na]
	at io.micrometer.tracing.otel.bridge.CompositeSpanExporter.export(CompositeSpanExporter.java:90) ~[micrometer-tracing-bridge-otel-1.7.0.jar:1.7.0]
	at io.opentelemetry.sdk.trace.export.BatchSpanProcessor$Worker.exportCurrentBatch(BatchSpanProcessor.java:334) ~[opentelemetry-sdk-trace-1.62.0.jar:1.62.0]
	at io.opentelemetry.sdk.trace.export.BatchSpanProcessor$Worker.run(BatchSpanProcessor.java:235) ~[opentelemetry-sdk-trace-1.62.0.jar:1.62.0]
	at java.base/java.lang.Thread.run(Unknown Source) ~[na:na]
Caused by: java.net.ConnectException: Connection refused
	at java.base/sun.nio.ch.Net.pollConnect(Native Method) ~[na:na]
	at java.base/sun.nio.ch.Net.pollConnectNow(Unknown Source) ~[na:na]
	at java.base/sun.nio.ch.SocketChannelImpl.finishConnect(Unknown Source) ~[na:na]
	at java.net.http/jdk.internal.net.http.PlainHttpConnection$ConnectEvent.handle(Unknown Source) ~[java.net.http:na]
	at java.net.http/jdk.internal.net.http.HttpClientImpl$SelectorManager.handleEvent(Unknown Source) ~[java.net.http:na]
	at java.net.http/jdk.internal.net.http.HttpClientImpl$SelectorManager.lambda$run$3(Unknown Source) ~[java.net.http:na]
	at java.base/java.util.ArrayList.forEach(Unknown Source) ~[na:na]
	at java.net.http/jdk.internal.net.http.HttpClientImpl$SelectorManager.run(Unknown Source) ~[java.net.http:na]
	at java.base/java.lang.VirtualThread.run(Unknown Source) ~[na:na]

2026-08-15T13:04:09.918Z DEBUG 1 --- [orderservice] [_WorkerThread-1] [                                                 ] i.o.sdk.trace.export.BatchSpanProcessor  : Exporter failed
2026-08-15T13:04:10.048Z  INFO 1 --- [orderservice] [   scheduling-1] [f56b6eca8c497165b2dd39a2b32615e3-e0a5b3247efdb7a5] c.j.s.o.jobs.OrderProcessingJob          : Processing New Orders at 2026-08-15T13:04:10.048962321Z
Hibernate: select oe1_0.id,oe1_0.comments,oe1_0.created_at,oe1_0.customer_name,oe1_0.customer_email,oe1_0.customer_phone,oe1_0.delivery_address_line1,oe1_0.delivery_address_line2,oe1_0.delivery_address_city,oe1_0.delivery_address_state,oe1_0.delivery_address_zip_code,oe1_0.delivery_address_country,oe1_0.order_number,oe1_0.status,oe1_0.updated_at,oe1_0.username from orders oe1_0 where oe1_0.status=?
2026-08-15T13:04:10.052Z  INFO 1 --- [orderservice] [   scheduling-1] [f56b6eca8c497165b2dd39a2b32615e3-e0a5b3247efdb7a5] c.j.s.orderservice.domain.OrderService   : Found 0 new orders to process
2026-08-15T13:04:10.059Z DEBUG 1 --- [orderservice] [   scheduling-1] [                                                 ] io.opentelemetry.sdk.trace.SdkSpan       : Ignoring setStatus() description since status is not ERROR.
2026-08-15T13:04:10.065Z  INFO 1 --- [orderservice] [   scheduling-1] [6714f255d451d0f4621a7d3f6922c786-b3d58579549d5d72] c.j.s.o.jobs.OrderEventsPublishingJob    : Publishing Order Events at 2026-08-15T13:04:10.065577082Z
Hibernate: select oee1_0.id,oee1_0.created_at,oee1_0.event_id,oee1_0.event_type,oee1_0.order_number,oee1_0.payload,oee1_0.updated_at from order_events oee1_0 order by oee1_0.created_at
2026-08-15T13:04:10.070Z  INFO 1 --- [orderservice] [   scheduling-1] [6714f255d451d0f4621a7d3f6922c786-b3d58579549d5d72] c.j.s.o.domain.OrderEventService         : Found 0 Order Events to be published
2026-08-15T13:04:10.078Z DEBUG 1 --- [orderservice] [   scheduling-1] [                                                 ] io.opentelemetry.sdk.trace.SdkSpan       : Ignoring setStatus() description since status is not ERROR.
2026-08-15T13:04:14.929Z  WARN 1 --- [orderservice] [_WorkerThread-1] [                                                 ] i.o.exporter.zipkin.ZipkinSpanExporter   : Failed to export spans

java.net.ConnectException: Connection refused
	at java.net.http/jdk.internal.net.http.HttpClientImpl.send(Unknown Source) ~[java.net.http:na]
	at java.net.http/jdk.internal.net.http.HttpClientFacade.send(Unknown Source) ~[java.net.http:na]
	at org.springframework.boot.zipkin.autoconfigure.ZipkinHttpClientSender.postSpans(ZipkinHttpClientSender.java:59) ~[spring-boot-zipkin-4.1.0.jar:4.1.0]
	at org.springframework.boot.zipkin.autoconfigure.HttpSender.postSpans(HttpSender.java:69) ~[spring-boot-zipkin-4.1.0.jar:4.1.0]
	at org.springframework.boot.zipkin.autoconfigure.HttpSender.postSpans(HttpSender.java:41) ~[spring-boot-zipkin-4.1.0.jar:4.1.0]
	at zipkin2.reporter.BaseHttpSender.send(BaseHttpSender.java:123) ~[zipkin-reporter-3.5.3.jar:na]
	at io.opentelemetry.exporter.zipkin.ZipkinSpanExporter.lambda$export$0(ZipkinSpanExporter.java:104) ~[opentelemetry-exporter-zipkin-1.62.0.jar:1.62.0]
	at io.opentelemetry.context.Context.lambda$wrap$1(Context.java:241) ~[opentelemetry-context-1.62.0.jar:1.62.0]
	at io.opentelemetry.api.internal.InstrumentationUtil.suppressInstrumentation(InstrumentationUtil.java:28) ~[opentelemetry-api-1.62.0.jar:1.62.0]
	at io.opentelemetry.exporter.zipkin.ZipkinSpanExporter.export(ZipkinSpanExporter.java:101) ~[opentelemetry-exporter-zipkin-1.62.0.jar:1.62.0]
	at io.micrometer.tracing.otel.bridge.CompositeSpanExporter.lambda$export$3(CompositeSpanExporter.java:90) ~[micrometer-tracing-bridge-otel-1.7.0.jar:1.7.0]
	at java.base/java.util.ImmutableCollections$List12.forEach(Unknown Source) ~[na:na]
	at io.micrometer.tracing.otel.bridge.CompositeSpanExporter.export(CompositeSpanExporter.java:90) ~[micrometer-tracing-bridge-otel-1.7.0.jar:1.7.0]
	at io.opentelemetry.sdk.trace.export.BatchSpanProcessor$Worker.exportCurrentBatch(BatchSpanProcessor.java:334) ~[opentelemetry-sdk-trace-1.62.0.jar:1.62.0]
	at io.opentelemetry.sdk.trace.export.BatchSpanProcessor$Worker.run(BatchSpanProcessor.java:235) ~[opentelemetry-sdk-trace-1.62.0.jar:1.62.0]
	at java.base/java.lang.Thread.run(Unknown Source) ~[na:na]
Caused by: java.net.ConnectException: Connection refused
	at java.base/sun.nio.ch.Net.pollConnect(Native Method) ~[na:na]
	at java.base/sun.nio.ch.Net.pollConnectNow(Unknown Source) ~[na:na]
	at java.base/sun.nio.ch.SocketChannelImpl.finishConnect(Unknown Source) ~[na:na]
	at java.net.http/jdk.internal.net.http.PlainHttpConnection$ConnectEvent.handle(Unknown Source) ~[java.net.http:na]
	at java.net.http/jdk.internal.net.http.HttpClientImpl$SelectorManager.handleEvent(Unknown Source) ~[java.net.http:na]
	at java.net.http/jdk.internal.net.http.HttpClientImpl$SelectorManager.lambda$run$3(Unknown Source) ~[java.net.http:na]
	at java.base/java.util.ArrayList.forEach(Unknown Source) ~[na:na]
	at java.net.http/jdk.internal.net.http.HttpClientImpl$SelectorManager.run(Unknown Source) ~[java.net.http:na]
	at java.base/java.lang.VirtualThread.run(Unknown Source) ~[na:na]

2026-08-15T13:04:14.932Z DEBUG 1 --- [orderservice] [_WorkerThread-1] [                                                 ] i.o.sdk.trace.export.BatchSpanProcessor  : Exporter failed
2026-08-15T13:04:15.053Z  INFO 1 --- [orderservice] [   scheduling-1] [eff63abd2467ed51cb0674ac4e895f09-cc8d237f6f56871f] c.j.s.o.jobs.OrderEventsPublishingJob    : Publishing Order Events at 2026-08-15T13:04:15.053864958Z
Hibernate: select oee1_0.id,oee1_0.created_at,oee1_0.event_id,oee1_0.event_type,oee1_0.order_number,oee1_0.payload,oee1_0.updated_at from order_events oee1_0 order by oee1_0.created_at
2026-08-15T13:04:15.065Z  INFO 1 --- [orderservice] [   scheduling-1] [eff63abd2467ed51cb0674ac4e895f09-cc8d237f6f56871f] c.j.s.o.domain.OrderEventService         : Found 0 Order Events to be published
2026-08-15T13:04:15.078Z DEBUG 1 --- [orderservice] [   scheduling-1] [                                                 ] io.opentelemetry.sdk.trace.SdkSpan       : Ignoring setStatus() description since status is not ERROR.
2026-08-15T13:04:19.943Z  WARN 1 --- [orderservice] [_WorkerThread-1] [                                                 ] i.o.exporter.zipkin.ZipkinSpanExporter   : Failed to export spans

java.net.ConnectException: Connection refused
	at java.net.http/jdk.internal.net.http.HttpClientImpl.send(Unknown Source) ~[java.net.http:na]
	at java.net.http/jdk.internal.net.http.HttpClientFacade.send(Unknown Source) ~[java.net.http:na]
	at org.springframework.boot.zipkin.autoconfigure.ZipkinHttpClientSender.postSpans(ZipkinHttpClientSender.java:59) ~[spring-boot-zipkin-4.1.0.jar:4.1.0]
	at org.springframework.boot.zipkin.autoconfigure.HttpSender.postSpans(HttpSender.java:69) ~[spring-boot-zipkin-4.1.0.jar:4.1.0]
	at org.springframework.boot.zipkin.autoconfigure.HttpSender.postSpans(HttpSender.java:41) ~[spring-boot-zipkin-4.1.0.jar:4.1.0]
	at zipkin2.reporter.BaseHttpSender.send(BaseHttpSender.java:123) ~[zipkin-reporter-3.5.3.jar:na]
	at io.opentelemetry.exporter.zipkin.ZipkinSpanExporter.lambda$export$0(ZipkinSpanExporter.java:104) ~[opentelemetry-exporter-zipkin-1.62.0.jar:1.62.0]
	at io.opentelemetry.context.Context.lambda$wrap$1(Context.java:241) ~[opentelemetry-context-1.62.0.jar:1.62.0]
	at io.opentelemetry.api.internal.InstrumentationUtil.suppressInstrumentation(InstrumentationUtil.java:28) ~[opentelemetry-api-1.62.0.jar:1.62.0]
	at io.opentelemetry.exporter.zipkin.ZipkinSpanExporter.export(ZipkinSpanExporter.java:101) ~[opentelemetry-exporter-zipkin-1.62.0.jar:1.62.0]
	at io.micrometer.tracing.otel.bridge.CompositeSpanExporter.lambda$export$3(CompositeSpanExporter.java:90) ~[micrometer-tracing-bridge-otel-1.7.0.jar:1.7.0]
	at java.base/java.util.ImmutableCollections$List12.forEach(Unknown Source) ~[na:na]
	at io.micrometer.tracing.otel.bridge.CompositeSpanExporter.export(CompositeSpanExporter.java:90) ~[micrometer-tracing-bridge-otel-1.7.0.jar:1.7.0]
	at io.opentelemetry.sdk.trace.export.BatchSpanProcessor$Worker.exportCurrentBatch(BatchSpanProcessor.java:334) ~[opentelemetry-sdk-trace-1.62.0.jar:1.62.0]
	at io.opentelemetry.sdk.trace.export.BatchSpanProcessor$Worker.run(BatchSpanProcessor.java:235) ~[opentelemetry-sdk-trace-1.62.0.jar:1.62.0]
	at java.base/java.lang.Thread.run(Unknown Source) ~[na:na]
Caused by: java.net.ConnectException: Connection refused
	at java.base/sun.nio.ch.Net.pollConnect(Native Method) ~[na:na]
	at java.base/sun.nio.ch.Net.pollConnectNow(Unknown Source) ~[na:na]
	at java.base/sun.nio.ch.SocketChannelImpl.finishConnect(Unknown Source) ~[na:na]
	at java.net.http/jdk.internal.net.http.PlainHttpConnection$ConnectEvent.handle(Unknown Source) ~[java.net.http:na]
	at java.net.http/jdk.internal.net.http.HttpClientImpl$SelectorManager.handleEvent(Unknown Source) ~[java.net.http:na]
	at java.net.http/jdk.internal.net.http.HttpClientImpl$SelectorManager.lambda$run$3(Unknown Source) ~[java.net.http:na]
	at java.base/java.util.ArrayList.forEach(Unknown Source) ~[na:na]
	at java.net.http/jdk.internal.net.http.HttpClientImpl$SelectorManager.run(Unknown Source) ~[java.net.http:na]
	at java.base/java.lang.VirtualThread.run(Unknown Source) ~[na:na]

2026-08-15T13:04:19.945Z DEBUG 1 --- [orderservice] [_WorkerThread-1] [                                                 ] i.o.sdk.trace.export.BatchSpanProcessor  : Exporter failed
2026-08-15T13:04:20.052Z  INFO 1 --- [orderservice] [   scheduling-1] [a2bf477134f624d17104a2554761fcd7-4b18d12d7e19df88] c.j.s.o.jobs.OrderProcessingJob          : Processing New Orders at 2026-08-15T13:04:20.052466386Z
Hibernate: select oe1_0.id,oe1_0.comments,oe1_0.created_at,oe1_0.customer_name,oe1_0.customer_email,oe1_0.customer_phone,oe1_0.delivery_address_line1,oe1_0.delivery_address_line2,oe1_0.delivery_address_city,oe1_0.delivery_address_state,oe1_0.delivery_address_zip_code,oe1_0.delivery_address_country,oe1_0.order_number,oe1_0.status,oe1_0.updated_at,oe1_0.username from orders oe1_0 where oe1_0.status=?
2026-08-15T13:04:20.060Z  INFO 1 --- [orderservice] [   scheduling-1] [a2bf477134f624d17104a2554761fcd7-4b18d12d7e19df88] c.j.s.orderservice.domain.OrderService   : Found 0 new orders to process
2026-08-15T13:04:20.074Z DEBUG 1 --- [orderservice] [   scheduling-1] [                                                 ] io.opentelemetry.sdk.trace.SdkSpan       : Ignoring setStatus() description since status is not ERROR.
2026-08-15T13:04:20.086Z  INFO 1 --- [orderservice] [   scheduling-1] [de84ead3bc9926058c2afd2e7d1e753c-cadc7d96b9bcbe54] c.j.s.o.jobs.OrderEventsPublishingJob    : Publishing Order Events at 2026-08-15T13:04:20.086013694Z
Hibernate: select oee1_0.id,oee1_0.created_at,oee1_0.event_id,oee1_0.event_type,oee1_0.order_number,oee1_0.payload,oee1_0.updated_at from order_events oee1_0 order by oee1_0.created_at
2026-08-15T13:04:20.096Z  INFO 1 --- [orderservice] [   scheduling-1] [de84ead3bc9926058c2afd2e7d1e753c-cadc7d96b9bcbe54] c.j.s.o.domain.OrderEventService         : Found 0 Order Events to be published
2026-08-15T13:04:20.103Z DEBUG 1 --- [orderservice] [   scheduling-1] [                                                 ] io.opentelemetry.sdk.trace.SdkSpan       : Ignoring setStatus() description since status is not ERROR.
2026-08-15T13:04:24.951Z  WARN 1 --- [orderservice] [_WorkerThread-1] [                                                 ] i.o.exporter.zipkin.ZipkinSpanExporter   : Failed to export spans

java.net.ConnectException: Connection refused
	at java.net.http/jdk.internal.net.http.HttpClientImpl.send(Unknown Source) ~[java.net.http:na]
	at java.net.http/jdk.internal.net.http.HttpClientFacade.send(Unknown Source) ~[java.net.http:na]
	at org.springframework.boot.zipkin.autoconfigure.ZipkinHttpClientSender.postSpans(ZipkinHttpClientSender.java:59) ~[spring-boot-zipkin-4.1.0.jar:4.1.0]
	at org.springframework.boot.zipkin.autoconfigure.HttpSender.postSpans(HttpSender.java:69) ~[spring-boot-zipkin-4.1.0.jar:4.1.0]
	at org.springframework.boot.zipkin.autoconfigure.HttpSender.postSpans(HttpSender.java:41) ~[spring-boot-zipkin-4.1.0.jar:4.1.0]
	at zipkin2.reporter.BaseHttpSender.send(BaseHttpSender.java:123) ~[zipkin-reporter-3.5.3.jar:na]
	at io.opentelemetry.exporter.zipkin.ZipkinSpanExporter.lambda$export$0(ZipkinSpanExporter.java:104) ~[opentelemetry-exporter-zipkin-1.62.0.jar:1.62.0]
	at io.opentelemetry.context.Context.lambda$wrap$1(Context.java:241) ~[opentelemetry-context-1.62.0.jar:1.62.0]
	at io.opentelemetry.api.internal.InstrumentationUtil.suppressInstrumentation(InstrumentationUtil.java:28) ~[opentelemetry-api-1.62.0.jar:1.62.0]
	at io.opentelemetry.exporter.zipkin.ZipkinSpanExporter.export(ZipkinSpanExporter.java:101) ~[opentelemetry-exporter-zipkin-1.62.0.jar:1.62.0]
	at io.micrometer.tracing.otel.bridge.CompositeSpanExporter.lambda$export$3(CompositeSpanExporter.java:90) ~[micrometer-tracing-bridge-otel-1.7.0.jar:1.7.0]
	at java.base/java.util.ImmutableCollections$List12.forEach(Unknown Source) ~[na:na]
	at io.micrometer.tracing.otel.bridge.CompositeSpanExporter.export(CompositeSpanExporter.java:90) ~[micrometer-tracing-bridge-otel-1.7.0.jar:1.7.0]
	at io.opentelemetry.sdk.trace.export.BatchSpanProcessor$Worker.exportCurrentBatch(BatchSpanProcessor.java:334) ~[opentelemetry-sdk-trace-1.62.0.jar:1.62.0]
	at io.opentelemetry.sdk.trace.export.BatchSpanProcessor$Worker.run(BatchSpanProcessor.java:235) ~[opentelemetry-sdk-trace-1.62.0.jar:1.62.0]
	at java.base/java.lang.Thread.run(Unknown Source) ~[na:na]
Caused by: java.net.ConnectException: Connection refused
	at java.base/sun.nio.ch.Net.pollConnect(Native Method) ~[na:na]
	at java.base/sun.nio.ch.Net.pollConnectNow(Unknown Source) ~[na:na]
	at java.base/sun.nio.ch.SocketChannelImpl.finishConnect(Unknown Source) ~[na:na]
	at java.net.http/jdk.internal.net.http.PlainHttpConnection$ConnectEvent.handle(Unknown Source) ~[java.net.http:na]
	at java.net.http/jdk.internal.net.http.HttpClientImpl$SelectorManager.handleEvent(Unknown Source) ~[java.net.http:na]
	at java.net.http/jdk.internal.net.http.HttpClientImpl$SelectorManager.lambda$run$3(Unknown Source) ~[java.net.http:na]
	at java.base/java.util.ArrayList.forEach(Unknown Source) ~[na:na]
	at java.net.http/jdk.internal.net.http.HttpClientImpl$SelectorManager.run(Unknown Source) ~[java.net.http:na]
	at java.base/java.lang.VirtualThread.run(Unknown Source) ~[na:na]

2026-08-15T13:04:24.953Z DEBUG 1 --- [orderservice] [_WorkerThread-1] [                                                 ] i.o.sdk.trace.export.BatchSpanProcessor  : Exporter failed
2026-08-15T13:04:25.004Z  INFO 1 --- [orderservice] [   scheduling-1] [4ccdbe86dfca1b08eb38989961414dbc-bfd8d580b33ffce8] c.j.s.o.jobs.OrderEventsPublishingJob    : Publishing Order Events at 2026-08-15T13:04:25.004177703Z
Hibernate: select oee1_0.id,oee1_0.created_at,oee1_0.event_id,oee1_0.event_type,oee1_0.order_number,oee1_0.payload,oee1_0.updated_at from order_events oee1_0 order by oee1_0.created_at
2026-08-15T13:04:25.009Z  INFO 1 --- [orderservice] [   scheduling-1] [4ccdbe86dfca1b08eb38989961414dbc-bfd8d580b33ffce8] c.j.s.o.domain.OrderEventService         : Found 0 Order Events to be published
2026-08-15T13:04:25.015Z DEBUG 1 --- [orderservice] [   scheduling-1] [                                                 ] io.opentelemetry.sdk.trace.SdkSpan       : Ignoring setStatus() description since status is not ERROR.
2026-08-15T13:04:29.964Z  WARN 1 --- [orderservice] [_WorkerThread-1] [                                                 ] i.o.exporter.zipkin.ZipkinSpanExporter   : Too many log messages detected. Will only log 1 time(s) per minute from now on.
2026-08-15T13:04:29.965Z  WARN 1 --- [orderservice] [_WorkerThread-1] [                                                 ] i.o.exporter.zipkin.ZipkinSpanExporter   : Failed to export spans

java.net.ConnectException: Connection refused
	at java.net.http/jdk.internal.net.http.HttpClientImpl.send(Unknown Source) ~[java.net.http:na]
	at java.net.http/jdk.internal.net.http.HttpClientFacade.send(Unknown Source) ~[java.net.http:na]
	at org.springframework.boot.zipkin.autoconfigure.ZipkinHttpClientSender.postSpans(ZipkinHttpClientSender.java:59) ~[spring-boot-zipkin-4.1.0.jar:4.1.0]
	at org.springframework.boot.zipkin.autoconfigure.HttpSender.postSpans(HttpSender.java:69) ~[spring-boot-zipkin-4.1.0.jar:4.1.0]
	at org.springframework.boot.zipkin.autoconfigure.HttpSender.postSpans(HttpSender.java:41) ~[spring-boot-zipkin-4.1.0.jar:4.1.0]
	at zipkin2.reporter.BaseHttpSender.send(BaseHttpSender.java:123) ~[zipkin-reporter-3.5.3.jar:na]
	at io.opentelemetry.exporter.zipkin.ZipkinSpanExporter.lambda$export$0(ZipkinSpanExporter.java:104) ~[opentelemetry-exporter-zipkin-1.62.0.jar:1.62.0]
	at io.opentelemetry.context.Context.lambda$wrap$1(Context.java:241) ~[opentelemetry-context-1.62.0.jar:1.62.0]
	at io.opentelemetry.api.internal.InstrumentationUtil.suppressInstrumentation(InstrumentationUtil.java:28) ~[opentelemetry-api-1.62.0.jar:1.62.0]
	at io.opentelemetry.exporter.zipkin.ZipkinSpanExporter.export(ZipkinSpanExporter.java:101) ~[opentelemetry-exporter-zipkin-1.62.0.jar:1.62.0]
	at io.micrometer.tracing.otel.bridge.CompositeSpanExporter.lambda$export$3(CompositeSpanExporter.java:90) ~[micrometer-tracing-bridge-otel-1.7.0.jar:1.7.0]
	at java.base/java.util.ImmutableCollections$List12.forEach(Unknown Source) ~[na:na]
	at io.micrometer.tracing.otel.bridge.CompositeSpanExporter.export(CompositeSpanExporter.java:90) ~[micrometer-tracing-bridge-otel-1.7.0.jar:1.7.0]
	at io.opentelemetry.sdk.trace.export.BatchSpanProcessor$Worker.exportCurrentBatch(BatchSpanProcessor.java:334) ~[opentelemetry-sdk-trace-1.62.0.jar:1.62.0]
	at io.opentelemetry.sdk.trace.export.BatchSpanProcessor$Worker.run(BatchSpanProcessor.java:235) ~[opentelemetry-sdk-trace-1.62.0.jar:1.62.0]
	at java.base/java.lang.Thread.run(Unknown Source) ~[na:na]
Caused by: java.net.ConnectException: Connection refused
	at java.base/sun.nio.ch.Net.pollConnect(Native Method) ~[na:na]
	at java.base/sun.nio.ch.Net.pollConnectNow(Unknown Source) ~[na:na]
	at java.base/sun.nio.ch.SocketChannelImpl.finishConnect(Unknown Source) ~[na:na]
	at java.net.http/jdk.internal.net.http.PlainHttpConnection$ConnectEvent.handle(Unknown Source) ~[java.net.http:na]
	at java.net.http/jdk.internal.net.http.HttpClientImpl$SelectorManager.handleEvent(Unknown Source) ~[java.net.http:na]
	at java.net.http/jdk.internal.net.http.HttpClientImpl$SelectorManager.lambda$run$3(Unknown Source) ~[java.net.http:na]
	at java.base/java.util.ArrayList.forEach(Unknown Source) ~[na:na]
	at java.net.http/jdk.internal.net.http.HttpClientImpl$SelectorManager.run(Unknown Source) ~[java.net.http:na]
	at java.base/java.lang.VirtualThread.run(Unknown Source) ~[na:na]

2026-08-15T13:04:29.967Z DEBUG 1 --- [orderservice] [_WorkerThread-1] [                                                 ] i.o.sdk.trace.export.BatchSpanProcessor  : Exporter failed
2026-08-15T13:04:30.048Z  INFO 1 --- [orderservice] [   scheduling-1] [b31e12f96bbce3f0efadf840bc23a358-8fe6f8a2062b5907] c.j.s.o.jobs.OrderProcessingJob          : Processing New Orders at 2026-08-15T13:04:30.048178269Z
Hibernate: select oe1_0.id,oe1_0.comments,oe1_0.created_at,oe1_0.customer_name,oe1_0.customer_email,oe1_0.customer_phone,oe1_0.delivery_address_line1,oe1_0.delivery_address_line2,oe1_0.delivery_address_city,oe1_0.delivery_address_state,oe1_0.delivery_address_zip_code,oe1_0.delivery_address_country,oe1_0.order_number,oe1_0.status,oe1_0.updated_at,oe1_0.username from orders oe1_0 where oe1_0.status=?
2026-08-15T13:04:30.057Z  INFO 1 --- [orderservice] [   scheduling-1] [b31e12f96bbce3f0efadf840bc23a358-8fe6f8a2062b5907] c.j.s.orderservice.domain.OrderService   : Found 0 new orders to process
2026-08-15T13:04:30.071Z DEBUG 1 --- [orderservice] [   scheduling-1] [                                                 ] io.opentelemetry.sdk.trace.SdkSpan       : Ignoring setStatus() description since status is not ERROR.
2026-08-15T13:04:30.083Z  INFO 1 --- [orderservice] [   scheduling-1] [5aced010e6efd6dfac02a2f84a2aaa45-97605f6d9bc43149] c.j.s.o.jobs.OrderEventsPublishingJob    : Publishing Order Events at 2026-08-15T13:04:30.083632439Z
Hibernate: select oee1_0.id,oee1_0.created_at,oee1_0.event_id,oee1_0.event_type,oee1_0.order_number,oee1_0.payload,oee1_0.updated_at from order_events oee1_0 order by oee1_0.created_at
2026-08-15T13:04:30.094Z  INFO 1 --- [orderservice] [   scheduling-1] [5aced010e6efd6dfac02a2f84a2aaa45-97605f6d9bc43149] c.j.s.o.domain.OrderEventService         : Found 0 Order Events to be published
2026-08-15T13:04:30.107Z DEBUG 1 --- [orderservice] [   scheduling-1] [                                                 ] io.opentelemetry.sdk.trace.SdkSpan       : Ignoring setStatus() description since status is not ERROR.
2026-08-15T13:04:34.978Z DEBUG 1 --- [orderservice] [_WorkerThread-1] [                                                 ] i.o.sdk.trace.export.BatchSpanProcessor  : Exporter failed
2026-08-15T13:04:35.051Z  INFO 1 --- [orderservice] [   scheduling-1] [588f9e40227c354c9578271c5d025163-a36da570cde73daa] c.j.s.o.jobs.OrderEventsPublishingJob    : Publishing Order Events at 2026-08-15T13:04:35.051021787Z
Hibernate: select oee1_0.id,oee1_0.created_at,oee1_0.event_id,oee1_0.event_type,oee1_0.order_number,oee1_0.payload,oee1_0.updated_at from order_events oee1_0 order by oee1_0.created_at
2026-08-15T13:04:35.061Z  INFO 1 --- [orderservice] [   scheduling-1] [588f9e40227c354c9578271c5d025163-a36da570cde73daa] c.j.s.o.domain.OrderEventService         : Found 0 Order Events to be published
2026-08-15T13:04:35.074Z DEBUG 1 --- [orderservice] [   scheduling-1] [                                                 ] io.opentelemetry.sdk.trace.SdkSpan       : Ignoring setStatus() description since status is not ERROR.
2026-08-15T13:04:39.992Z DEBUG 1 --- [orderservice] [_WorkerThread-1] [                                                 ] i.o.sdk.trace.export.BatchSpanProcessor  : Exporter failed
2026-08-15T13:04:40.045Z  INFO 1 --- [orderservice] [   scheduling-1] [1d8ed2ba1fe31ebe488fb10f6b023c99-f8c41ac3835944e0] c.j.s.o.jobs.OrderEventsPublishingJob    : Publishing Order Events at 2026-08-15T13:04:40.045350437Z
Hibernate: select oee1_0.id,oee1_0.created_at,oee1_0.event_id,oee1_0.event_type,oee1_0.order_number,oee1_0.payload,oee1_0.updated_at from order_events oee1_0 order by oee1_0.created_at
2026-08-15T13:04:40.061Z  INFO 1 --- [orderservice] [   scheduling-1] [1d8ed2ba1fe31ebe488fb10f6b023c99-f8c41ac3835944e0] c.j.s.o.domain.OrderEventService         : Found 0 Order Events to be published
2026-08-15T13:04:40.077Z DEBUG 1 --- [orderservice] [   scheduling-1] [                                                 ] io.opentelemetry.sdk.trace.SdkSpan       : Ignoring setStatus() description since status is not ERROR.
2026-08-15T13:04:40.087Z  INFO 1 --- [orderservice] [   scheduling-1] [e321f6bf6a1712b2d048244091ac16dc-52cc0d9ad6e93566] c.j.s.o.jobs.OrderProcessingJob          : Processing New Orders at 2026-08-15T13:04:40.087485170Z
Hibernate: select oe1_0.id,oe1_0.comments,oe1_0.created_at,oe1_0.customer_name,oe1_0.customer_email,oe1_0.customer_phone,oe1_0.delivery_address_line1,oe1_0.delivery_address_line2,oe1_0.delivery_address_city,oe1_0.delivery_address_state,oe1_0.delivery_address_zip_code,oe1_0.delivery_address_country,oe1_0.order_number,oe1_0.status,oe1_0.updated_at,oe1_0.username from orders oe1_0 where oe1_0.status=?
2026-08-15T13:04:40.092Z  INFO 1 --- [orderservice] [   scheduling-1] [e321f6bf6a1712b2d048244091ac16dc-52cc0d9ad6e93566] c.j.s.orderservice.domain.OrderService   : Found 0 new orders to process
2026-08-15T13:04:40.099Z DEBUG 1 --- [orderservice] [   scheduling-1] [                                                 ] io.opentelemetry.sdk.trace.SdkSpan       : Ignoring setStatus() description since status is not ERROR.
2026-08-15T13:04:45.008Z DEBUG 1 --- [orderservice] [_WorkerThread-1] [                                                 ] i.o.sdk.trace.export.BatchSpanProcessor  : Exporter failed
2026-08-15T13:04:45.052Z  INFO 1 --- [orderservice] [   scheduling-1] [6ddea9b92d119bc353142e6268713568-0ff42d39b3acc38c] c.j.s.o.jobs.OrderEventsPublishingJob    : Publishing Order Events at 2026-08-15T13:04:45.052882702Z
Hibernate: select oee1_0.id,oee1_0.created_at,oee1_0.event_id,oee1_0.event_type,oee1_0.order_number,oee1_0.payload,oee1_0.updated_at from order_events oee1_0 order by oee1_0.created_at
2026-08-15T13:04:45.063Z  INFO 1 --- [orderservice] [   scheduling-1] [6ddea9b92d119bc353142e6268713568-0ff42d39b3acc38c] c.j.s.o.domain.OrderEventService         : Found 0 Order Events to be published
2026-08-15T13:04:45.073Z DEBUG 1 --- [orderservice] [   scheduling-1] [                                                 ] io.opentelemetry.sdk.trace.SdkSpan       : Ignoring setStatus() description since status is not ERROR.
2026-08-15T13:04:50.018Z DEBUG 1 --- [orderservice] [_WorkerThread-1] [                                                 ] i.o.sdk.trace.export.BatchSpanProcessor  : Exporter failed
2026-08-15T13:04:50.051Z  INFO 1 --- [orderservice] [   scheduling-1] [773cbd9ca84446327ee4fa2f92e07c47-bea0946bd5da67ab] c.j.s.o.jobs.OrderProcessingJob          : Processing New Orders at 2026-08-15T13:04:50.051642357Z
Hibernate: select oe1_0.id,oe1_0.comments,oe1_0.created_at,oe1_0.customer_name,oe1_0.customer_email,oe1_0.customer_phone,oe1_0.delivery_address_line1,oe1_0.delivery_address_line2,oe1_0.delivery_address_city,oe1_0.delivery_address_state,oe1_0.delivery_address_zip_code,oe1_0.delivery_address_country,oe1_0.order_number,oe1_0.status,oe1_0.updated_at,oe1_0.username from orders oe1_0 where oe1_0.status=?
2026-08-15T13:04:50.059Z  INFO 1 --- [orderservice] [   scheduling-1] [773cbd9ca84446327ee4fa2f92e07c47-bea0946bd5da67ab] c.j.s.orderservice.domain.OrderService   : Found 0 new orders to process
2026-08-15T13:04:50.071Z DEBUG 1 --- [orderservice] [   scheduling-1] [                                                 ] io.opentelemetry.sdk.trace.SdkSpan       : Ignoring setStatus() description since status is not ERROR.
2026-08-15T13:04:50.082Z  INFO 1 --- [orderservice] [   scheduling-1] [11ece0818431a33247151e64cf157950-1f5ea3e5a0e3da22] c.j.s.o.jobs.OrderEventsPublishingJob    : Publishing Order Events at 2026-08-15T13:04:50.082607776Z
Hibernate: select oee1_0.id,oee1_0.created_at,oee1_0.event_id,oee1_0.event_type,oee1_0.order_number,oee1_0.payload,oee1_0.updated_at from order_events oee1_0 order by oee1_0.created_at
2026-08-15T13:04:50.094Z  INFO 1 --- [orderservice] [   scheduling-1] [11ece0818431a33247151e64cf157950-1f5ea3e5a0e3da22] c.j.s.o.domain.OrderEventService         : Found 0 Order Events to be published
2026-08-15T13:04:50.107Z DEBUG 1 --- [orderservice] [   scheduling-1] [                                                 ] io.opentelemetry.sdk.trace.SdkSpan       : Ignoring setStatus() description since status is not ERROR.
2026-08-15T13:04:55.381Z  INFO 1 --- [orderservice] [   scheduling-1] [121be931dfe7d8e54e85d872d4cc4418-27bd14d2a859fb46] c.j.s.o.jobs.OrderEventsPublishingJob    : Publishing Order Events at 2026-08-15T13:04:55.381405333Z
2026-08-15T13:04:55.384Z DEBUG 1 --- [orderservice] [_WorkerThread-1] [                                                 ] i.o.sdk.trace.export.BatchSpanProcessor  : Exporter failed
Hibernate: select oee1_0.id,oee1_0.created_at,oee1_0.event_id,oee1_0.event_type,oee1_0.order_number,oee1_0.payload,oee1_0.updated_at from order_events oee1_0 order by oee1_0.created_at
2026-08-15T13:04:55.386Z  INFO 1 --- [orderservice] [   scheduling-1] [121be931dfe7d8e54e85d872d4cc4418-27bd14d2a859fb46] c.j.s.o.domain.OrderEventService         : Found 0 Order Events to be published
2026-08-15T13:04:55.393Z DEBUG 1 --- [orderservice] [   scheduling-1] [                                                 ] io.opentelemetry.sdk.trace.SdkSpan       : Ignoring setStatus() description since status is not ERROR.
2026-08-15T13:05:00.015Z  INFO 1 --- [orderservice] [   scheduling-1] [46f351a0496135a62ea48b30f8d8c250-3e83c38d92d17e9e] c.j.s.o.jobs.OrderProcessingJob          : Processing New Orders at 2026-08-15T13:05:00.015295572Z
Hibernate: select oe1_0.id,oe1_0.comments,oe1_0.created_at,oe1_0.customer_name,oe1_0.customer_email,oe1_0.customer_phone,oe1_0.delivery_address_line1,oe1_0.delivery_address_line2,oe1_0.delivery_address_city,oe1_0.delivery_address_state,oe1_0.delivery_address_zip_code,oe1_0.delivery_address_country,oe1_0.order_number,oe1_0.status,oe1_0.updated_at,oe1_0.username from orders oe1_0 where oe1_0.status=?
2026-08-15T13:05:00.020Z  INFO 1 --- [orderservice] [   scheduling-1] [46f351a0496135a62ea48b30f8d8c250-3e83c38d92d17e9e] c.j.s.orderservice.domain.OrderService   : Found 0 new orders to process
2026-08-15T13:05:00.028Z DEBUG 1 --- [orderservice] [   scheduling-1] [                                                 ] io.opentelemetry.sdk.trace.SdkSpan       : Ignoring setStatus() description since status is not ERROR.
2026-08-15T13:05:00.038Z  INFO 1 --- [orderservice] [   scheduling-1] [05e71e9916b4a883bda1860433cb1aa5-33e8e3e6c1289248] c.j.s.o.jobs.OrderEventsPublishingJob    : Publishing Order Events at 2026-08-15T13:05:00.038224284Z
Hibernate: select oee1_0.id,oee1_0.created_at,oee1_0.event_id,oee1_0.event_type,oee1_0.order_number,oee1_0.payload,oee1_0.updated_at from order_events oee1_0 order by oee1_0.created_at
2026-08-15T13:05:00.042Z  INFO 1 --- [orderservice] [   scheduling-1] [05e71e9916b4a883bda1860433cb1aa5-33e8e3e6c1289248] c.j.s.o.domain.OrderEventService         : Found 0 Order Events to be published
2026-08-15T13:05:00.050Z DEBUG 1 --- [orderservice] [   scheduling-1] [                                                 ] io.opentelemetry.sdk.trace.SdkSpan       : Ignoring setStatus() description since status is not ERROR.
2026-08-15T13:05:00.389Z DEBUG 1 --- [orderservice] [_WorkerThread-1] [                                                 ] i.o.sdk.trace.export.BatchSpanProcessor  : Exporter failed
2026-08-15T13:05:05.055Z  INFO 1 --- [orderservice] [   scheduling-1] [93a71f01fbd209f467574c44ac65eea5-36bb5f85add3db91] c.j.s.o.jobs.OrderEventsPublishingJob    : Publishing Order Events at 2026-08-15T13:05:05.055878574Z
Hibernate: select oee1_0.id,oee1_0.created_at,oee1_0.event_id,oee1_0.event_type,oee1_0.order_number,oee1_0.payload,oee1_0.updated_at from order_events oee1_0 order by oee1_0.created_at
2026-08-15T13:05:05.078Z  INFO 1 --- [orderservice] [   scheduling-1] [93a71f01fbd209f467574c44ac65eea5-36bb5f85add3db91] c.j.s.o.domain.OrderEventService         : Found 0 Order Events to be published
2026-08-15T13:05:05.094Z DEBUG 1 --- [orderservice] [   scheduling-1] [                                                 ] io.opentelemetry.sdk.trace.SdkSpan       : Ignoring setStatus() description since status is not ERROR.
2026-08-15T13:05:05.402Z DEBUG 1 --- [orderservice] [_WorkerThread-1] [                                                 ] i.o.sdk.trace.export.BatchSpanProcessor  : Exporter failed
2026-08-15T13:05:10.026Z  INFO 1 --- [orderservice] [   scheduling-1] [8f5200b0070909eb57c171e66f5d3632-4309f08e697437de] c.j.s.o.jobs.OrderProcessingJob          : Processing New Orders at 2026-08-15T13:05:10.026257916Z
Hibernate: select oe1_0.id,oe1_0.comments,oe1_0.created_at,oe1_0.customer_name,oe1_0.customer_email,oe1_0.customer_phone,oe1_0.delivery_address_line1,oe1_0.delivery_address_line2,oe1_0.delivery_address_city,oe1_0.delivery_address_state,oe1_0.delivery_address_zip_code,oe1_0.delivery_address_country,oe1_0.order_number,oe1_0.status,oe1_0.updated_at,oe1_0.username from orders oe1_0 where oe1_0.status=?
2026-08-15T13:05:10.035Z  INFO 1 --- [orderservice] [   scheduling-1] [8f5200b0070909eb57c171e66f5d3632-4309f08e697437de] c.j.s.orderservice.domain.OrderService   : Found 0 new orders to process
2026-08-15T13:05:10.049Z DEBUG 1 --- [orderservice] [   scheduling-1] [                                                 ] io.opentelemetry.sdk.trace.SdkSpan       : Ignoring setStatus() description since status is not ERROR.
2026-08-15T13:05:10.061Z  INFO 1 --- [orderservice] [   scheduling-1] [a977415b54d68274142e1b916bde7acd-74048fcd7fd6ff3f] c.j.s.o.jobs.OrderEventsPublishingJob    : Publishing Order Events at 2026-08-15T13:05:10.061191056Z
Hibernate: select oee1_0.id,oee1_0.created_at,oee1_0.event_id,oee1_0.event_type,oee1_0.order_number,oee1_0.payload,oee1_0.updated_at from order_events oee1_0 order by oee1_0.created_at
2026-08-15T13:05:10.073Z  INFO 1 --- [orderservice] [   scheduling-1] [a977415b54d68274142e1b916bde7acd-74048fcd7fd6ff3f] c.j.s.o.domain.OrderEventService         : Found 0 Order Events to be published
2026-08-15T13:05:10.085Z DEBUG 1 --- [orderservice] [   scheduling-1] [                                                 ] io.opentelemetry.sdk.trace.SdkSpan       : Ignoring setStatus() description since status is not ERROR.
2026-08-15T13:05:10.415Z DEBUG 1 --- [orderservice] [_WorkerThread-1] [                                                 ] i.o.sdk.trace.export.BatchSpanProcessor  : Exporter failed
2026-08-15T13:05:15.021Z  INFO 1 --- [orderservice] [   scheduling-1] [05b09afe68a355bceae7b6a3cd560648-c490ba916495b5f6] c.j.s.o.jobs.OrderEventsPublishingJob    : Publishing Order Events at 2026-08-15T13:05:15.021578865Z
Hibernate: select oee1_0.id,oee1_0.created_at,oee1_0.event_id,oee1_0.event_type,oee1_0.order_number,oee1_0.payload,oee1_0.updated_at from order_events oee1_0 order by oee1_0.created_at
2026-08-15T13:05:15.029Z  INFO 1 --- [orderservice] [   scheduling-1] [05b09afe68a355bceae7b6a3cd560648-c490ba916495b5f6] c.j.s.o.domain.OrderEventService         : Found 0 Order Events to be published
2026-08-15T13:05:15.046Z DEBUG 1 --- [orderservice] [   scheduling-1] [                                                 ] io.opentelemetry.sdk.trace.SdkSpan       : Ignoring setStatus() description since status is not ERROR.
2026-08-15T13:05:15.423Z DEBUG 1 --- [orderservice] [_WorkerThread-1] [                                                 ] i.o.sdk.trace.export.BatchSpanProcessor  : Exporter failed
2026-08-15T13:05:20.048Z  INFO 1 --- [orderservice] [   scheduling-1] [32cd9a5ef82624d2e9ac96663845a6ce-9103f5610fd94957] c.j.s.o.jobs.OrderEventsPublishingJob    : Publishing Order Events at 2026-08-15T13:05:20.048094540Z
Hibernate: select oee1_0.id,oee1_0.created_at,oee1_0.event_id,oee1_0.event_type,oee1_0.order_number,oee1_0.payload,oee1_0.updated_at from order_events oee1_0 order by oee1_0.created_at
2026-08-15T13:05:20.056Z  INFO 1 --- [orderservice] [   scheduling-1] [32cd9a5ef82624d2e9ac96663845a6ce-9103f5610fd94957] c.j.s.o.domain.OrderEventService         : Found 0 Order Events to be published
2026-08-15T13:05:20.070Z DEBUG 1 --- [orderservice] [   scheduling-1] [                                                 ] io.opentelemetry.sdk.trace.SdkSpan       : Ignoring setStatus() description since status is not ERROR.
2026-08-15T13:05:20.079Z  INFO 1 --- [orderservice] [   scheduling-1] [07d35312d6ad078832dd20b7b26e7c5f-00ab890166d98003] c.j.s.o.jobs.OrderProcessingJob          : Processing New Orders at 2026-08-15T13:05:20.079846996Z
Hibernate: select oe1_0.id,oe1_0.comments,oe1_0.created_at,oe1_0.customer_name,oe1_0.customer_email,oe1_0.customer_phone,oe1_0.delivery_address_line1,oe1_0.delivery_address_line2,oe1_0.delivery_address_city,oe1_0.delivery_address_state,oe1_0.delivery_address_zip_code,oe1_0.delivery_address_country,oe1_0.order_number,oe1_0.status,oe1_0.updated_at,oe1_0.username from orders oe1_0 where oe1_0.status=?
2026-08-15T13:05:20.086Z  INFO 1 --- [orderservice] [   scheduling-1] [07d35312d6ad078832dd20b7b26e7c5f-00ab890166d98003] c.j.s.orderservice.domain.OrderService   : Found 0 new orders to process
2026-08-15T13:05:20.101Z DEBUG 1 --- [orderservice] [   scheduling-1] [                                                 ] io.opentelemetry.sdk.trace.SdkSpan       : Ignoring setStatus() description since status is not ERROR.
2026-08-15T13:05:20.438Z DEBUG 1 --- [orderservice] [_WorkerThread-1] [                                                 ] i.o.sdk.trace.export.BatchSpanProcessor  : Exporter failed
2026-08-15T13:05:24.288Z  INFO 1 --- [orderservice] [nio-8082-exec-1] [                                                 ] o.a.c.c.C.[Tomcat].[localhost].[/]       : Initializing Spring DispatcherServlet 'dispatcherServlet'
2026-08-15T13:05:24.291Z  INFO 1 --- [orderservice] [nio-8082-exec-1] [                                                 ] o.s.web.servlet.DispatcherServlet        : Initializing Servlet 'dispatcherServlet'
2026-08-15T13:05:24.304Z  INFO 1 --- [orderservice] [nio-8082-exec-1] [                                                 ] o.s.web.servlet.DispatcherServlet        : Completed initialization in 11 ms
2026-08-15T13:05:24.344Z DEBUG 1 --- [orderservice] [nio-8082-exec-1] [                                                 ] t.p.B3PropagatorExtractorMultipleHeaders : Invalid TraceId in B3 header: null'. Returning INVALID span context.
2026-08-15T13:05:24.345Z DEBUG 1 --- [orderservice] [nio-8082-exec-1] [                                                 ] t.p.B3PropagatorExtractorMultipleHeaders : Invalid TraceId in B3 header: null'. Returning INVALID span context.
2026-08-15T13:05:24.922Z DEBUG 1 --- [orderservice] [nio-8082-exec-1] [676217bf4c0c07368b4687789fd57dfe-f0e3d25a93cafc0e] io.opentelemetry.sdk.trace.SdkSpan       : Ignoring setStatus() description since status is not ERROR.
2026-08-15T13:05:24.930Z DEBUG 1 --- [orderservice] [nio-8082-exec-1] [676217bf4c0c07368b4687789fd57dfe-316bb8b8eb70ef2d] io.opentelemetry.sdk.trace.SdkSpan       : Ignoring setStatus() description since status is not ERROR.
2026-08-15T13:05:25.329Z  INFO 1 --- [orderservice] [   scheduling-1] [3c6182f879dfdadc5fe2df7b2abb4fc8-2a3efa7783ac369f] c.j.s.o.jobs.OrderEventsPublishingJob    : Publishing Order Events at 2026-08-15T13:05:25.329394405Z
Hibernate: select oee1_0.id,oee1_0.created_at,oee1_0.event_id,oee1_0.event_type,oee1_0.order_number,oee1_0.payload,oee1_0.updated_at from order_events oee1_0 order by oee1_0.created_at
2026-08-15T13:05:25.345Z  INFO 1 --- [orderservice] [   scheduling-1] [3c6182f879dfdadc5fe2df7b2abb4fc8-2a3efa7783ac369f] c.j.s.o.domain.OrderEventService         : Found 0 Order Events to be published
2026-08-15T13:05:25.361Z DEBUG 1 --- [orderservice] [   scheduling-1] [                                                 ] io.opentelemetry.sdk.trace.SdkSpan       : Ignoring setStatus() description since status is not ERROR.
2026-08-15T13:05:26.236Z DEBUG 1 --- [orderservice] [_WorkerThread-1] [                                                 ] i.o.sdk.trace.export.BatchSpanProcessor  : Exporter failed
2026-08-15T13:05:26.656Z DEBUG 1 --- [orderservice] [nio-8082-exec-1] [676217bf4c0c07368b4687789fd57dfe-316bb8b8eb70ef2d] io.opentelemetry.sdk.trace.SdkSpan       : Ignoring setStatus() description since status is not ERROR.
2026-08-15T13:05:26.661Z DEBUG 1 --- [orderservice] [nio-8082-exec-1] [676217bf4c0c07368b4687789fd57dfe-316bb8b8eb70ef2d] io.opentelemetry.sdk.trace.SdkSpan       : Ignoring setStatus() description since status is not ERROR.
2026-08-15T13:05:28.296Z DEBUG 1 --- [orderservice] [nio-8082-exec-2] [                                                 ] t.p.B3PropagatorExtractorMultipleHeaders : Invalid TraceId in B3 header: null'. Returning INVALID span context.
2026-08-15T13:05:28.297Z DEBUG 1 --- [orderservice] [nio-8082-exec-2] [                                                 ] t.p.B3PropagatorExtractorMultipleHeaders : Invalid TraceId in B3 header: null'. Returning INVALID span context.
2026-08-15T13:05:28.305Z DEBUG 1 --- [orderservice] [nio-8082-exec-2] [6d50343bf488db386ec4e4f4133ba0a8-eb546279b71e119f] io.opentelemetry.sdk.trace.SdkSpan       : Ignoring setStatus() description since status is not ERROR.
2026-08-15T13:05:28.307Z DEBUG 1 --- [orderservice] [nio-8082-exec-2] [6d50343bf488db386ec4e4f4133ba0a8-6226ab0b1c055020] io.opentelemetry.sdk.trace.SdkSpan       : Ignoring setStatus() description since status is not ERROR.
2026-08-15T13:05:28.378Z DEBUG 1 --- [orderservice] [nio-8082-exec-2] [6d50343bf488db386ec4e4f4133ba0a8-6226ab0b1c055020] io.opentelemetry.sdk.trace.SdkSpan       : Ignoring setStatus() description since status is not ERROR.
2026-08-15T13:05:28.383Z DEBUG 1 --- [orderservice] [nio-8082-exec-2] [6d50343bf488db386ec4e4f4133ba0a8-6226ab0b1c055020] io.opentelemetry.sdk.trace.SdkSpan       : Ignoring setStatus() description since status is not ERROR.
2026-08-15T13:05:30.052Z  INFO 1 --- [orderservice] [   scheduling-1] [aee4958132d0b73ab369cd452d597c0a-336e4cb3d48d2416] c.j.s.o.jobs.OrderProcessingJob          : Processing New Orders at 2026-08-15T13:05:30.052876677Z
Hibernate: select oe1_0.id,oe1_0.comments,oe1_0.created_at,oe1_0.customer_name,oe1_0.customer_email,oe1_0.customer_phone,oe1_0.delivery_address_line1,oe1_0.delivery_address_line2,oe1_0.delivery_address_city,oe1_0.delivery_address_state,oe1_0.delivery_address_zip_code,oe1_0.delivery_address_country,oe1_0.order_number,oe1_0.status,oe1_0.updated_at,oe1_0.username from orders oe1_0 where oe1_0.status=?
2026-08-15T13:05:30.064Z  INFO 1 --- [orderservice] [   scheduling-1] [aee4958132d0b73ab369cd452d597c0a-336e4cb3d48d2416] c.j.s.orderservice.domain.OrderService   : Found 0 new orders to process
2026-08-15T13:05:30.087Z DEBUG 1 --- [orderservice] [   scheduling-1] [                                                 ] io.opentelemetry.sdk.trace.SdkSpan       : Ignoring setStatus() description since status is not ERROR.
2026-08-15T13:05:30.109Z  INFO 1 --- [orderservice] [   scheduling-1] [da02bc221f830dae498cd431cddf8ba7-ca7658f1158a642e] c.j.s.o.jobs.OrderEventsPublishingJob    : Publishing Order Events at 2026-08-15T13:05:30.109424239Z
Hibernate: select oee1_0.id,oee1_0.created_at,oee1_0.event_id,oee1_0.event_type,oee1_0.order_number,oee1_0.payload,oee1_0.updated_at from order_events oee1_0 order by oee1_0.created_at
2026-08-15T13:05:30.126Z  INFO 1 --- [orderservice] [   scheduling-1] [da02bc221f830dae498cd431cddf8ba7-ca7658f1158a642e] c.j.s.o.domain.OrderEventService         : Found 0 Order Events to be published
2026-08-15T13:05:30.148Z DEBUG 1 --- [orderservice] [   scheduling-1] [                                                 ] io.opentelemetry.sdk.trace.SdkSpan       : Ignoring setStatus() description since status is not ERROR.
2026-08-15T13:05:31.259Z  WARN 1 --- [orderservice] [_WorkerThread-1] [                                                 ] i.o.exporter.zipkin.ZipkinSpanExporter   : Failed to export spans

java.net.ConnectException: Connection refused
	at java.net.http/jdk.internal.net.http.HttpClientImpl.send(Unknown Source) ~[java.net.http:na]
	at java.net.http/jdk.internal.net.http.HttpClientFacade.send(Unknown Source) ~[java.net.http:na]
	at org.springframework.boot.zipkin.autoconfigure.ZipkinHttpClientSender.postSpans(ZipkinHttpClientSender.java:59) ~[spring-boot-zipkin-4.1.0.jar:4.1.0]
	at org.springframework.boot.zipkin.autoconfigure.HttpSender.postSpans(HttpSender.java:69) ~[spring-boot-zipkin-4.1.0.jar:4.1.0]
	at org.springframework.boot.zipkin.autoconfigure.HttpSender.postSpans(HttpSender.java:41) ~[spring-boot-zipkin-4.1.0.jar:4.1.0]
	at zipkin2.reporter.BaseHttpSender.send(BaseHttpSender.java:123) ~[zipkin-reporter-3.5.3.jar:na]
	at io.opentelemetry.exporter.zipkin.ZipkinSpanExporter.lambda$export$0(ZipkinSpanExporter.java:104) ~[opentelemetry-exporter-zipkin-1.62.0.jar:1.62.0]
	at io.opentelemetry.context.Context.lambda$wrap$1(Context.java:241) ~[opentelemetry-context-1.62.0.jar:1.62.0]
	at io.opentelemetry.api.internal.InstrumentationUtil.suppressInstrumentation(InstrumentationUtil.java:28) ~[opentelemetry-api-1.62.0.jar:1.62.0]
	at io.opentelemetry.exporter.zipkin.ZipkinSpanExporter.export(ZipkinSpanExporter.java:101) ~[opentelemetry-exporter-zipkin-1.62.0.jar:1.62.0]
	at io.micrometer.tracing.otel.bridge.CompositeSpanExporter.lambda$export$3(CompositeSpanExporter.java:90) ~[micrometer-tracing-bridge-otel-1.7.0.jar:1.7.0]
	at java.base/java.util.ImmutableCollections$List12.forEach(Unknown Source) ~[na:na]
	at io.micrometer.tracing.otel.bridge.CompositeSpanExporter.export(CompositeSpanExporter.java:90) ~[micrometer-tracing-bridge-otel-1.7.0.jar:1.7.0]
	at io.opentelemetry.sdk.trace.export.BatchSpanProcessor$Worker.exportCurrentBatch(BatchSpanProcessor.java:334) ~[opentelemetry-sdk-trace-1.62.0.jar:1.62.0]
	at io.opentelemetry.sdk.trace.export.BatchSpanProcessor$Worker.run(BatchSpanProcessor.java:235) ~[opentelemetry-sdk-trace-1.62.0.jar:1.62.0]
	at java.base/java.lang.Thread.run(Unknown Source) ~[na:na]
Caused by: java.net.ConnectException: Connection refused
	at java.base/sun.nio.ch.Net.pollConnect(Native Method) ~[na:na]
	at java.base/sun.nio.ch.Net.pollConnectNow(Unknown Source) ~[na:na]
	at java.base/sun.nio.ch.SocketChannelImpl.finishConnect(Unknown Source) ~[na:na]
	at java.net.http/jdk.internal.net.http.PlainHttpConnection$ConnectEvent.handle(Unknown Source) ~[java.net.http:na]
	at java.net.http/jdk.internal.net.http.HttpClientImpl$SelectorManager.handleEvent(Unknown Source) ~[java.net.http:na]
	at java.net.http/jdk.internal.net.http.HttpClientImpl$SelectorManager.lambda$run$3(Unknown Source) ~[java.net.http:na]
	at java.base/java.util.ArrayList.forEach(Unknown Source) ~[na:na]
	at java.net.http/jdk.internal.net.http.HttpClientImpl$SelectorManager.run(Unknown Source) ~[java.net.http:na]
	at java.base/java.lang.VirtualThread.run(Unknown Source) ~[na:na]

2026-08-15T13:05:31.262Z DEBUG 1 --- [orderservice] [_WorkerThread-1] [                                                 ] i.o.sdk.trace.export.BatchSpanProcessor  : Exporter failed
2026-08-15T13:05:33.296Z DEBUG 1 --- [orderservice] [nio-8082-exec-3] [                                                 ] t.p.B3PropagatorExtractorMultipleHeaders : Invalid TraceId in B3 header: null'. Returning INVALID span context.
2026-08-15T13:05:33.297Z DEBUG 1 --- [orderservice] [nio-8082-exec-3] [                                                 ] t.p.B3PropagatorExtractorMultipleHeaders : Invalid TraceId in B3 header: null'. Returning INVALID span context.
2026-08-15T13:05:33.310Z DEBUG 1 --- [orderservice] [nio-8082-exec-3] [3893c696f9ba4d62b00163b792d88c7c-b9082f527757b27d] io.opentelemetry.sdk.trace.SdkSpan       : Ignoring setStatus() description since status is not ERROR.
2026-08-15T13:05:33.313Z DEBUG 1 --- [orderservice] [nio-8082-exec-3] [3893c696f9ba4d62b00163b792d88c7c-4a6f1e73a8a2e14a] io.opentelemetry.sdk.trace.SdkSpan       : Ignoring setStatus() description since status is not ERROR.
2026-08-15T13:05:33.356Z DEBUG 1 --- [orderservice] [nio-8082-exec-3] [3893c696f9ba4d62b00163b792d88c7c-4a6f1e73a8a2e14a] io.opentelemetry.sdk.trace.SdkSpan       : Ignoring setStatus() description since status is not ERROR.
2026-08-15T13:05:33.358Z DEBUG 1 --- [orderservice] [nio-8082-exec-3] [3893c696f9ba4d62b00163b792d88c7c-4a6f1e73a8a2e14a] io.opentelemetry.sdk.trace.SdkSpan       : Ignoring setStatus() description since status is not ERROR.
2026-08-15T13:05:35.053Z  INFO 1 --- [orderservice] [   scheduling-1] [4271dd9c6e19d5fc61063a84bcec94e3-1a4a4a5a137341bb] c.j.s.o.jobs.OrderEventsPublishingJob    : Publishing Order Events at 2026-08-15T13:05:35.053199898Z
Hibernate: select oee1_0.id,oee1_0.created_at,oee1_0.event_id,oee1_0.event_type,oee1_0.order_number,oee1_0.payload,oee1_0.updated_at from order_events oee1_0 order by oee1_0.created_at
2026-08-15T13:05:35.065Z  INFO 1 --- [orderservice] [   scheduling-1] [4271dd9c6e19d5fc61063a84bcec94e3-1a4a4a5a137341bb] c.j.s.o.domain.OrderEventService         : Found 0 Order Events to be published
2026-08-15T13:05:35.084Z DEBUG 1 --- [orderservice] [   scheduling-1] [                                                 ] io.opentelemetry.sdk.trace.SdkSpan       : Ignoring setStatus() description since status is not ERROR.
2026-08-15T13:05:36.278Z DEBUG 1 --- [orderservice] [_WorkerThread-1] [                                                 ] i.o.sdk.trace.export.BatchSpanProcessor  : Exporter failed
2026-08-15T13:05:38.294Z DEBUG 1 --- [orderservice] [nio-8082-exec-4] [                                                 ] t.p.B3PropagatorExtractorMultipleHeaders : Invalid TraceId in B3 header: null'. Returning INVALID span context.
2026-08-15T13:05:38.295Z DEBUG 1 --- [orderservice] [nio-8082-exec-4] [                                                 ] t.p.B3PropagatorExtractorMultipleHeaders : Invalid TraceId in B3 header: null'. Returning INVALID span context.
2026-08-15T13:05:38.302Z DEBUG 1 --- [orderservice] [nio-8082-exec-4] [dd0970aa9696cf29e4f5c73f2958b624-34b617ff88efad0a] io.opentelemetry.sdk.trace.SdkSpan       : Ignoring setStatus() description since status is not ERROR.
2026-08-15T13:05:38.304Z DEBUG 1 --- [orderservice] [nio-8082-exec-4] [dd0970aa9696cf29e4f5c73f2958b624-843fb8fc3a6e0289] io.opentelemetry.sdk.trace.SdkSpan       : Ignoring setStatus() description since status is not ERROR.
2026-08-15T13:05:38.330Z DEBUG 1 --- [orderservice] [nio-8082-exec-4] [dd0970aa9696cf29e4f5c73f2958b624-843fb8fc3a6e0289] io.opentelemetry.sdk.trace.SdkSpan       : Ignoring setStatus() description since status is not ERROR.
2026-08-15T13:05:38.333Z DEBUG 1 --- [orderservice] [nio-8082-exec-4] [dd0970aa9696cf29e4f5c73f2958b624-843fb8fc3a6e0289] io.opentelemetry.sdk.trace.SdkSpan       : Ignoring setStatus() description since status is not ERROR.
2026-08-15T13:05:40.056Z  INFO 1 --- [orderservice] [   scheduling-1] [4e1be072c3b198be56cb75d1c50e53cd-9022632cf3f9a9bf] c.j.s.o.jobs.OrderEventsPublishingJob    : Publishing Order Events at 2026-08-15T13:05:40.056658555Z
Hibernate: select oee1_0.id,oee1_0.created_at,oee1_0.event_id,oee1_0.event_type,oee1_0.order_number,oee1_0.payload,oee1_0.updated_at from order_events oee1_0 order by oee1_0.created_at
2026-08-15T13:05:40.068Z  INFO 1 --- [orderservice] [   scheduling-1] [4e1be072c3b198be56cb75d1c50e53cd-9022632cf3f9a9bf] c.j.s.o.domain.OrderEventService         : Found 0 Order Events to be published
2026-08-15T13:05:40.086Z DEBUG 1 --- [orderservice] [   scheduling-1] [                                                 ] io.opentelemetry.sdk.trace.SdkSpan       : Ignoring setStatus() description since status is not ERROR.
2026-08-15T13:05:40.099Z  INFO 1 --- [orderservice] [   scheduling-1] [d759b1d3f16c4d2c065721ac333b8e13-86667144e1341c79] c.j.s.o.jobs.OrderProcessingJob          : Processing New Orders at 2026-08-15T13:05:40.099604733Z
Hibernate: select oe1_0.id,oe1_0.comments,oe1_0.created_at,oe1_0.customer_name,oe1_0.customer_email,oe1_0.customer_phone,oe1_0.delivery_address_line1,oe1_0.delivery_address_line2,oe1_0.delivery_address_city,oe1_0.delivery_address_state,oe1_0.delivery_address_zip_code,oe1_0.delivery_address_country,oe1_0.order_number,oe1_0.status,oe1_0.updated_at,oe1_0.username from orders oe1_0 where oe1_0.status=?
2026-08-15T13:05:40.107Z  INFO 1 --- [orderservice] [   scheduling-1] [d759b1d3f16c4d2c065721ac333b8e13-86667144e1341c79] c.j.s.orderservice.domain.OrderService   : Found 0 new orders to process
2026-08-15T13:05:40.122Z DEBUG 1 --- [orderservice] [   scheduling-1] [                                                 ] io.opentelemetry.sdk.trace.SdkSpan       : Ignoring setStatus() description since status is not ERROR.
2026-08-15T13:05:41.288Z DEBUG 1 --- [orderservice] [_WorkerThread-1] [                                                 ] i.o.sdk.trace.export.BatchSpanProcessor  : Exporter failed
2026-08-15T13:05:43.353Z DEBUG 1 --- [orderservice] [nio-8082-exec-6] [                                                 ] t.p.B3PropagatorExtractorMultipleHeaders : Invalid TraceId in B3 header: null'. Returning INVALID span context.
2026-08-15T13:05:43.354Z DEBUG 1 --- [orderservice] [nio-8082-exec-6] [                                                 ] t.p.B3PropagatorExtractorMultipleHeaders : Invalid TraceId in B3 header: null'. Returning INVALID span context.
2026-08-15T13:05:43.359Z DEBUG 1 --- [orderservice] [nio-8082-exec-6] [61118f8829b949d5a72141503c49f42a-ee2ad805b8f623d9] io.opentelemetry.sdk.trace.SdkSpan       : Ignoring setStatus() description since status is not ERROR.
2026-08-15T13:05:43.361Z DEBUG 1 --- [orderservice] [nio-8082-exec-6] [61118f8829b949d5a72141503c49f42a-17149500cf9e9794] io.opentelemetry.sdk.trace.SdkSpan       : Ignoring setStatus() description since status is not ERROR.
2026-08-15T13:05:43.385Z DEBUG 1 --- [orderservice] [nio-8082-exec-6] [61118f8829b949d5a72141503c49f42a-17149500cf9e9794] io.opentelemetry.sdk.trace.SdkSpan       : Ignoring setStatus() description since status is not ERROR.
2026-08-15T13:05:43.386Z DEBUG 1 --- [orderservice] [nio-8082-exec-6] [61118f8829b949d5a72141503c49f42a-17149500cf9e9794] io.opentelemetry.sdk.trace.SdkSpan       : Ignoring setStatus() description since status is not ERROR.
2026-08-15T13:05:45.013Z DEBUG 1 --- [orderservice] [nio-8082-exec-5] [27580e36ef804cb76ec0048c42063e10-a498e11fcb593b62] io.opentelemetry.sdk.trace.SdkSpan       : Ignoring setStatus() description since status is not ERROR.
2026-08-15T13:05:45.193Z DEBUG 1 --- [orderservice] [nio-8082-exec-5] [27580e36ef804cb76ec0048c42063e10-a498e11fcb593b62] io.opentelemetry.sdk.trace.SdkSpan       : Ignoring setStatus() description since status is not ERROR.
2026-08-15T13:05:45.194Z DEBUG 1 --- [orderservice] [nio-8082-exec-5] [27580e36ef804cb76ec0048c42063e10-e6b158fc20581552] io.opentelemetry.sdk.trace.SdkSpan       : Ignoring setStatus() description since status is not ERROR.
2026-08-15T13:05:45.235Z  INFO 1 --- [orderservice] [   scheduling-1] [255489c8cb6a1ad766eb2280e9050f7b-b8369485c949ce9d] c.j.s.o.jobs.OrderEventsPublishingJob    : Publishing Order Events at 2026-08-15T13:05:45.235242574Z
Hibernate: select oee1_0.id,oee1_0.created_at,oee1_0.event_id,oee1_0.event_type,oee1_0.order_number,oee1_0.payload,oee1_0.updated_at from order_events oee1_0 order by oee1_0.created_at
2026-08-15T13:05:45.241Z  INFO 1 --- [orderservice] [   scheduling-1] [255489c8cb6a1ad766eb2280e9050f7b-b8369485c949ce9d] c.j.s.o.domain.OrderEventService         : Found 0 Order Events to be published
2026-08-15T13:05:45.251Z DEBUG 1 --- [orderservice] [   scheduling-1] [                                                 ] io.opentelemetry.sdk.trace.SdkSpan       : Ignoring setStatus() description since status is not ERROR.
2026-08-15T13:05:45.484Z  WARN 1 --- [orderservice] [nio-8082-exec-5] [27580e36ef804cb76ec0048c42063e10-e067579555495dda] o.h.v.i.m.a.CascadingMetaDataBuilder     : HV000271: Using `@Valid` on a container (java.util.Set) is deprecated. You should apply the annotation on the type argument(s). Affected element: CreateOrderRequest#com.jlim.store.orderservice.domain.models.CreateOrderRequest(Set, Customer, Address)
2026-08-15T13:05:45.493Z  WARN 1 --- [orderservice] [nio-8082-exec-5] [27580e36ef804cb76ec0048c42063e10-e067579555495dda] o.h.v.i.m.a.CascadingMetaDataBuilder     : HV000271: Using `@Valid` on a container (java.util.Set) is deprecated. You should apply the annotation on the type argument(s). Affected element: CreateOrderRequest#items()
2026-08-15T13:05:45.494Z  WARN 1 --- [orderservice] [nio-8082-exec-5] [27580e36ef804cb76ec0048c42063e10-e067579555495dda] o.h.v.i.m.a.CascadingMetaDataBuilder     : HV000271: Using `@Valid` on a container (java.util.Set) is deprecated. You should apply the annotation on the type argument(s). Affected element: items
2026-08-15T13:05:45.784Z  INFO 1 --- [orderservice] [nio-8082-exec-5] [27580e36ef804cb76ec0048c42063e10-e067579555495dda] c.j.s.o.web.controllers.OrderController  : Creating order for user: jlim
2026-08-15T13:05:45.808Z  INFO 1 --- [orderservice] [nio-8082-exec-5] [27580e36ef804cb76ec0048c42063e10-e067579555495dda] c.j.s.o.c.catalog.ProductServiceClient   : Fetching product for code: P113
2026-08-15T13:05:46.295Z DEBUG 1 --- [orderservice] [_WorkerThread-1] [                                                 ] i.o.sdk.trace.export.BatchSpanProcessor  : Exporter failed
Hibernate: select nextval('order_id_seq')
2026-08-15T13:05:48.518Z DEBUG 1 --- [orderservice] [nio-8082-exec-7] [                                                 ] t.p.B3PropagatorExtractorMultipleHeaders : Invalid TraceId in B3 header: null'. Returning INVALID span context.
2026-08-15T13:05:48.519Z DEBUG 1 --- [orderservice] [nio-8082-exec-7] [                                                 ] t.p.B3PropagatorExtractorMultipleHeaders : Invalid TraceId in B3 header: null'. Returning INVALID span context.
2026-08-15T13:05:48.523Z DEBUG 1 --- [orderservice] [nio-8082-exec-7] [9798f2cb435d186af13b334849efb7d2-00054da58487a28e] io.opentelemetry.sdk.trace.SdkSpan       : Ignoring setStatus() description since status is not ERROR.
2026-08-15T13:05:48.525Z DEBUG 1 --- [orderservice] [nio-8082-exec-7] [9798f2cb435d186af13b334849efb7d2-0f3e1942cee342bd] io.opentelemetry.sdk.trace.SdkSpan       : Ignoring setStatus() description since status is not ERROR.
2026-08-15T13:05:48.546Z DEBUG 1 --- [orderservice] [nio-8082-exec-7] [9798f2cb435d186af13b334849efb7d2-0f3e1942cee342bd] io.opentelemetry.sdk.trace.SdkSpan       : Ignoring setStatus() description since status is not ERROR.
2026-08-15T13:05:48.548Z DEBUG 1 --- [orderservice] [nio-8082-exec-7] [9798f2cb435d186af13b334849efb7d2-0f3e1942cee342bd] io.opentelemetry.sdk.trace.SdkSpan       : Ignoring setStatus() description since status is not ERROR.
Hibernate: select nextval('order_item_id_seq')
2026-08-15T13:05:48.721Z  INFO 1 --- [orderservice] [nio-8082-exec-5] [27580e36ef804cb76ec0048c42063e10-e067579555495dda] c.j.s.orderservice.domain.OrderService   : Created Order with orderNumber=44c9cdfb-bd38-41a8-a8bf-52f19d02c2c5
Hibernate: select nextval('order_event_id_seq')
Hibernate: insert into orders (comments,created_at,customer_name,customer_email,customer_phone,delivery_address_line1,delivery_address_line2,delivery_address_city,delivery_address_state,delivery_address_zip_code,delivery_address_country,order_number,status,updated_at,username,id) values (?,?,?,?,?,?,?,?,?,?,?,?,?,?,?,?)
Hibernate: insert into order_items (code,name,order_id,price,quantity,id) values (?,?,?,?,?,?)
Hibernate: insert into order_events (created_at,event_id,event_type,order_number,payload,updated_at,id) values (?,?,?,?,?,?,?)
2026-08-15T13:05:49.496Z DEBUG 1 --- [orderservice] [nio-8082-exec-5] [27580e36ef804cb76ec0048c42063e10-e6b158fc20581552] io.opentelemetry.sdk.trace.SdkSpan       : Ignoring setStatus() description since status is not ERROR.
2026-08-15T13:05:49.499Z DEBUG 1 --- [orderservice] [nio-8082-exec-5] [27580e36ef804cb76ec0048c42063e10-e6b158fc20581552] io.opentelemetry.sdk.trace.SdkSpan       : Ignoring setStatus() description since status is not ERROR.
2026-08-15T13:05:50.047Z  INFO 1 --- [orderservice] [   scheduling-1] [00ca37abf7da1828c683d41be73b4665-22f4e5ceefb1c144] c.j.s.o.jobs.OrderProcessingJob          : Processing New Orders at 2026-08-15T13:05:50.047685804Z
Hibernate: select oe1_0.id,oe1_0.comments,oe1_0.created_at,oe1_0.customer_name,oe1_0.customer_email,oe1_0.customer_phone,oe1_0.delivery_address_line1,oe1_0.delivery_address_line2,oe1_0.delivery_address_city,oe1_0.delivery_address_state,oe1_0.delivery_address_zip_code,oe1_0.delivery_address_country,oe1_0.order_number,oe1_0.status,oe1_0.updated_at,oe1_0.username from orders oe1_0 where oe1_0.status=?
2026-08-15T13:05:50.075Z  INFO 1 --- [orderservice] [   scheduling-1] [00ca37abf7da1828c683d41be73b4665-22f4e5ceefb1c144] c.j.s.orderservice.domain.OrderService   : Found 1 new orders to process
2026-08-15T13:05:50.076Z  INFO 1 --- [orderservice] [   scheduling-1] [00ca37abf7da1828c683d41be73b4665-22f4e5ceefb1c144] c.j.s.orderservice.domain.OrderService   : OrderNumber: 44c9cdfb-bd38-41a8-a8bf-52f19d02c2c5 can be delivered
Hibernate: select oe1_0.id,oe1_0.comments,oe1_0.created_at,oe1_0.customer_name,oe1_0.customer_email,oe1_0.customer_phone,oe1_0.delivery_address_line1,oe1_0.delivery_address_line2,oe1_0.delivery_address_city,oe1_0.delivery_address_state,oe1_0.delivery_address_zip_code,oe1_0.delivery_address_country,oe1_0.order_number,oe1_0.status,oe1_0.updated_at,oe1_0.username from orders oe1_0 where oe1_0.order_number=?
Hibernate: select i1_0.order_id,i1_0.id,i1_0.code,i1_0.name,i1_0.price,i1_0.quantity from order_items i1_0 where i1_0.order_id=?
Hibernate: select nextval('order_event_id_seq')
Hibernate: insert into order_events (created_at,event_id,event_type,order_number,payload,updated_at,id) values (?,?,?,?,?,?,?)
Hibernate: update orders set comments=?,customer_name=?,customer_email=?,customer_phone=?,delivery_address_line1=?,delivery_address_line2=?,delivery_address_city=?,delivery_address_state=?,delivery_address_zip_code=?,delivery_address_country=?,order_number=?,status=?,updated_at=?,username=? where id=?
2026-08-15T13:05:50.472Z DEBUG 1 --- [orderservice] [   scheduling-1] [                                                 ] io.opentelemetry.sdk.trace.SdkSpan       : Ignoring setStatus() description since status is not ERROR.
2026-08-15T13:05:50.480Z  INFO 1 --- [orderservice] [   scheduling-1] [e6fce5509203d6e7026b856680dea32c-b9f1d7b4777efc87] c.j.s.o.jobs.OrderEventsPublishingJob    : Publishing Order Events at 2026-08-15T13:05:50.480354863Z
Hibernate: select oee1_0.id,oee1_0.created_at,oee1_0.event_id,oee1_0.event_type,oee1_0.order_number,oee1_0.payload,oee1_0.updated_at from order_events oee1_0 order by oee1_0.created_at
2026-08-15T13:05:50.490Z  INFO 1 --- [orderservice] [   scheduling-1] [e6fce5509203d6e7026b856680dea32c-b9f1d7b4777efc87] c.j.s.o.domain.OrderEventService         : Found 2 Order Events to be published
2026-08-15T13:05:50.504Z  INFO 1 --- [orderservice] [   scheduling-1] [e6fce5509203d6e7026b856680dea32c-b9f1d7b4777efc87] o.s.a.r.c.CachingConnectionFactory       : Attempting to connect to: [bookstore-rabbitmq:5672]
2026-08-15T13:05:51.344Z DEBUG 1 --- [orderservice] [_WorkerThread-1] [                                                 ] i.o.sdk.trace.export.BatchSpanProcessor  : Exporter failed
2026-08-15T13:05:51.579Z  INFO 1 --- [orderservice] [   scheduling-1] [e6fce5509203d6e7026b856680dea32c-b9f1d7b4777efc87] o.s.a.r.c.CachingConnectionFactory       : Created new connection: rabbitConnectionFactory#562fa8f2:0/SimpleConnection@110192e9 [delegate=amqp://guest@172.20.0.5:5672/, localPort=53012]
Hibernate: delete from order_events where id=?
Hibernate: delete from order_events where id=?
2026-08-15T13:05:52.006Z DEBUG 1 --- [orderservice] [   scheduling-1] [                                                 ] io.opentelemetry.sdk.trace.SdkSpan       : Ignoring setStatus() description since status is not ERROR.
2026-08-15T13:05:53.298Z DEBUG 1 --- [orderservice] [nio-8082-exec-8] [                                                 ] t.p.B3PropagatorExtractorMultipleHeaders : Invalid TraceId in B3 header: null'. Returning INVALID span context.
2026-08-15T13:05:53.299Z DEBUG 1 --- [orderservice] [nio-8082-exec-8] [                                                 ] t.p.B3PropagatorExtractorMultipleHeaders : Invalid TraceId in B3 header: null'. Returning INVALID span context.
2026-08-15T13:05:53.311Z DEBUG 1 --- [orderservice] [nio-8082-exec-8] [178916a34997cdbb53fbbf2b86496c5f-9658b9c6a979300c] io.opentelemetry.sdk.trace.SdkSpan       : Ignoring setStatus() description since status is not ERROR.
2026-08-15T13:05:53.313Z DEBUG 1 --- [orderservice] [nio-8082-exec-8] [178916a34997cdbb53fbbf2b86496c5f-06ff451b937fe147] io.opentelemetry.sdk.trace.SdkSpan       : Ignoring setStatus() description since status is not ERROR.
2026-08-15T13:05:53.607Z DEBUG 1 --- [orderservice] [nio-8082-exec-8] [178916a34997cdbb53fbbf2b86496c5f-06ff451b937fe147] io.opentelemetry.sdk.trace.SdkSpan       : Ignoring setStatus() description since status is not ERROR.
2026-08-15T13:05:53.610Z DEBUG 1 --- [orderservice] [nio-8082-exec-8] [178916a34997cdbb53fbbf2b86496c5f-06ff451b937fe147] io.opentelemetry.sdk.trace.SdkSpan       : Ignoring setStatus() description since status is not ERROR.
2026-08-15T13:05:55.053Z  INFO 1 --- [orderservice] [   scheduling-1] [d805c7fcc6174e8383bac208d8456c6c-9c6c9741856dab7e] c.j.s.o.jobs.OrderEventsPublishingJob    : Publishing Order Events at 2026-08-15T13:05:55.053771891Z
Hibernate: select oee1_0.id,oee1_0.created_at,oee1_0.event_id,oee1_0.event_type,oee1_0.order_number,oee1_0.payload,oee1_0.updated_at from order_events oee1_0 order by oee1_0.created_at
2026-08-15T13:05:55.074Z  INFO 1 --- [orderservice] [   scheduling-1] [d805c7fcc6174e8383bac208d8456c6c-9c6c9741856dab7e] c.j.s.o.domain.OrderEventService         : Found 0 Order Events to be published
2026-08-15T13:05:55.086Z DEBUG 1 --- [orderservice] [   scheduling-1] [                                                 ] io.opentelemetry.sdk.trace.SdkSpan       : Ignoring setStatus() description since status is not ERROR.
2026-08-15T13:05:56.359Z DEBUG 1 --- [orderservice] [_WorkerThread-1] [                                                 ] i.o.sdk.trace.export.BatchSpanProcessor  : Exporter failed
2026-08-15T13:05:58.293Z DEBUG 1 --- [orderservice] [nio-8082-exec-9] [                                                 ] t.p.B3PropagatorExtractorMultipleHeaders : Invalid TraceId in B3 header: null'. Returning INVALID span context.
2026-08-15T13:05:58.294Z DEBUG 1 --- [orderservice] [nio-8082-exec-9] [                                                 ] t.p.B3PropagatorExtractorMultipleHeaders : Invalid TraceId in B3 header: null'. Returning INVALID span context.
2026-08-15T13:05:58.299Z DEBUG 1 --- [orderservice] [nio-8082-exec-9] [60a33423c17c7a83f297df801f806cbb-761d5fabdbd7bd33] io.opentelemetry.sdk.trace.SdkSpan       : Ignoring setStatus() description since status is not ERROR.
2026-08-15T13:05:58.301Z DEBUG 1 --- [orderservice] [nio-8082-exec-9] [60a33423c17c7a83f297df801f806cbb-9e3fdff151dc7150] io.opentelemetry.sdk.trace.SdkSpan       : Ignoring setStatus() description since status is not ERROR.
2026-08-15T13:05:58.338Z DEBUG 1 --- [orderservice] [nio-8082-exec-9] [60a33423c17c7a83f297df801f806cbb-9e3fdff151dc7150] io.opentelemetry.sdk.trace.SdkSpan       : Ignoring setStatus() description since status is not ERROR.
2026-08-15T13:05:58.343Z DEBUG 1 --- [orderservice] [nio-8082-exec-9] [60a33423c17c7a83f297df801f806cbb-9e3fdff151dc7150] io.opentelemetry.sdk.trace.SdkSpan       : Ignoring setStatus() description since status is not ERROR.
2026-08-15T13:06:00.050Z  INFO 1 --- [orderservice] [   scheduling-1] [8faa9bde51f5f3152ef0701f3e6974fe-2c5fdf91aeead222] c.j.s.o.jobs.OrderProcessingJob          : Processing New Orders at 2026-08-15T13:06:00.050246107Z
Hibernate: select oe1_0.id,oe1_0.comments,oe1_0.created_at,oe1_0.customer_name,oe1_0.customer_email,oe1_0.customer_phone,oe1_0.delivery_address_line1,oe1_0.delivery_address_line2,oe1_0.delivery_address_city,oe1_0.delivery_address_state,oe1_0.delivery_address_zip_code,oe1_0.delivery_address_country,oe1_0.order_number,oe1_0.status,oe1_0.updated_at,oe1_0.username from orders oe1_0 where oe1_0.status=?
2026-08-15T13:06:00.058Z  INFO 1 --- [orderservice] [   scheduling-1] [8faa9bde51f5f3152ef0701f3e6974fe-2c5fdf91aeead222] c.j.s.orderservice.domain.OrderService   : Found 0 new orders to process
2026-08-15T13:06:00.075Z DEBUG 1 --- [orderservice] [   scheduling-1] [                                                 ] io.opentelemetry.sdk.trace.SdkSpan       : Ignoring setStatus() description since status is not ERROR.
2026-08-15T13:06:00.090Z  INFO 1 --- [orderservice] [   scheduling-1] [721f09bada22996a4a849ea45943c14b-6e1664deaa477cbc] c.j.s.o.jobs.OrderEventsPublishingJob    : Publishing Order Events at 2026-08-15T13:06:00.090279269Z
Hibernate: select oee1_0.id,oee1_0.created_at,oee1_0.event_id,oee1_0.event_type,oee1_0.order_number,oee1_0.payload,oee1_0.updated_at from order_events oee1_0 order by oee1_0.created_at
2026-08-15T13:06:00.101Z  INFO 1 --- [orderservice] [   scheduling-1] [721f09bada22996a4a849ea45943c14b-6e1664deaa477cbc] c.j.s.o.domain.OrderEventService         : Found 0 Order Events to be published
2026-08-15T13:06:00.115Z DEBUG 1 --- [orderservice] [   scheduling-1] [                                                 ] io.opentelemetry.sdk.trace.SdkSpan       : Ignoring setStatus() description since status is not ERROR.
2026-08-15T13:06:01.372Z DEBUG 1 --- [orderservice] [_WorkerThread-1] [                                                 ] i.o.sdk.trace.export.BatchSpanProcessor  : Exporter failed
2026-08-15T13:06:03.294Z DEBUG 1 --- [orderservice] [io-8082-exec-10] [                                                 ] t.p.B3PropagatorExtractorMultipleHeaders : Invalid TraceId in B3 header: null'. Returning INVALID span context.
2026-08-15T13:06:03.295Z DEBUG 1 --- [orderservice] [io-8082-exec-10] [                                                 ] t.p.B3PropagatorExtractorMultipleHeaders : Invalid TraceId in B3 header: null'. Returning INVALID span context.
2026-08-15T13:06:03.305Z DEBUG 1 --- [orderservice] [io-8082-exec-10] [c803659016cfe6cacc8fd3322bd1ffdd-b0561631e09a1c0d] io.opentelemetry.sdk.trace.SdkSpan       : Ignoring setStatus() description since status is not ERROR.
2026-08-15T13:06:03.308Z DEBUG 1 --- [orderservice] [io-8082-exec-10] [c803659016cfe6cacc8fd3322bd1ffdd-0f4a45c93c159b5c] io.opentelemetry.sdk.trace.SdkSpan       : Ignoring setStatus() description since status is not ERROR.
2026-08-15T13:06:03.385Z DEBUG 1 --- [orderservice] [io-8082-exec-10] [c803659016cfe6cacc8fd3322bd1ffdd-0f4a45c93c159b5c] io.opentelemetry.sdk.trace.SdkSpan       : Ignoring setStatus() description since status is not ERROR.
2026-08-15T13:06:03.390Z DEBUG 1 --- [orderservice] [io-8082-exec-10] [c803659016cfe6cacc8fd3322bd1ffdd-0f4a45c93c159b5c] io.opentelemetry.sdk.trace.SdkSpan       : Ignoring setStatus() description since status is not ERROR.
2026-08-15T13:06:05.051Z  INFO 1 --- [orderservice] [   scheduling-1] [dddbb200618fa8a4f1fd934635211f86-966f0137654a2c45] c.j.s.o.jobs.OrderEventsPublishingJob    : Publishing Order Events at 2026-08-15T13:06:05.051895598Z
Hibernate: select oee1_0.id,oee1_0.created_at,oee1_0.event_id,oee1_0.event_type,oee1_0.order_number,oee1_0.payload,oee1_0.updated_at from order_events oee1_0 order by oee1_0.created_at
2026-08-15T13:06:05.069Z  INFO 1 --- [orderservice] [   scheduling-1] [dddbb200618fa8a4f1fd934635211f86-966f0137654a2c45] c.j.s.o.domain.OrderEventService         : Found 0 Order Events to be published
2026-08-15T13:06:05.086Z DEBUG 1 --- [orderservice] [   scheduling-1] [                                                 ] io.opentelemetry.sdk.trace.SdkSpan       : Ignoring setStatus() description since status is not ERROR.
2026-08-15T13:06:06.385Z DEBUG 1 --- [orderservice] [_WorkerThread-1] [                                                 ] i.o.sdk.trace.export.BatchSpanProcessor  : Exporter failed
2026-08-15T13:06:08.292Z DEBUG 1 --- [orderservice] [nio-8082-exec-1] [                                                 ] t.p.B3PropagatorExtractorMultipleHeaders : Invalid TraceId in B3 header: null'. Returning INVALID span context.
2026-08-15T13:06:08.293Z DEBUG 1 --- [orderservice] [nio-8082-exec-1] [                                                 ] t.p.B3PropagatorExtractorMultipleHeaders : Invalid TraceId in B3 header: null'. Returning INVALID span context.
2026-08-15T13:06:08.300Z DEBUG 1 --- [orderservice] [nio-8082-exec-1] [2e9cc05b262046fbba706bb170e27098-6a11b11881a194be] io.opentelemetry.sdk.trace.SdkSpan       : Ignoring setStatus() description since status is not ERROR.
2026-08-15T13:06:08.301Z DEBUG 1 --- [orderservice] [nio-8082-exec-1] [2e9cc05b262046fbba706bb170e27098-30ca23a0eb3d35bf] io.opentelemetry.sdk.trace.SdkSpan       : Ignoring setStatus() description since status is not ERROR.
2026-08-15T13:06:08.350Z DEBUG 1 --- [orderservice] [nio-8082-exec-1] [2e9cc05b262046fbba706bb170e27098-30ca23a0eb3d35bf] io.opentelemetry.sdk.trace.SdkSpan       : Ignoring setStatus() description since status is not ERROR.
2026-08-15T13:06:08.359Z DEBUG 1 --- [orderservice] [nio-8082-exec-1] [2e9cc05b262046fbba706bb170e27098-30ca23a0eb3d35bf] io.opentelemetry.sdk.trace.SdkSpan       : Ignoring setStatus() description since status is not ERROR.
2026-08-15T13:06:10.052Z  INFO 1 --- [orderservice] [   scheduling-1] [f2d9f2b9f02baca091c320f7e354f8e5-dd326a6c8bfc6045] c.j.s.o.jobs.OrderEventsPublishingJob    : Publishing Order Events at 2026-08-15T13:06:10.052398900Z
Hibernate: select oee1_0.id,oee1_0.created_at,oee1_0.event_id,oee1_0.event_type,oee1_0.order_number,oee1_0.payload,oee1_0.updated_at from order_events oee1_0 order by oee1_0.created_at
2026-08-15T13:06:10.063Z  INFO 1 --- [orderservice] [   scheduling-1] [f2d9f2b9f02baca091c320f7e354f8e5-dd326a6c8bfc6045] c.j.s.o.domain.OrderEventService         : Found 0 Order Events to be published
2026-08-15T13:06:10.080Z DEBUG 1 --- [orderservice] [   scheduling-1] [                                                 ] io.opentelemetry.sdk.trace.SdkSpan       : Ignoring setStatus() description since status is not ERROR.
2026-08-15T13:06:10.093Z  INFO 1 --- [orderservice] [   scheduling-1] [b02229a6325faf849c54f6e7d0876570-e65f2e4c6a941414] c.j.s.o.jobs.OrderProcessingJob          : Processing New Orders at 2026-08-15T13:06:10.093142649Z
Hibernate: select oe1_0.id,oe1_0.comments,oe1_0.created_at,oe1_0.customer_name,oe1_0.customer_email,oe1_0.customer_phone,oe1_0.delivery_address_line1,oe1_0.delivery_address_line2,oe1_0.delivery_address_city,oe1_0.delivery_address_state,oe1_0.delivery_address_zip_code,oe1_0.delivery_address_country,oe1_0.order_number,oe1_0.status,oe1_0.updated_at,oe1_0.username from orders oe1_0 where oe1_0.status=?
2026-08-15T13:06:10.100Z  INFO 1 --- [orderservice] [   scheduling-1] [b02229a6325faf849c54f6e7d0876570-e65f2e4c6a941414] c.j.s.orderservice.domain.OrderService   : Found 0 new orders to process
2026-08-15T13:06:10.115Z DEBUG 1 --- [orderservice] [   scheduling-1] [                                                 ] io.opentelemetry.sdk.trace.SdkSpan       : Ignoring setStatus() description since status is not ERROR.
2026-08-15T13:06:11.405Z DEBUG 1 --- [orderservice] [_WorkerThread-1] [                                                 ] i.o.sdk.trace.export.BatchSpanProcessor  : Exporter failed
2026-08-15T13:06:13.293Z DEBUG 1 --- [orderservice] [nio-8082-exec-2] [                                                 ] t.p.B3PropagatorExtractorMultipleHeaders : Invalid TraceId in B3 header: null'. Returning INVALID span context.
2026-08-15T13:06:13.294Z DEBUG 1 --- [orderservice] [nio-8082-exec-2] [                                                 ] t.p.B3PropagatorExtractorMultipleHeaders : Invalid TraceId in B3 header: null'. Returning INVALID span context.
2026-08-15T13:06:13.301Z DEBUG 1 --- [orderservice] [nio-8082-exec-2] [aa2d900354e500c023587e81da73d025-3c0af1c6c09200a3] io.opentelemetry.sdk.trace.SdkSpan       : Ignoring setStatus() description since status is not ERROR.
2026-08-15T13:06:13.303Z DEBUG 1 --- [orderservice] [nio-8082-exec-2] [aa2d900354e500c023587e81da73d025-40af7e6ec1a0fb90] io.opentelemetry.sdk.trace.SdkSpan       : Ignoring setStatus() description since status is not ERROR.
2026-08-15T13:06:13.360Z DEBUG 1 --- [orderservice] [nio-8082-exec-2] [aa2d900354e500c023587e81da73d025-40af7e6ec1a0fb90] io.opentelemetry.sdk.trace.SdkSpan       : Ignoring setStatus() description since status is not ERROR.
2026-08-15T13:06:13.366Z DEBUG 1 --- [orderservice] [nio-8082-exec-2] [aa2d900354e500c023587e81da73d025-40af7e6ec1a0fb90] io.opentelemetry.sdk.trace.SdkSpan       : Ignoring setStatus() description since status is not ERROR.
2026-08-15T13:06:15.028Z  INFO 1 --- [orderservice] [   scheduling-1] [86658c408b8242281b105646db960c0e-48547068786b67c1] c.j.s.o.jobs.OrderEventsPublishingJob    : Publishing Order Events at 2026-08-15T13:06:15.028460975Z
Hibernate: select oee1_0.id,oee1_0.created_at,oee1_0.event_id,oee1_0.event_type,oee1_0.order_number,oee1_0.payload,oee1_0.updated_at from order_events oee1_0 order by oee1_0.created_at
2026-08-15T13:06:15.036Z  INFO 1 --- [orderservice] [   scheduling-1] [86658c408b8242281b105646db960c0e-48547068786b67c1] c.j.s.o.domain.OrderEventService         : Found 0 Order Events to be published
2026-08-15T13:06:15.049Z DEBUG 1 --- [orderservice] [   scheduling-1] [                                                 ] io.opentelemetry.sdk.trace.SdkSpan       : Ignoring setStatus() description since status is not ERROR.
2026-08-15T13:06:16.411Z DEBUG 1 --- [orderservice] [_WorkerThread-1] [                                                 ] i.o.sdk.trace.export.BatchSpanProcessor  : Exporter failed
2026-08-15T13:06:18.290Z DEBUG 1 --- [orderservice] [nio-8082-exec-3] [                                                 ] t.p.B3PropagatorExtractorMultipleHeaders : Invalid TraceId in B3 header: null'. Returning INVALID span context.
2026-08-15T13:06:18.290Z DEBUG 1 --- [orderservice] [nio-8082-exec-3] [                                                 ] t.p.B3PropagatorExtractorMultipleHeaders : Invalid TraceId in B3 header: null'. Returning INVALID span context.
2026-08-15T13:06:18.292Z DEBUG 1 --- [orderservice] [nio-8082-exec-3] [15d73b7af951d12ce18ea592a0ff2907-5b79b58b589406cd] io.opentelemetry.sdk.trace.SdkSpan       : Ignoring setStatus() description since status is not ERROR.
2026-08-15T13:06:18.292Z DEBUG 1 --- [orderservice] [nio-8082-exec-3] [15d73b7af951d12ce18ea592a0ff2907-7be4deafb90b9f3d] io.opentelemetry.sdk.trace.SdkSpan       : Ignoring setStatus() description since status is not ERROR.
2026-08-15T13:06:18.308Z DEBUG 1 --- [orderservice] [nio-8082-exec-3] [15d73b7af951d12ce18ea592a0ff2907-7be4deafb90b9f3d] io.opentelemetry.sdk.trace.SdkSpan       : Ignoring setStatus() description since status is not ERROR.
2026-08-15T13:06:18.310Z DEBUG 1 --- [orderservice] [nio-8082-exec-3] [15d73b7af951d12ce18ea592a0ff2907-7be4deafb90b9f3d] io.opentelemetry.sdk.trace.SdkSpan       : Ignoring setStatus() description since status is not ERROR.
2026-08-15T13:06:20.039Z  INFO 1 --- [orderservice] [   scheduling-1] [b86757341d0a7d58f7adcf3cd531a88a-98ab0375d20acb82] c.j.s.o.jobs.OrderEventsPublishingJob    : Publishing Order Events at 2026-08-15T13:06:20.039311572Z
Hibernate: select oee1_0.id,oee1_0.created_at,oee1_0.event_id,oee1_0.event_type,oee1_0.order_number,oee1_0.payload,oee1_0.updated_at from order_events oee1_0 order by oee1_0.created_at
2026-08-15T13:06:20.047Z  INFO 1 --- [orderservice] [   scheduling-1] [b86757341d0a7d58f7adcf3cd531a88a-98ab0375d20acb82] c.j.s.o.domain.OrderEventService         : Found 0 Order Events to be published
2026-08-15T13:06:20.056Z DEBUG 1 --- [orderservice] [   scheduling-1] [                                                 ] io.opentelemetry.sdk.trace.SdkSpan       : Ignoring setStatus() description since status is not ERROR.
2026-08-15T13:06:20.065Z  INFO 1 --- [orderservice] [   scheduling-1] [d570744c8886f7adc5c40b16c3db9407-526ca9a5f9a41ec4] c.j.s.o.jobs.OrderProcessingJob          : Processing New Orders at 2026-08-15T13:06:20.065539598Z
Hibernate: select oe1_0.id,oe1_0.comments,oe1_0.created_at,oe1_0.customer_name,oe1_0.customer_email,oe1_0.customer_phone,oe1_0.delivery_address_line1,oe1_0.delivery_address_line2,oe1_0.delivery_address_city,oe1_0.delivery_address_state,oe1_0.delivery_address_zip_code,oe1_0.delivery_address_country,oe1_0.order_number,oe1_0.status,oe1_0.updated_at,oe1_0.username from orders oe1_0 where oe1_0.status=?
2026-08-15T13:06:20.069Z  INFO 1 --- [orderservice] [   scheduling-1] [d570744c8886f7adc5c40b16c3db9407-526ca9a5f9a41ec4] c.j.s.orderservice.domain.OrderService   : Found 0 new orders to process
2026-08-15T13:06:20.080Z DEBUG 1 --- [orderservice] [   scheduling-1] [                                                 ] io.opentelemetry.sdk.trace.SdkSpan       : Ignoring setStatus() description since status is not ERROR.
2026-08-15T13:06:21.421Z DEBUG 1 --- [orderservice] [_WorkerThread-1] [                                                 ] i.o.sdk.trace.export.BatchSpanProcessor  : Exporter failed
2026-08-15T13:06:23.288Z DEBUG 1 --- [orderservice] [nio-8082-exec-4] [                                                 ] t.p.B3PropagatorExtractorMultipleHeaders : Invalid TraceId in B3 header: null'. Returning INVALID span context.
2026-08-15T13:06:23.288Z DEBUG 1 --- [orderservice] [nio-8082-exec-4] [                                                 ] t.p.B3PropagatorExtractorMultipleHeaders : Invalid TraceId in B3 header: null'. Returning INVALID span context.
2026-08-15T13:06:23.291Z DEBUG 1 --- [orderservice] [nio-8082-exec-4] [b749e1e3ac3397bb3ad8e7c99047920d-991d4e0e0413ba73] io.opentelemetry.sdk.trace.SdkSpan       : Ignoring setStatus() description since status is not ERROR.
2026-08-15T13:06:23.291Z DEBUG 1 --- [orderservice] [nio-8082-exec-4] [b749e1e3ac3397bb3ad8e7c99047920d-6f4e199b3c62d913] io.opentelemetry.sdk.trace.SdkSpan       : Ignoring setStatus() description since status is not ERROR.
2026-08-15T13:06:23.320Z DEBUG 1 --- [orderservice] [nio-8082-exec-4] [b749e1e3ac3397bb3ad8e7c99047920d-6f4e199b3c62d913] io.opentelemetry.sdk.trace.SdkSpan       : Ignoring setStatus() description since status is not ERROR.
2026-08-15T13:06:23.322Z DEBUG 1 --- [orderservice] [nio-8082-exec-4] [b749e1e3ac3397bb3ad8e7c99047920d-6f4e199b3c62d913] io.opentelemetry.sdk.trace.SdkSpan       : Ignoring setStatus() description since status is not ERROR.
2026-08-15T13:06:25.009Z  INFO 1 --- [orderservice] [   scheduling-1] [d60c1138d0ce333ef233a1b2b135c550-af99198d1710f459] c.j.s.o.jobs.OrderEventsPublishingJob    : Publishing Order Events at 2026-08-15T13:06:25.009707709Z
Hibernate: select oee1_0.id,oee1_0.created_at,oee1_0.event_id,oee1_0.event_type,oee1_0.order_number,oee1_0.payload,oee1_0.updated_at from order_events oee1_0 order by oee1_0.created_at
2026-08-15T13:06:25.024Z  INFO 1 --- [orderservice] [   scheduling-1] [d60c1138d0ce333ef233a1b2b135c550-af99198d1710f459] c.j.s.o.domain.OrderEventService         : Found 0 Order Events to be published
2026-08-15T13:06:25.039Z DEBUG 1 --- [orderservice] [   scheduling-1] [                                                 ] io.opentelemetry.sdk.trace.SdkSpan       : Ignoring setStatus() description since status is not ERROR.
2026-08-15T13:06:26.430Z DEBUG 1 --- [orderservice] [_WorkerThread-1] [                                                 ] i.o.sdk.trace.export.BatchSpanProcessor  : Exporter failed
2026-08-15T13:06:28.288Z DEBUG 1 --- [orderservice] [nio-8082-exec-6] [                                                 ] t.p.B3PropagatorExtractorMultipleHeaders : Invalid TraceId in B3 header: null'. Returning INVALID span context.
2026-08-15T13:06:28.288Z DEBUG 1 --- [orderservice] [nio-8082-exec-6] [                                                 ] t.p.B3PropagatorExtractorMultipleHeaders : Invalid TraceId in B3 header: null'. Returning INVALID span context.
2026-08-15T13:06:28.291Z DEBUG 1 --- [orderservice] [nio-8082-exec-6] [0b9f0b2c7a42af4ea509b7214c57501d-5816ccea46f83a7c] io.opentelemetry.sdk.trace.SdkSpan       : Ignoring setStatus() description since status is not ERROR.
2026-08-15T13:06:28.292Z DEBUG 1 --- [orderservice] [nio-8082-exec-6] [0b9f0b2c7a42af4ea509b7214c57501d-95dd0af66c2a0ea8] io.opentelemetry.sdk.trace.SdkSpan       : Ignoring setStatus() description since status is not ERROR.
2026-08-15T13:06:28.310Z DEBUG 1 --- [orderservice] [nio-8082-exec-6] [0b9f0b2c7a42af4ea509b7214c57501d-95dd0af66c2a0ea8] io.opentelemetry.sdk.trace.SdkSpan       : Ignoring setStatus() description since status is not ERROR.
2026-08-15T13:06:28.313Z DEBUG 1 --- [orderservice] [nio-8082-exec-6] [0b9f0b2c7a42af4ea509b7214c57501d-95dd0af66c2a0ea8] io.opentelemetry.sdk.trace.SdkSpan       : Ignoring setStatus() description since status is not ERROR.
2026-08-15T13:06:30.044Z  INFO 1 --- [orderservice] [   scheduling-1] [e574cccd25e0a68afc968f5e27674222-05d4d7600158dcf5] c.j.s.o.jobs.OrderProcessingJob          : Processing New Orders at 2026-08-15T13:06:30.044142665Z
Hibernate: select oe1_0.id,oe1_0.comments,oe1_0.created_at,oe1_0.customer_name,oe1_0.customer_email,oe1_0.customer_phone,oe1_0.delivery_address_line1,oe1_0.delivery_address_line2,oe1_0.delivery_address_city,oe1_0.delivery_address_state,oe1_0.delivery_address_zip_code,oe1_0.delivery_address_country,oe1_0.order_number,oe1_0.status,oe1_0.updated_at,oe1_0.username from orders oe1_0 where oe1_0.status=?
2026-08-15T13:06:30.049Z  INFO 1 --- [orderservice] [   scheduling-1] [e574cccd25e0a68afc968f5e27674222-05d4d7600158dcf5] c.j.s.orderservice.domain.OrderService   : Found 0 new orders to process
2026-08-15T13:06:30.059Z DEBUG 1 --- [orderservice] [   scheduling-1] [                                                 ] io.opentelemetry.sdk.trace.SdkSpan       : Ignoring setStatus() description since status is not ERROR.
2026-08-15T13:06:30.069Z  INFO 1 --- [orderservice] [   scheduling-1] [ba5d60bc0ee89e6591cc1a4140cc4800-07c7b8fbfa320ee0] c.j.s.o.jobs.OrderEventsPublishingJob    : Publishing Order Events at 2026-08-15T13:06:30.069067214Z
Hibernate: select oee1_0.id,oee1_0.created_at,oee1_0.event_id,oee1_0.event_type,oee1_0.order_number,oee1_0.payload,oee1_0.updated_at from order_events oee1_0 order by oee1_0.created_at
2026-08-15T13:06:30.074Z  INFO 1 --- [orderservice] [   scheduling-1] [ba5d60bc0ee89e6591cc1a4140cc4800-07c7b8fbfa320ee0] c.j.s.o.domain.OrderEventService         : Found 0 Order Events to be published
2026-08-15T13:06:30.084Z DEBUG 1 --- [orderservice] [   scheduling-1] [                                                 ] io.opentelemetry.sdk.trace.SdkSpan       : Ignoring setStatus() description since status is not ERROR.
2026-08-15T13:06:31.447Z  WARN 1 --- [orderservice] [_WorkerThread-1] [                                                 ] i.o.exporter.zipkin.ZipkinSpanExporter   : Failed to export spans

java.net.ConnectException: Connection refused
	at java.net.http/jdk.internal.net.http.HttpClientImpl.send(Unknown Source) ~[java.net.http:na]
	at java.net.http/jdk.internal.net.http.HttpClientFacade.send(Unknown Source) ~[java.net.http:na]
	at org.springframework.boot.zipkin.autoconfigure.ZipkinHttpClientSender.postSpans(ZipkinHttpClientSender.java:59) ~[spring-boot-zipkin-4.1.0.jar:4.1.0]
	at org.springframework.boot.zipkin.autoconfigure.HttpSender.postSpans(HttpSender.java:69) ~[spring-boot-zipkin-4.1.0.jar:4.1.0]
	at org.springframework.boot.zipkin.autoconfigure.HttpSender.postSpans(HttpSender.java:41) ~[spring-boot-zipkin-4.1.0.jar:4.1.0]
	at zipkin2.reporter.BaseHttpSender.send(BaseHttpSender.java:123) ~[zipkin-reporter-3.5.3.jar:na]
	at io.opentelemetry.exporter.zipkin.ZipkinSpanExporter.lambda$export$0(ZipkinSpanExporter.java:104) ~[opentelemetry-exporter-zipkin-1.62.0.jar:1.62.0]
	at io.opentelemetry.context.Context.lambda$wrap$1(Context.java:241) ~[opentelemetry-context-1.62.0.jar:1.62.0]
	at io.opentelemetry.api.internal.InstrumentationUtil.suppressInstrumentation(InstrumentationUtil.java:28) ~[opentelemetry-api-1.62.0.jar:1.62.0]
	at io.opentelemetry.exporter.zipkin.ZipkinSpanExporter.export(ZipkinSpanExporter.java:101) ~[opentelemetry-exporter-zipkin-1.62.0.jar:1.62.0]
	at io.micrometer.tracing.otel.bridge.CompositeSpanExporter.lambda$export$3(CompositeSpanExporter.java:90) ~[micrometer-tracing-bridge-otel-1.7.0.jar:1.7.0]
	at java.base/java.util.ImmutableCollections$List12.forEach(Unknown Source) ~[na:na]
	at io.micrometer.tracing.otel.bridge.CompositeSpanExporter.export(CompositeSpanExporter.java:90) ~[micrometer-tracing-bridge-otel-1.7.0.jar:1.7.0]
	at io.opentelemetry.sdk.trace.export.BatchSpanProcessor$Worker.exportCurrentBatch(BatchSpanProcessor.java:334) ~[opentelemetry-sdk-trace-1.62.0.jar:1.62.0]
	at io.opentelemetry.sdk.trace.export.BatchSpanProcessor$Worker.run(BatchSpanProcessor.java:235) ~[opentelemetry-sdk-trace-1.62.0.jar:1.62.0]
	at java.base/java.lang.Thread.run(Unknown Source) ~[na:na]
Caused by: java.net.ConnectException: Connection refused
	at java.base/sun.nio.ch.Net.pollConnect(Native Method) ~[na:na]
	at java.base/sun.nio.ch.Net.pollConnectNow(Unknown Source) ~[na:na]
	at java.base/sun.nio.ch.SocketChannelImpl.finishConnect(Unknown Source) ~[na:na]
	at java.net.http/jdk.internal.net.http.PlainHttpConnection$ConnectEvent.handle(Unknown Source) ~[java.net.http:na]
	at java.net.http/jdk.internal.net.http.HttpClientImpl$SelectorManager.handleEvent(Unknown Source) ~[java.net.http:na]
	at java.net.http/jdk.internal.net.http.HttpClientImpl$SelectorManager.lambda$run$3(Unknown Source) ~[java.net.http:na]
	at java.base/java.util.ArrayList.forEach(Unknown Source) ~[na:na]
	at java.net.http/jdk.internal.net.http.HttpClientImpl$SelectorManager.run(Unknown Source) ~[java.net.http:na]
	at java.base/java.lang.VirtualThread.run(Unknown Source) ~[na:na]

2026-08-15T13:06:31.449Z DEBUG 1 --- [orderservice] [_WorkerThread-1] [                                                 ] i.o.sdk.trace.export.BatchSpanProcessor  : Exporter failed
2026-08-15T13:06:33.290Z DEBUG 1 --- [orderservice] [nio-8082-exec-7] [                                                 ] t.p.B3PropagatorExtractorMultipleHeaders : Invalid TraceId in B3 header: null'. Returning INVALID span context.
2026-08-15T13:06:33.291Z DEBUG 1 --- [orderservice] [nio-8082-exec-7] [                                                 ] t.p.B3PropagatorExtractorMultipleHeaders : Invalid TraceId in B3 header: null'. Returning INVALID span context.
2026-08-15T13:06:33.300Z DEBUG 1 --- [orderservice] [nio-8082-exec-7] [987d27c053d9a709a21ad4f7d3815f27-3e40f2258bb0ab45] io.opentelemetry.sdk.trace.SdkSpan       : Ignoring setStatus() description since status is not ERROR.
2026-08-15T13:06:33.302Z DEBUG 1 --- [orderservice] [nio-8082-exec-7] [987d27c053d9a709a21ad4f7d3815f27-6239e4bd75f27bbb] io.opentelemetry.sdk.trace.SdkSpan       : Ignoring setStatus() description since status is not ERROR.
2026-08-15T13:06:33.338Z DEBUG 1 --- [orderservice] [nio-8082-exec-7] [987d27c053d9a709a21ad4f7d3815f27-6239e4bd75f27bbb] io.opentelemetry.sdk.trace.SdkSpan       : Ignoring setStatus() description since status is not ERROR.
2026-08-15T13:06:33.342Z DEBUG 1 --- [orderservice] [nio-8082-exec-7] [987d27c053d9a709a21ad4f7d3815f27-6239e4bd75f27bbb] io.opentelemetry.sdk.trace.SdkSpan       : Ignoring setStatus() description since status is not ERROR.
2026-08-15T13:06:35.051Z  INFO 1 --- [orderservice] [   scheduling-1] [6fea4cc69bf5837f9924f969e9cfb7db-fe16b4663b0bb3f8] c.j.s.o.jobs.OrderEventsPublishingJob    : Publishing Order Events at 2026-08-15T13:06:35.051625074Z
Hibernate: select oee1_0.id,oee1_0.created_at,oee1_0.event_id,oee1_0.event_type,oee1_0.order_number,oee1_0.payload,oee1_0.updated_at from order_events oee1_0 order by oee1_0.created_at
2026-08-15T13:06:35.062Z  INFO 1 --- [orderservice] [   scheduling-1] [6fea4cc69bf5837f9924f969e9cfb7db-fe16b4663b0bb3f8] c.j.s.o.domain.OrderEventService         : Found 0 Order Events to be published
2026-08-15T13:06:35.079Z DEBUG 1 --- [orderservice] [   scheduling-1] [                                                 ] io.opentelemetry.sdk.trace.SdkSpan       : Ignoring setStatus() description since status is not ERROR.
2026-08-15T13:06:36.465Z DEBUG 1 --- [orderservice] [_WorkerThread-1] [                                                 ] i.o.sdk.trace.export.BatchSpanProcessor  : Exporter failed
2026-08-15T13:06:38.289Z DEBUG 1 --- [orderservice] [nio-8082-exec-5] [                                                 ] t.p.B3PropagatorExtractorMultipleHeaders : Invalid TraceId in B3 header: null'. Returning INVALID span context.
2026-08-15T13:06:38.290Z DEBUG 1 --- [orderservice] [nio-8082-exec-5] [                                                 ] t.p.B3PropagatorExtractorMultipleHeaders : Invalid TraceId in B3 header: null'. Returning INVALID span context.
2026-08-15T13:06:38.295Z DEBUG 1 --- [orderservice] [nio-8082-exec-5] [f79f8f60fdc8acba5f9b94a9c268d1d2-aeb551ca1ef3f84b] io.opentelemetry.sdk.trace.SdkSpan       : Ignoring setStatus() description since status is not ERROR.
2026-08-15T13:06:38.296Z DEBUG 1 --- [orderservice] [nio-8082-exec-5] [f79f8f60fdc8acba5f9b94a9c268d1d2-b87fcdda94aa71ea] io.opentelemetry.sdk.trace.SdkSpan       : Ignoring setStatus() description since status is not ERROR.
2026-08-15T13:06:38.328Z DEBUG 1 --- [orderservice] [nio-8082-exec-5] [f79f8f60fdc8acba5f9b94a9c268d1d2-b87fcdda94aa71ea] io.opentelemetry.sdk.trace.SdkSpan       : Ignoring setStatus() description since status is not ERROR.
2026-08-15T13:06:38.333Z DEBUG 1 --- [orderservice] [nio-8082-exec-5] [f79f8f60fdc8acba5f9b94a9c268d1d2-b87fcdda94aa71ea] io.opentelemetry.sdk.trace.SdkSpan       : Ignoring setStatus() description since status is not ERROR.
2026-08-15T13:06:40.014Z  INFO 1 --- [orderservice] [   scheduling-1] [841c82d8ee83ee48bcebceea3f7a663c-b0d9ec452149ac6b] c.j.s.o.jobs.OrderProcessingJob          : Processing New Orders at 2026-08-15T13:06:40.014460633Z
Hibernate: select oe1_0.id,oe1_0.comments,oe1_0.created_at,oe1_0.customer_name,oe1_0.customer_email,oe1_0.customer_phone,oe1_0.delivery_address_line1,oe1_0.delivery_address_line2,oe1_0.delivery_address_city,oe1_0.delivery_address_state,oe1_0.delivery_address_zip_code,oe1_0.delivery_address_country,oe1_0.order_number,oe1_0.status,oe1_0.updated_at,oe1_0.username from orders oe1_0 where oe1_0.status=?
2026-08-15T13:06:40.021Z  INFO 1 --- [orderservice] [   scheduling-1] [841c82d8ee83ee48bcebceea3f7a663c-b0d9ec452149ac6b] c.j.s.orderservice.domain.OrderService   : Found 0 new orders to process
2026-08-15T13:06:40.035Z DEBUG 1 --- [orderservice] [   scheduling-1] [                                                 ] io.opentelemetry.sdk.trace.SdkSpan       : Ignoring setStatus() description since status is not ERROR.
2026-08-15T13:06:40.048Z  INFO 1 --- [orderservice] [   scheduling-1] [017701edfb1fec76252944d4feb828aa-6ebb19e7db61fb44] c.j.s.o.jobs.OrderEventsPublishingJob    : Publishing Order Events at 2026-08-15T13:06:40.048473949Z
Hibernate: select oee1_0.id,oee1_0.created_at,oee1_0.event_id,oee1_0.event_type,oee1_0.order_number,oee1_0.payload,oee1_0.updated_at from order_events oee1_0 order by oee1_0.created_at
2026-08-15T13:06:40.060Z  INFO 1 --- [orderservice] [   scheduling-1] [017701edfb1fec76252944d4feb828aa-6ebb19e7db61fb44] c.j.s.o.domain.OrderEventService         : Found 0 Order Events to be published
2026-08-15T13:06:40.084Z DEBUG 1 --- [orderservice] [   scheduling-1] [                                                 ] io.opentelemetry.sdk.trace.SdkSpan       : Ignoring setStatus() description since status is not ERROR.
2026-08-15T13:06:41.470Z DEBUG 1 --- [orderservice] [_WorkerThread-1] [                                                 ] i.o.sdk.trace.export.BatchSpanProcessor  : Exporter failed
2026-08-15T13:06:43.291Z DEBUG 1 --- [orderservice] [nio-8082-exec-8] [                                                 ] t.p.B3PropagatorExtractorMultipleHeaders : Invalid TraceId in B3 header: null'. Returning INVALID span context.
2026-08-15T13:06:43.292Z DEBUG 1 --- [orderservice] [nio-8082-exec-8] [                                                 ] t.p.B3PropagatorExtractorMultipleHeaders : Invalid TraceId in B3 header: null'. Returning INVALID span context.
2026-08-15T13:06:43.302Z DEBUG 1 --- [orderservice] [nio-8082-exec-8] [205ef98f905dc9c8730549a1fca597dd-94ee27b9196e5df6] io.opentelemetry.sdk.trace.SdkSpan       : Ignoring setStatus() description since status is not ERROR.
2026-08-15T13:06:43.309Z DEBUG 1 --- [orderservice] [nio-8082-exec-8] [205ef98f905dc9c8730549a1fca597dd-57a4357e3ec71af2] io.opentelemetry.sdk.trace.SdkSpan       : Ignoring setStatus() description since status is not ERROR.
2026-08-15T13:06:43.364Z DEBUG 1 --- [orderservice] [nio-8082-exec-8] [205ef98f905dc9c8730549a1fca597dd-57a4357e3ec71af2] io.opentelemetry.sdk.trace.SdkSpan       : Ignoring setStatus() description since status is not ERROR.
2026-08-15T13:06:43.366Z DEBUG 1 --- [orderservice] [nio-8082-exec-8] [205ef98f905dc9c8730549a1fca597dd-57a4357e3ec71af2] io.opentelemetry.sdk.trace.SdkSpan       : Ignoring setStatus() description since status is not ERROR.
2026-08-15T13:06:45.052Z  INFO 1 --- [orderservice] [   scheduling-1] [d7b5baf87f37cd791c0e9684ad74fd5b-05cb247bcbde609f] c.j.s.o.jobs.OrderEventsPublishingJob    : Publishing Order Events at 2026-08-15T13:06:45.052162636Z
Hibernate: select oee1_0.id,oee1_0.created_at,oee1_0.event_id,oee1_0.event_type,oee1_0.order_number,oee1_0.payload,oee1_0.updated_at from order_events oee1_0 order by oee1_0.created_at
2026-08-15T13:06:45.071Z  INFO 1 --- [orderservice] [   scheduling-1] [d7b5baf87f37cd791c0e9684ad74fd5b-05cb247bcbde609f] c.j.s.o.domain.OrderEventService         : Found 0 Order Events to be published
2026-08-15T13:06:45.088Z DEBUG 1 --- [orderservice] [   scheduling-1] [                                                 ] io.opentelemetry.sdk.trace.SdkSpan       : Ignoring setStatus() description since status is not ERROR.
2026-08-15T13:06:46.476Z DEBUG 1 --- [orderservice] [_WorkerThread-1] [                                                 ] i.o.sdk.trace.export.BatchSpanProcessor  : Exporter failed
2026-08-15T13:06:48.290Z DEBUG 1 --- [orderservice] [nio-8082-exec-9] [                                                 ] t.p.B3PropagatorExtractorMultipleHeaders : Invalid TraceId in B3 header: null'. Returning INVALID span context.
2026-08-15T13:06:48.292Z DEBUG 1 --- [orderservice] [nio-8082-exec-9] [                                                 ] t.p.B3PropagatorExtractorMultipleHeaders : Invalid TraceId in B3 header: null'. Returning INVALID span context.
2026-08-15T13:06:48.297Z DEBUG 1 --- [orderservice] [nio-8082-exec-9] [e758d7981bff6129ba6afd932362ddd9-a763f61561ff151f] io.opentelemetry.sdk.trace.SdkSpan       : Ignoring setStatus() description since status is not ERROR.
2026-08-15T13:06:48.300Z DEBUG 1 --- [orderservice] [nio-8082-exec-9] [e758d7981bff6129ba6afd932362ddd9-fd9400f60e149f02] io.opentelemetry.sdk.trace.SdkSpan       : Ignoring setStatus() description since status is not ERROR.
2026-08-15T13:06:48.333Z DEBUG 1 --- [orderservice] [nio-8082-exec-9] [e758d7981bff6129ba6afd932362ddd9-fd9400f60e149f02] io.opentelemetry.sdk.trace.SdkSpan       : Ignoring setStatus() description since status is not ERROR.
2026-08-15T13:06:48.336Z DEBUG 1 --- [orderservice] [nio-8082-exec-9] [e758d7981bff6129ba6afd932362ddd9-fd9400f60e149f02] io.opentelemetry.sdk.trace.SdkSpan       : Ignoring setStatus() description since status is not ERROR.
2026-08-15T13:06:50.020Z  INFO 1 --- [orderservice] [   scheduling-1] [dbb02ea809594f30e81bc8e7a1cbc625-0dd2383358f49427] c.j.s.o.jobs.OrderEventsPublishingJob    : Publishing Order Events at 2026-08-15T13:06:50.020359148Z
Hibernate: select oee1_0.id,oee1_0.created_at,oee1_0.event_id,oee1_0.event_type,oee1_0.order_number,oee1_0.payload,oee1_0.updated_at from order_events oee1_0 order by oee1_0.created_at
2026-08-15T13:06:50.040Z  INFO 1 --- [orderservice] [   scheduling-1] [dbb02ea809594f30e81bc8e7a1cbc625-0dd2383358f49427] c.j.s.o.domain.OrderEventService         : Found 0 Order Events to be published
2026-08-15T13:06:50.057Z DEBUG 1 --- [orderservice] [   scheduling-1] [                                                 ] io.opentelemetry.sdk.trace.SdkSpan       : Ignoring setStatus() description since status is not ERROR.
2026-08-15T13:06:50.070Z  INFO 1 --- [orderservice] [   scheduling-1] [8d41ef9da6edbc4ca404f9543de75140-9079ce9990bad76e] c.j.s.o.jobs.OrderProcessingJob          : Processing New Orders at 2026-08-15T13:06:50.070677046Z
Hibernate: select oe1_0.id,oe1_0.comments,oe1_0.created_at,oe1_0.customer_name,oe1_0.customer_email,oe1_0.customer_phone,oe1_0.delivery_address_line1,oe1_0.delivery_address_line2,oe1_0.delivery_address_city,oe1_0.delivery_address_state,oe1_0.delivery_address_zip_code,oe1_0.delivery_address_country,oe1_0.order_number,oe1_0.status,oe1_0.updated_at,oe1_0.username from orders oe1_0 where oe1_0.status=?
2026-08-15T13:06:50.078Z  INFO 1 --- [orderservice] [   scheduling-1] [8d41ef9da6edbc4ca404f9543de75140-9079ce9990bad76e] c.j.s.orderservice.domain.OrderService   : Found 0 new orders to process
2026-08-15T13:06:50.093Z DEBUG 1 --- [orderservice] [   scheduling-1] [                                                 ] io.opentelemetry.sdk.trace.SdkSpan       : Ignoring setStatus() description since status is not ERROR.
2026-08-15T13:06:51.483Z DEBUG 1 --- [orderservice] [_WorkerThread-1] [                                                 ] i.o.sdk.trace.export.BatchSpanProcessor  : Exporter failed
2026-08-15T13:06:53.287Z DEBUG 1 --- [orderservice] [io-8082-exec-10] [                                                 ] t.p.B3PropagatorExtractorMultipleHeaders : Invalid TraceId in B3 header: null'. Returning INVALID span context.
2026-08-15T13:06:53.288Z DEBUG 1 --- [orderservice] [io-8082-exec-10] [                                                 ] t.p.B3PropagatorExtractorMultipleHeaders : Invalid TraceId in B3 header: null'. Returning INVALID span context.
2026-08-15T13:06:53.295Z DEBUG 1 --- [orderservice] [io-8082-exec-10] [6852516553b89931d43cc6cb1e706363-b85260013358c311] io.opentelemetry.sdk.trace.SdkSpan       : Ignoring setStatus() description since status is not ERROR.
2026-08-15T13:06:53.297Z DEBUG 1 --- [orderservice] [io-8082-exec-10] [6852516553b89931d43cc6cb1e706363-75a8bac6ad6f9f82] io.opentelemetry.sdk.trace.SdkSpan       : Ignoring setStatus() description since status is not ERROR.
2026-08-15T13:06:53.335Z DEBUG 1 --- [orderservice] [io-8082-exec-10] [6852516553b89931d43cc6cb1e706363-75a8bac6ad6f9f82] io.opentelemetry.sdk.trace.SdkSpan       : Ignoring setStatus() description since status is not ERROR.
2026-08-15T13:06:53.338Z DEBUG 1 --- [orderservice] [io-8082-exec-10] [6852516553b89931d43cc6cb1e706363-75a8bac6ad6f9f82] io.opentelemetry.sdk.trace.SdkSpan       : Ignoring setStatus() description since status is not ERROR.
2026-08-15T13:06:55.048Z  INFO 1 --- [orderservice] [   scheduling-1] [20b0df888578a88445325a19accf8cba-c6f682c98a5a614b] c.j.s.o.jobs.OrderEventsPublishingJob    : Publishing Order Events at 2026-08-15T13:06:55.048855603Z
Hibernate: select oee1_0.id,oee1_0.created_at,oee1_0.event_id,oee1_0.event_type,oee1_0.order_number,oee1_0.payload,oee1_0.updated_at from order_events oee1_0 order by oee1_0.created_at
2026-08-15T13:06:55.056Z  INFO 1 --- [orderservice] [   scheduling-1] [20b0df888578a88445325a19accf8cba-c6f682c98a5a614b] c.j.s.o.domain.OrderEventService         : Found 0 Order Events to be published
2026-08-15T13:06:55.069Z DEBUG 1 --- [orderservice] [   scheduling-1] [                                                 ] io.opentelemetry.sdk.trace.SdkSpan       : Ignoring setStatus() description since status is not ERROR.
2026-08-15T13:06:56.495Z DEBUG 1 --- [orderservice] [_WorkerThread-1] [                                                 ] i.o.sdk.trace.export.BatchSpanProcessor  : Exporter failed
2026-08-15T13:06:58.287Z DEBUG 1 --- [orderservice] [nio-8082-exec-1] [                                                 ] t.p.B3PropagatorExtractorMultipleHeaders : Invalid TraceId in B3 header: null'. Returning INVALID span context.
2026-08-15T13:06:58.287Z DEBUG 1 --- [orderservice] [nio-8082-exec-1] [                                                 ] t.p.B3PropagatorExtractorMultipleHeaders : Invalid TraceId in B3 header: null'. Returning INVALID span context.
2026-08-15T13:06:58.292Z DEBUG 1 --- [orderservice] [nio-8082-exec-1] [4dfceea6f5577fcbcee352a273dc76db-e31b4e7a9c598958] io.opentelemetry.sdk.trace.SdkSpan       : Ignoring setStatus() description since status is not ERROR.
2026-08-15T13:06:58.293Z DEBUG 1 --- [orderservice] [nio-8082-exec-1] [4dfceea6f5577fcbcee352a273dc76db-6e4ae80dc821ee3a] io.opentelemetry.sdk.trace.SdkSpan       : Ignoring setStatus() description since status is not ERROR.
2026-08-15T13:06:58.324Z DEBUG 1 --- [orderservice] [nio-8082-exec-1] [4dfceea6f5577fcbcee352a273dc76db-6e4ae80dc821ee3a] io.opentelemetry.sdk.trace.SdkSpan       : Ignoring setStatus() description since status is not ERROR.
2026-08-15T13:06:58.327Z DEBUG 1 --- [orderservice] [nio-8082-exec-1] [4dfceea6f5577fcbcee352a273dc76db-6e4ae80dc821ee3a] io.opentelemetry.sdk.trace.SdkSpan       : Ignoring setStatus() description since status is not ERROR.
2026-08-15T13:07:00.046Z  INFO 1 --- [orderservice] [   scheduling-1] [9b9b76aa29e911897bcfe085a6befd27-aadbd00087d1b054] c.j.s.o.jobs.OrderProcessingJob          : Processing New Orders at 2026-08-15T13:07:00.046489345Z
Hibernate: select oe1_0.id,oe1_0.comments,oe1_0.created_at,oe1_0.customer_name,oe1_0.customer_email,oe1_0.customer_phone,oe1_0.delivery_address_line1,oe1_0.delivery_address_line2,oe1_0.delivery_address_city,oe1_0.delivery_address_state,oe1_0.delivery_address_zip_code,oe1_0.delivery_address_country,oe1_0.order_number,oe1_0.status,oe1_0.updated_at,oe1_0.username from orders oe1_0 where oe1_0.status=?
2026-08-15T13:07:00.049Z  INFO 1 --- [orderservice] [   scheduling-1] [9b9b76aa29e911897bcfe085a6befd27-aadbd00087d1b054] c.j.s.orderservice.domain.OrderService   : Found 0 new orders to process
2026-08-15T13:07:00.058Z DEBUG 1 --- [orderservice] [   scheduling-1] [                                                 ] io.opentelemetry.sdk.trace.SdkSpan       : Ignoring setStatus() description since status is not ERROR.
2026-08-15T13:07:00.066Z  INFO 1 --- [orderservice] [   scheduling-1] [196176bbb244f193d9dbb1203c42e48f-6d72d48d32ef9953] c.j.s.o.jobs.OrderEventsPublishingJob    : Publishing Order Events at 2026-08-15T13:07:00.066316651Z
Hibernate: select oee1_0.id,oee1_0.created_at,oee1_0.event_id,oee1_0.event_type,oee1_0.order_number,oee1_0.payload,oee1_0.updated_at from order_events oee1_0 order by oee1_0.created_at
2026-08-15T13:07:00.071Z  INFO 1 --- [orderservice] [   scheduling-1] [196176bbb244f193d9dbb1203c42e48f-6d72d48d32ef9953] c.j.s.o.domain.OrderEventService         : Found 0 Order Events to be published
2026-08-15T13:07:00.080Z DEBUG 1 --- [orderservice] [   scheduling-1] [                                                 ] io.opentelemetry.sdk.trace.SdkSpan       : Ignoring setStatus() description since status is not ERROR.
2026-08-15T13:07:01.499Z DEBUG 1 --- [orderservice] [_WorkerThread-1] [                                                 ] i.o.sdk.trace.export.BatchSpanProcessor  : Exporter failed
2026-08-15T13:07:03.286Z DEBUG 1 --- [orderservice] [nio-8082-exec-2] [                                                 ] t.p.B3PropagatorExtractorMultipleHeaders : Invalid TraceId in B3 header: null'. Returning INVALID span context.
2026-08-15T13:07:03.287Z DEBUG 1 --- [orderservice] [nio-8082-exec-2] [                                                 ] t.p.B3PropagatorExtractorMultipleHeaders : Invalid TraceId in B3 header: null'. Returning INVALID span context.
2026-08-15T13:07:03.292Z DEBUG 1 --- [orderservice] [nio-8082-exec-2] [f4d1469dbb29e473fb649d95c2d8439c-672490b9563c9996] io.opentelemetry.sdk.trace.SdkSpan       : Ignoring setStatus() description since status is not ERROR.
2026-08-15T13:07:03.294Z DEBUG 1 --- [orderservice] [nio-8082-exec-2] [f4d1469dbb29e473fb649d95c2d8439c-4b30cb5ac7f0dc1e] io.opentelemetry.sdk.trace.SdkSpan       : Ignoring setStatus() description since status is not ERROR.
2026-08-15T13:07:03.326Z DEBUG 1 --- [orderservice] [nio-8082-exec-2] [f4d1469dbb29e473fb649d95c2d8439c-4b30cb5ac7f0dc1e] io.opentelemetry.sdk.trace.SdkSpan       : Ignoring setStatus() description since status is not ERROR.
2026-08-15T13:07:03.328Z DEBUG 1 --- [orderservice] [nio-8082-exec-2] [f4d1469dbb29e473fb649d95c2d8439c-4b30cb5ac7f0dc1e] io.opentelemetry.sdk.trace.SdkSpan       : Ignoring setStatus() description since status is not ERROR.
2026-08-15T13:07:05.013Z  INFO 1 --- [orderservice] [   scheduling-1] [3f8dee1f997a788aff2ac2f18a3415d9-589e648346cabad7] c.j.s.o.jobs.OrderEventsPublishingJob    : Publishing Order Events at 2026-08-15T13:07:05.013265164Z
Hibernate: select oee1_0.id,oee1_0.created_at,oee1_0.event_id,oee1_0.event_type,oee1_0.order_number,oee1_0.payload,oee1_0.updated_at from order_events oee1_0 order by oee1_0.created_at
2026-08-15T13:07:05.024Z  INFO 1 --- [orderservice] [   scheduling-1] [3f8dee1f997a788aff2ac2f18a3415d9-589e648346cabad7] c.j.s.o.domain.OrderEventService         : Found 0 Order Events to be published
2026-08-15T13:07:05.039Z DEBUG 1 --- [orderservice] [   scheduling-1] [                                                 ] io.opentelemetry.sdk.trace.SdkSpan       : Ignoring setStatus() description since status is not ERROR.
2026-08-15T13:07:06.511Z DEBUG 1 --- [orderservice] [_WorkerThread-1] [                                                 ] i.o.sdk.trace.export.BatchSpanProcessor  : Exporter failed
2026-08-15T13:07:08.287Z DEBUG 1 --- [orderservice] [nio-8082-exec-3] [                                                 ] t.p.B3PropagatorExtractorMultipleHeaders : Invalid TraceId in B3 header: null'. Returning INVALID span context.
2026-08-15T13:07:08.288Z DEBUG 1 --- [orderservice] [nio-8082-exec-3] [                                                 ] t.p.B3PropagatorExtractorMultipleHeaders : Invalid TraceId in B3 header: null'. Returning INVALID span context.
2026-08-15T13:07:08.294Z DEBUG 1 --- [orderservice] [nio-8082-exec-3] [d99acceb871d8fe25d36a7240daa358a-e8667410e31c240c] io.opentelemetry.sdk.trace.SdkSpan       : Ignoring setStatus() description since status is not ERROR.
2026-08-15T13:07:08.300Z DEBUG 1 --- [orderservice] [nio-8082-exec-3] [d99acceb871d8fe25d36a7240daa358a-c025b39bf33f92f7] io.opentelemetry.sdk.trace.SdkSpan       : Ignoring setStatus() description since status is not ERROR.
2026-08-15T13:07:08.338Z DEBUG 1 --- [orderservice] [nio-8082-exec-3] [d99acceb871d8fe25d36a7240daa358a-c025b39bf33f92f7] io.opentelemetry.sdk.trace.SdkSpan       : Ignoring setStatus() description since status is not ERROR.
2026-08-15T13:07:08.342Z DEBUG 1 --- [orderservice] [nio-8082-exec-3] [d99acceb871d8fe25d36a7240daa358a-c025b39bf33f92f7] io.opentelemetry.sdk.trace.SdkSpan       : Ignoring setStatus() description since status is not ERROR.
2026-08-15T13:07:10.017Z  INFO 1 --- [orderservice] [   scheduling-1] [a48a871cd701417f1692eef8111397c4-69ac1fe63646efb0] c.j.s.o.jobs.OrderProcessingJob          : Processing New Orders at 2026-08-15T13:07:10.017156275Z
Hibernate: select oe1_0.id,oe1_0.comments,oe1_0.created_at,oe1_0.customer_name,oe1_0.customer_email,oe1_0.customer_phone,oe1_0.delivery_address_line1,oe1_0.delivery_address_line2,oe1_0.delivery_address_city,oe1_0.delivery_address_state,oe1_0.delivery_address_zip_code,oe1_0.delivery_address_country,oe1_0.order_number,oe1_0.status,oe1_0.updated_at,oe1_0.username from orders oe1_0 where oe1_0.status=?
2026-08-15T13:07:10.029Z  INFO 1 --- [orderservice] [   scheduling-1] [a48a871cd701417f1692eef8111397c4-69ac1fe63646efb0] c.j.s.orderservice.domain.OrderService   : Found 0 new orders to process
2026-08-15T13:07:10.045Z DEBUG 1 --- [orderservice] [   scheduling-1] [                                                 ] io.opentelemetry.sdk.trace.SdkSpan       : Ignoring setStatus() description since status is not ERROR.
2026-08-15T13:07:10.059Z  INFO 1 --- [orderservice] [   scheduling-1] [7881c46b55521b5506fb4d51761c5072-9c3d84120cca1b5c] c.j.s.o.jobs.OrderEventsPublishingJob    : Publishing Order Events at 2026-08-15T13:07:10.059311065Z
Hibernate: select oee1_0.id,oee1_0.created_at,oee1_0.event_id,oee1_0.event_type,oee1_0.order_number,oee1_0.payload,oee1_0.updated_at from order_events oee1_0 order by oee1_0.created_at
2026-08-15T13:07:10.066Z  INFO 1 --- [orderservice] [   scheduling-1] [7881c46b55521b5506fb4d51761c5072-9c3d84120cca1b5c] c.j.s.o.domain.OrderEventService         : Found 0 Order Events to be published
2026-08-15T13:07:10.078Z DEBUG 1 --- [orderservice] [   scheduling-1] [                                                 ] io.opentelemetry.sdk.trace.SdkSpan       : Ignoring setStatus() description since status is not ERROR.
2026-08-15T13:07:11.516Z DEBUG 1 --- [orderservice] [_WorkerThread-1] [                                                 ] i.o.sdk.trace.export.BatchSpanProcessor  : Exporter failed
2026-08-15T13:07:13.289Z DEBUG 1 --- [orderservice] [nio-8082-exec-4] [                                                 ] t.p.B3PropagatorExtractorMultipleHeaders : Invalid TraceId in B3 header: null'. Returning INVALID span context.
2026-08-15T13:07:13.290Z DEBUG 1 --- [orderservice] [nio-8082-exec-4] [                                                 ] t.p.B3PropagatorExtractorMultipleHeaders : Invalid TraceId in B3 header: null'. Returning INVALID span context.
2026-08-15T13:07:13.297Z DEBUG 1 --- [orderservice] [nio-8082-exec-4] [4e0dc7e096e01f67ecf34fb96a98cb4a-442f322952783593] io.opentelemetry.sdk.trace.SdkSpan       : Ignoring setStatus() description since status is not ERROR.
2026-08-15T13:07:13.300Z DEBUG 1 --- [orderservice] [nio-8082-exec-4] [4e0dc7e096e01f67ecf34fb96a98cb4a-cb0c806e4021c5c2] io.opentelemetry.sdk.trace.SdkSpan       : Ignoring setStatus() description since status is not ERROR.
2026-08-15T13:07:13.348Z DEBUG 1 --- [orderservice] [nio-8082-exec-4] [4e0dc7e096e01f67ecf34fb96a98cb4a-cb0c806e4021c5c2] io.opentelemetry.sdk.trace.SdkSpan       : Ignoring setStatus() description since status is not ERROR.
2026-08-15T13:07:13.351Z DEBUG 1 --- [orderservice] [nio-8082-exec-4] [4e0dc7e096e01f67ecf34fb96a98cb4a-cb0c806e4021c5c2] io.opentelemetry.sdk.trace.SdkSpan       : Ignoring setStatus() description since status is not ERROR.
2026-08-15T13:07:15.008Z  INFO 1 --- [orderservice] [   scheduling-1] [62e233b326c76db1536eedbd6e96c001-338063876a0b269b] c.j.s.o.jobs.OrderEventsPublishingJob    : Publishing Order Events at 2026-08-15T13:07:15.008552126Z
Hibernate: select oee1_0.id,oee1_0.created_at,oee1_0.event_id,oee1_0.event_type,oee1_0.order_number,oee1_0.payload,oee1_0.updated_at from order_events oee1_0 order by oee1_0.created_at
2026-08-15T13:07:15.015Z  INFO 1 --- [orderservice] [   scheduling-1] [62e233b326c76db1536eedbd6e96c001-338063876a0b269b] c.j.s.o.domain.OrderEventService         : Found 0 Order Events to be published
2026-08-15T13:07:15.026Z DEBUG 1 --- [orderservice] [   scheduling-1] [                                                 ] io.opentelemetry.sdk.trace.SdkSpan       : Ignoring setStatus() description since status is not ERROR.
2026-08-15T13:07:16.520Z DEBUG 1 --- [orderservice] [_WorkerThread-1] [                                                 ] i.o.sdk.trace.export.BatchSpanProcessor  : Exporter failed
2026-08-15T13:07:18.286Z DEBUG 1 --- [orderservice] [nio-8082-exec-6] [                                                 ] t.p.B3PropagatorExtractorMultipleHeaders : Invalid TraceId in B3 header: null'. Returning INVALID span context.
2026-08-15T13:07:18.287Z DEBUG 1 --- [orderservice] [nio-8082-exec-6] [                                                 ] t.p.B3PropagatorExtractorMultipleHeaders : Invalid TraceId in B3 header: null'. Returning INVALID span context.
2026-08-15T13:07:18.291Z DEBUG 1 --- [orderservice] [nio-8082-exec-6] [4df1efe7e7d1b65a8d52a2c8e6ff78bc-b639267988d426f5] io.opentelemetry.sdk.trace.SdkSpan       : Ignoring setStatus() description since status is not ERROR.
2026-08-15T13:07:18.292Z DEBUG 1 --- [orderservice] [nio-8082-exec-6] [4df1efe7e7d1b65a8d52a2c8e6ff78bc-9ed4e892cbae7e6d] io.opentelemetry.sdk.trace.SdkSpan       : Ignoring setStatus() description since status is not ERROR.
2026-08-15T13:07:18.324Z DEBUG 1 --- [orderservice] [nio-8082-exec-6] [4df1efe7e7d1b65a8d52a2c8e6ff78bc-9ed4e892cbae7e6d] io.opentelemetry.sdk.trace.SdkSpan       : Ignoring setStatus() description since status is not ERROR.
2026-08-15T13:07:18.329Z DEBUG 1 --- [orderservice] [nio-8082-exec-6] [4df1efe7e7d1b65a8d52a2c8e6ff78bc-9ed4e892cbae7e6d] io.opentelemetry.sdk.trace.SdkSpan       : Ignoring setStatus() description since status is not ERROR.
2026-08-15T13:07:20.051Z  INFO 1 --- [orderservice] [   scheduling-1] [46738a3c5cd3f0b3666f4f24c107896f-6ce2d3fe2114845f] c.j.s.o.jobs.OrderEventsPublishingJob    : Publishing Order Events at 2026-08-15T13:07:20.051265418Z
Hibernate: select oee1_0.id,oee1_0.created_at,oee1_0.event_id,oee1_0.event_type,oee1_0.order_number,oee1_0.payload,oee1_0.updated_at from order_events oee1_0 order by oee1_0.created_at
2026-08-15T13:07:20.066Z  INFO 1 --- [orderservice] [   scheduling-1] [46738a3c5cd3f0b3666f4f24c107896f-6ce2d3fe2114845f] c.j.s.o.domain.OrderEventService         : Found 0 Order Events to be published
2026-08-15T13:07:20.083Z DEBUG 1 --- [orderservice] [   scheduling-1] [                                                 ] io.opentelemetry.sdk.trace.SdkSpan       : Ignoring setStatus() description since status is not ERROR.
2026-08-15T13:07:20.097Z  INFO 1 --- [orderservice] [   scheduling-1] [5ae532530f4ead2538cb6f464d7d8237-33076b6a2c01ebb7] c.j.s.o.jobs.OrderProcessingJob          : Processing New Orders at 2026-08-15T13:07:20.097882681Z
Hibernate: select oe1_0.id,oe1_0.comments,oe1_0.created_at,oe1_0.customer_name,oe1_0.customer_email,oe1_0.customer_phone,oe1_0.delivery_address_line1,oe1_0.delivery_address_line2,oe1_0.delivery_address_city,oe1_0.delivery_address_state,oe1_0.delivery_address_zip_code,oe1_0.delivery_address_country,oe1_0.order_number,oe1_0.status,oe1_0.updated_at,oe1_0.username from orders oe1_0 where oe1_0.status=?
2026-08-15T13:07:20.107Z  INFO 1 --- [orderservice] [   scheduling-1] [5ae532530f4ead2538cb6f464d7d8237-33076b6a2c01ebb7] c.j.s.orderservice.domain.OrderService   : Found 0 new orders to process
2026-08-15T13:07:20.121Z DEBUG 1 --- [orderservice] [   scheduling-1] [                                                 ] io.opentelemetry.sdk.trace.SdkSpan       : Ignoring setStatus() description since status is not ERROR.
2026-08-15T13:07:21.521Z DEBUG 1 --- [orderservice] [_WorkerThread-1] [                                                 ] i.o.sdk.trace.export.BatchSpanProcessor  : Exporter failed
2026-08-15T13:07:23.282Z DEBUG 1 --- [orderservice] [nio-8082-exec-7] [                                                 ] t.p.B3PropagatorExtractorMultipleHeaders : Invalid TraceId in B3 header: null'. Returning INVALID span context.
2026-08-15T13:07:23.282Z DEBUG 1 --- [orderservice] [nio-8082-exec-7] [                                                 ] t.p.B3PropagatorExtractorMultipleHeaders : Invalid TraceId in B3 header: null'. Returning INVALID span context.
2026-08-15T13:07:23.285Z DEBUG 1 --- [orderservice] [nio-8082-exec-7] [86f17a85de981155a776db2b3bd8c126-c927699749180ac7] io.opentelemetry.sdk.trace.SdkSpan       : Ignoring setStatus() description since status is not ERROR.
2026-08-15T13:07:23.285Z DEBUG 1 --- [orderservice] [nio-8082-exec-7] [86f17a85de981155a776db2b3bd8c126-cc628ad36f3e4a3d] io.opentelemetry.sdk.trace.SdkSpan       : Ignoring setStatus() description since status is not ERROR.
2026-08-15T13:07:23.296Z DEBUG 1 --- [orderservice] [nio-8082-exec-7] [86f17a85de981155a776db2b3bd8c126-cc628ad36f3e4a3d] io.opentelemetry.sdk.trace.SdkSpan       : Ignoring setStatus() description since status is not ERROR.
2026-08-15T13:07:23.297Z DEBUG 1 --- [orderservice] [nio-8082-exec-7] [86f17a85de981155a776db2b3bd8c126-cc628ad36f3e4a3d] io.opentelemetry.sdk.trace.SdkSpan       : Ignoring setStatus() description since status is not ERROR.
2026-08-15T13:07:25.005Z  INFO 1 --- [orderservice] [   scheduling-1] [1ab97992003c1dcf76d363d413075b1e-1a25514516190787] c.j.s.o.jobs.OrderEventsPublishingJob    : Publishing Order Events at 2026-08-15T13:07:25.005868625Z
Hibernate: select oee1_0.id,oee1_0.created_at,oee1_0.event_id,oee1_0.event_type,oee1_0.order_number,oee1_0.payload,oee1_0.updated_at from order_events oee1_0 order by oee1_0.created_at
2026-08-15T13:07:25.011Z  INFO 1 --- [orderservice] [   scheduling-1] [1ab97992003c1dcf76d363d413075b1e-1a25514516190787] c.j.s.o.domain.OrderEventService         : Found 0 Order Events to be published
2026-08-15T13:07:25.021Z DEBUG 1 --- [orderservice] [   scheduling-1] [                                                 ] io.opentelemetry.sdk.trace.SdkSpan       : Ignoring setStatus() description since status is not ERROR.
2026-08-15T13:07:26.531Z DEBUG 1 --- [orderservice] [_WorkerThread-1] [                                                 ] i.o.sdk.trace.export.BatchSpanProcessor  : Exporter failed
2026-08-15T13:07:28.281Z DEBUG 1 --- [orderservice] [nio-8082-exec-5] [                                                 ] t.p.B3PropagatorExtractorMultipleHeaders : Invalid TraceId in B3 header: null'. Returning INVALID span context.
2026-08-15T13:07:28.281Z DEBUG 1 --- [orderservice] [nio-8082-exec-5] [                                                 ] t.p.B3PropagatorExtractorMultipleHeaders : Invalid TraceId in B3 header: null'. Returning INVALID span context.
2026-08-15T13:07:28.283Z DEBUG 1 --- [orderservice] [nio-8082-exec-5] [f87b3173338cbde859792fa545f414cc-fec647522dccdebd] io.opentelemetry.sdk.trace.SdkSpan       : Ignoring setStatus() description since status is not ERROR.
2026-08-15T13:07:28.283Z DEBUG 1 --- [orderservice] [nio-8082-exec-5] [f87b3173338cbde859792fa545f414cc-358a1211c93b7a80] io.opentelemetry.sdk.trace.SdkSpan       : Ignoring setStatus() description since status is not ERROR.
2026-08-15T13:07:28.295Z DEBUG 1 --- [orderservice] [nio-8082-exec-5] [f87b3173338cbde859792fa545f414cc-358a1211c93b7a80] io.opentelemetry.sdk.trace.SdkSpan       : Ignoring setStatus() description since status is not ERROR.
2026-08-15T13:07:28.296Z DEBUG 1 --- [orderservice] [nio-8082-exec-5] [f87b3173338cbde859792fa545f414cc-358a1211c93b7a80] io.opentelemetry.sdk.trace.SdkSpan       : Ignoring setStatus() description since status is not ERROR.
2026-08-15T13:07:30.049Z  INFO 1 --- [orderservice] [   scheduling-1] [365f8f7f0c5e6dcdd273ab0634ffe972-a22ea545e021269b] c.j.s.o.jobs.OrderProcessingJob          : Processing New Orders at 2026-08-15T13:07:30.049492271Z
Hibernate: select oe1_0.id,oe1_0.comments,oe1_0.created_at,oe1_0.customer_name,oe1_0.customer_email,oe1_0.customer_phone,oe1_0.delivery_address_line1,oe1_0.delivery_address_line2,oe1_0.delivery_address_city,oe1_0.delivery_address_state,oe1_0.delivery_address_zip_code,oe1_0.delivery_address_country,oe1_0.order_number,oe1_0.status,oe1_0.updated_at,oe1_0.username from orders oe1_0 where oe1_0.status=?
2026-08-15T13:07:30.058Z  INFO 1 --- [orderservice] [   scheduling-1] [365f8f7f0c5e6dcdd273ab0634ffe972-a22ea545e021269b] c.j.s.orderservice.domain.OrderService   : Found 0 new orders to process
2026-08-15T13:07:30.074Z DEBUG 1 --- [orderservice] [   scheduling-1] [                                                 ] io.opentelemetry.sdk.trace.SdkSpan       : Ignoring setStatus() description since status is not ERROR.
2026-08-15T13:07:30.088Z  INFO 1 --- [orderservice] [   scheduling-1] [d142c01aa26509964930801df58e304c-d8e9d9c38fb4e1b0] c.j.s.o.jobs.OrderEventsPublishingJob    : Publishing Order Events at 2026-08-15T13:07:30.088359337Z
Hibernate: select oee1_0.id,oee1_0.created_at,oee1_0.event_id,oee1_0.event_type,oee1_0.order_number,oee1_0.payload,oee1_0.updated_at from order_events oee1_0 order by oee1_0.created_at
2026-08-15T13:07:30.098Z  INFO 1 --- [orderservice] [   scheduling-1] [d142c01aa26509964930801df58e304c-d8e9d9c38fb4e1b0] c.j.s.o.domain.OrderEventService         : Found 0 Order Events to be published
2026-08-15T13:07:30.114Z DEBUG 1 --- [orderservice] [   scheduling-1] [                                                 ] io.opentelemetry.sdk.trace.SdkSpan       : Ignoring setStatus() description since status is not ERROR.
2026-08-15T13:07:31.544Z  WARN 1 --- [orderservice] [_WorkerThread-1] [                                                 ] i.o.exporter.zipkin.ZipkinSpanExporter   : Failed to export spans

java.net.ConnectException: Connection refused
	at java.net.http/jdk.internal.net.http.HttpClientImpl.send(Unknown Source) ~[java.net.http:na]
	at java.net.http/jdk.internal.net.http.HttpClientFacade.send(Unknown Source) ~[java.net.http:na]
	at org.springframework.boot.zipkin.autoconfigure.ZipkinHttpClientSender.postSpans(ZipkinHttpClientSender.java:59) ~[spring-boot-zipkin-4.1.0.jar:4.1.0]
	at org.springframework.boot.zipkin.autoconfigure.HttpSender.postSpans(HttpSender.java:69) ~[spring-boot-zipkin-4.1.0.jar:4.1.0]
	at org.springframework.boot.zipkin.autoconfigure.HttpSender.postSpans(HttpSender.java:41) ~[spring-boot-zipkin-4.1.0.jar:4.1.0]
	at zipkin2.reporter.BaseHttpSender.send(BaseHttpSender.java:123) ~[zipkin-reporter-3.5.3.jar:na]
	at io.opentelemetry.exporter.zipkin.ZipkinSpanExporter.lambda$export$0(ZipkinSpanExporter.java:104) ~[opentelemetry-exporter-zipkin-1.62.0.jar:1.62.0]
	at io.opentelemetry.context.Context.lambda$wrap$1(Context.java:241) ~[opentelemetry-context-1.62.0.jar:1.62.0]
	at io.opentelemetry.api.internal.InstrumentationUtil.suppressInstrumentation(InstrumentationUtil.java:28) ~[opentelemetry-api-1.62.0.jar:1.62.0]
	at io.opentelemetry.exporter.zipkin.ZipkinSpanExporter.export(ZipkinSpanExporter.java:101) ~[opentelemetry-exporter-zipkin-1.62.0.jar:1.62.0]
	at io.micrometer.tracing.otel.bridge.CompositeSpanExporter.lambda$export$3(CompositeSpanExporter.java:90) ~[micrometer-tracing-bridge-otel-1.7.0.jar:1.7.0]
	at java.base/java.util.ImmutableCollections$List12.forEach(Unknown Source) ~[na:na]
	at io.micrometer.tracing.otel.bridge.CompositeSpanExporter.export(CompositeSpanExporter.java:90) ~[micrometer-tracing-bridge-otel-1.7.0.jar:1.7.0]
	at io.opentelemetry.sdk.trace.export.BatchSpanProcessor$Worker.exportCurrentBatch(BatchSpanProcessor.java:334) ~[opentelemetry-sdk-trace-1.62.0.jar:1.62.0]
	at io.opentelemetry.sdk.trace.export.BatchSpanProcessor$Worker.run(BatchSpanProcessor.java:235) ~[opentelemetry-sdk-trace-1.62.0.jar:1.62.0]
	at java.base/java.lang.Thread.run(Unknown Source) ~[na:na]
Caused by: java.net.ConnectException: Connection refused
	at java.base/sun.nio.ch.Net.pollConnect(Native Method) ~[na:na]
	at java.base/sun.nio.ch.Net.pollConnectNow(Unknown Source) ~[na:na]
	at java.base/sun.nio.ch.SocketChannelImpl.finishConnect(Unknown Source) ~[na:na]
	at java.net.http/jdk.internal.net.http.PlainHttpConnection$ConnectEvent.handle(Unknown Source) ~[java.net.http:na]
	at java.net.http/jdk.internal.net.http.HttpClientImpl$SelectorManager.handleEvent(Unknown Source) ~[java.net.http:na]
	at java.net.http/jdk.internal.net.http.HttpClientImpl$SelectorManager.lambda$run$3(Unknown Source) ~[java.net.http:na]
	at java.base/java.util.ArrayList.forEach(Unknown Source) ~[na:na]
	at java.net.http/jdk.internal.net.http.HttpClientImpl$SelectorManager.run(Unknown Source) ~[java.net.http:na]
	at java.base/java.lang.VirtualThread.run(Unknown Source) ~[na:na]

2026-08-15T13:07:31.547Z DEBUG 1 --- [orderservice] [_WorkerThread-1] [                                                 ] i.o.sdk.trace.export.BatchSpanProcessor  : Exporter failed
2026-08-15T13:07:33.285Z DEBUG 1 --- [orderservice] [nio-8082-exec-8] [                                                 ] t.p.B3PropagatorExtractorMultipleHeaders : Invalid TraceId in B3 header: null'. Returning INVALID span context.
2026-08-15T13:07:33.286Z DEBUG 1 --- [orderservice] [nio-8082-exec-8] [                                                 ] t.p.B3PropagatorExtractorMultipleHeaders : Invalid TraceId in B3 header: null'. Returning INVALID span context.
2026-08-15T13:07:33.290Z DEBUG 1 --- [orderservice] [nio-8082-exec-8] [1eddbe298b90a64a50b3636a3eb03dd2-c6f8b36e69fe2574] io.opentelemetry.sdk.trace.SdkSpan       : Ignoring setStatus() description since status is not ERROR.
2026-08-15T13:07:33.293Z DEBUG 1 --- [orderservice] [nio-8082-exec-8] [1eddbe298b90a64a50b3636a3eb03dd2-e95570820a0ff1dc] io.opentelemetry.sdk.trace.SdkSpan       : Ignoring setStatus() description since status is not ERROR.
2026-08-15T13:07:33.329Z DEBUG 1 --- [orderservice] [nio-8082-exec-8] [1eddbe298b90a64a50b3636a3eb03dd2-e95570820a0ff1dc] io.opentelemetry.sdk.trace.SdkSpan       : Ignoring setStatus() description since status is not ERROR.
2026-08-15T13:07:33.333Z DEBUG 1 --- [orderservice] [nio-8082-exec-8] [1eddbe298b90a64a50b3636a3eb03dd2-e95570820a0ff1dc] io.opentelemetry.sdk.trace.SdkSpan       : Ignoring setStatus() description since status is not ERROR.
2026-08-15T13:07:35.049Z  INFO 1 --- [orderservice] [   scheduling-1] [7217b7a87687fb46cb1b12b006a40f12-3d94b31bbc7b3ac4] c.j.s.o.jobs.OrderEventsPublishingJob    : Publishing Order Events at 2026-08-15T13:07:35.049802945Z
Hibernate: select oee1_0.id,oee1_0.created_at,oee1_0.event_id,oee1_0.event_type,oee1_0.order_number,oee1_0.payload,oee1_0.updated_at from order_events oee1_0 order by oee1_0.created_at
2026-08-15T13:07:35.059Z  INFO 1 --- [orderservice] [   scheduling-1] [7217b7a87687fb46cb1b12b006a40f12-3d94b31bbc7b3ac4] c.j.s.o.domain.OrderEventService         : Found 0 Order Events to be published
2026-08-15T13:07:35.071Z DEBUG 1 --- [orderservice] [   scheduling-1] [                                                 ] io.opentelemetry.sdk.trace.SdkSpan       : Ignoring setStatus() description since status is not ERROR.
2026-08-15T13:07:36.560Z DEBUG 1 --- [orderservice] [_WorkerThread-1] [                                                 ] i.o.sdk.trace.export.BatchSpanProcessor  : Exporter failed
2026-08-15T13:07:38.284Z DEBUG 1 --- [orderservice] [nio-8082-exec-9] [                                                 ] t.p.B3PropagatorExtractorMultipleHeaders : Invalid TraceId in B3 header: null'. Returning INVALID span context.
2026-08-15T13:07:38.285Z DEBUG 1 --- [orderservice] [nio-8082-exec-9] [                                                 ] t.p.B3PropagatorExtractorMultipleHeaders : Invalid TraceId in B3 header: null'. Returning INVALID span context.
2026-08-15T13:07:38.293Z DEBUG 1 --- [orderservice] [nio-8082-exec-9] [fc8660c6d2d028f265da53e4e44b2204-b61fb4fd4458a154] io.opentelemetry.sdk.trace.SdkSpan       : Ignoring setStatus() description since status is not ERROR.
2026-08-15T13:07:38.295Z DEBUG 1 --- [orderservice] [nio-8082-exec-9] [fc8660c6d2d028f265da53e4e44b2204-2af26cfffecc1938] io.opentelemetry.sdk.trace.SdkSpan       : Ignoring setStatus() description since status is not ERROR.
2026-08-15T13:07:38.338Z DEBUG 1 --- [orderservice] [nio-8082-exec-9] [fc8660c6d2d028f265da53e4e44b2204-2af26cfffecc1938] io.opentelemetry.sdk.trace.SdkSpan       : Ignoring setStatus() description since status is not ERROR.
2026-08-15T13:07:38.347Z DEBUG 1 --- [orderservice] [nio-8082-exec-9] [fc8660c6d2d028f265da53e4e44b2204-2af26cfffecc1938] io.opentelemetry.sdk.trace.SdkSpan       : Ignoring setStatus() description since status is not ERROR.
2026-08-15T13:07:40.048Z  INFO 1 --- [orderservice] [   scheduling-1] [35a6637274f192e2045e99409c9e5743-f3f3cd1df54651a2] c.j.s.o.jobs.OrderProcessingJob          : Processing New Orders at 2026-08-15T13:07:40.048841826Z
Hibernate: select oe1_0.id,oe1_0.comments,oe1_0.created_at,oe1_0.customer_name,oe1_0.customer_email,oe1_0.customer_phone,oe1_0.delivery_address_line1,oe1_0.delivery_address_line2,oe1_0.delivery_address_city,oe1_0.delivery_address_state,oe1_0.delivery_address_zip_code,oe1_0.delivery_address_country,oe1_0.order_number,oe1_0.status,oe1_0.updated_at,oe1_0.username from orders oe1_0 where oe1_0.status=?
2026-08-15T13:07:40.052Z  INFO 1 --- [orderservice] [   scheduling-1] [35a6637274f192e2045e99409c9e5743-f3f3cd1df54651a2] c.j.s.orderservice.domain.OrderService   : Found 0 new orders to process
2026-08-15T13:07:40.061Z DEBUG 1 --- [orderservice] [   scheduling-1] [                                                 ] io.opentelemetry.sdk.trace.SdkSpan       : Ignoring setStatus() description since status is not ERROR.
2026-08-15T13:07:40.069Z  INFO 1 --- [orderservice] [   scheduling-1] [bb300d3e0c8843e3aaace81701bb8a3b-411a164bbb2025f2] c.j.s.o.jobs.OrderEventsPublishingJob    : Publishing Order Events at 2026-08-15T13:07:40.069322031Z
Hibernate: select oee1_0.id,oee1_0.created_at,oee1_0.event_id,oee1_0.event_type,oee1_0.order_number,oee1_0.payload,oee1_0.updated_at from order_events oee1_0 order by oee1_0.created_at
2026-08-15T13:07:40.074Z  INFO 1 --- [orderservice] [   scheduling-1] [bb300d3e0c8843e3aaace81701bb8a3b-411a164bbb2025f2] c.j.s.o.domain.OrderEventService         : Found 0 Order Events to be published
2026-08-15T13:07:40.082Z DEBUG 1 --- [orderservice] [   scheduling-1] [                                                 ] io.opentelemetry.sdk.trace.SdkSpan       : Ignoring setStatus() description since status is not ERROR.
2026-08-15T13:07:41.572Z DEBUG 1 --- [orderservice] [_WorkerThread-1] [                                                 ] i.o.sdk.trace.export.BatchSpanProcessor  : Exporter failed
2026-08-15T13:07:43.296Z DEBUG 1 --- [orderservice] [io-8082-exec-10] [                                                 ] t.p.B3PropagatorExtractorMultipleHeaders : Invalid TraceId in B3 header: null'. Returning INVALID span context.
2026-08-15T13:07:43.297Z DEBUG 1 --- [orderservice] [io-8082-exec-10] [                                                 ] t.p.B3PropagatorExtractorMultipleHeaders : Invalid TraceId in B3 header: null'. Returning INVALID span context.
2026-08-15T13:07:43.303Z DEBUG 1 --- [orderservice] [io-8082-exec-10] [fc3e07a4a49100167b15ad868d161d01-92d21fc7cabb7b8c] io.opentelemetry.sdk.trace.SdkSpan       : Ignoring setStatus() description since status is not ERROR.
2026-08-15T13:07:43.304Z DEBUG 1 --- [orderservice] [io-8082-exec-10] [fc3e07a4a49100167b15ad868d161d01-f86bb92e36363ac2] io.opentelemetry.sdk.trace.SdkSpan       : Ignoring setStatus() description since status is not ERROR.
2026-08-15T13:07:43.333Z DEBUG 1 --- [orderservice] [io-8082-exec-10] [fc3e07a4a49100167b15ad868d161d01-f86bb92e36363ac2] io.opentelemetry.sdk.trace.SdkSpan       : Ignoring setStatus() description since status is not ERROR.
2026-08-15T13:07:43.335Z DEBUG 1 --- [orderservice] [io-8082-exec-10] [fc3e07a4a49100167b15ad868d161d01-f86bb92e36363ac2] io.opentelemetry.sdk.trace.SdkSpan       : Ignoring setStatus() description since status is not ERROR.
2026-08-15T13:07:45.047Z  INFO 1 --- [orderservice] [   scheduling-1] [3d4be60beb5abf59f0d2b15ccf7e82f8-0dba293bc1f1a477] c.j.s.o.jobs.OrderEventsPublishingJob    : Publishing Order Events at 2026-08-15T13:07:45.047350820Z
Hibernate: select oee1_0.id,oee1_0.created_at,oee1_0.event_id,oee1_0.event_type,oee1_0.order_number,oee1_0.payload,oee1_0.updated_at from order_events oee1_0 order by oee1_0.created_at
2026-08-15T13:07:45.053Z  INFO 1 --- [orderservice] [   scheduling-1] [3d4be60beb5abf59f0d2b15ccf7e82f8-0dba293bc1f1a477] c.j.s.o.domain.OrderEventService         : Found 0 Order Events to be published
2026-08-15T13:07:45.062Z DEBUG 1 --- [orderservice] [   scheduling-1] [                                                 ] io.opentelemetry.sdk.trace.SdkSpan       : Ignoring setStatus() description since status is not ERROR.
2026-08-15T13:07:46.587Z DEBUG 1 --- [orderservice] [_WorkerThread-1] [                                                 ] i.o.sdk.trace.export.BatchSpanProcessor  : Exporter failed
2026-08-15T13:07:48.285Z DEBUG 1 --- [orderservice] [nio-8082-exec-1] [                                                 ] t.p.B3PropagatorExtractorMultipleHeaders : Invalid TraceId in B3 header: null'. Returning INVALID span context.
2026-08-15T13:07:48.286Z DEBUG 1 --- [orderservice] [nio-8082-exec-1] [                                                 ] t.p.B3PropagatorExtractorMultipleHeaders : Invalid TraceId in B3 header: null'. Returning INVALID span context.
2026-08-15T13:07:48.292Z DEBUG 1 --- [orderservice] [nio-8082-exec-1] [1695b370c7e559c71bbce7b12d31fa7b-5a0e8e83510f9243] io.opentelemetry.sdk.trace.SdkSpan       : Ignoring setStatus() description since status is not ERROR.
2026-08-15T13:07:48.294Z DEBUG 1 --- [orderservice] [nio-8082-exec-1] [1695b370c7e559c71bbce7b12d31fa7b-91a592973bdf7ea3] io.opentelemetry.sdk.trace.SdkSpan       : Ignoring setStatus() description since status is not ERROR.
2026-08-15T13:07:48.326Z DEBUG 1 --- [orderservice] [nio-8082-exec-1] [1695b370c7e559c71bbce7b12d31fa7b-91a592973bdf7ea3] io.opentelemetry.sdk.trace.SdkSpan       : Ignoring setStatus() description since status is not ERROR.
2026-08-15T13:07:48.329Z DEBUG 1 --- [orderservice] [nio-8082-exec-1] [1695b370c7e559c71bbce7b12d31fa7b-91a592973bdf7ea3] io.opentelemetry.sdk.trace.SdkSpan       : Ignoring setStatus() description since status is not ERROR.
2026-08-15T13:07:50.014Z  INFO 1 --- [orderservice] [   scheduling-1] [587b425b1f2c47f4ec2d05de382b4ef7-921e700b749a0d63] c.j.s.o.jobs.OrderProcessingJob          : Processing New Orders at 2026-08-15T13:07:50.014740078Z
Hibernate: select oe1_0.id,oe1_0.comments,oe1_0.created_at,oe1_0.customer_name,oe1_0.customer_email,oe1_0.customer_phone,oe1_0.delivery_address_line1,oe1_0.delivery_address_line2,oe1_0.delivery_address_city,oe1_0.delivery_address_state,oe1_0.delivery_address_zip_code,oe1_0.delivery_address_country,oe1_0.order_number,oe1_0.status,oe1_0.updated_at,oe1_0.username from orders oe1_0 where oe1_0.status=?
2026-08-15T13:07:50.022Z  INFO 1 --- [orderservice] [   scheduling-1] [587b425b1f2c47f4ec2d05de382b4ef7-921e700b749a0d63] c.j.s.orderservice.domain.OrderService   : Found 0 new orders to process
2026-08-15T13:07:50.041Z DEBUG 1 --- [orderservice] [   scheduling-1] [                                                 ] io.opentelemetry.sdk.trace.SdkSpan       : Ignoring setStatus() description since status is not ERROR.
2026-08-15T13:07:50.053Z  INFO 1 --- [orderservice] [   scheduling-1] [512f84476442a8532d9fe85b9f49260e-f8d25f77d545dbce] c.j.s.o.jobs.OrderEventsPublishingJob    : Publishing Order Events at 2026-08-15T13:07:50.053190789Z
Hibernate: select oee1_0.id,oee1_0.created_at,oee1_0.event_id,oee1_0.event_type,oee1_0.order_number,oee1_0.payload,oee1_0.updated_at from order_events oee1_0 order by oee1_0.created_at
2026-08-15T13:07:50.063Z  INFO 1 --- [orderservice] [   scheduling-1] [512f84476442a8532d9fe85b9f49260e-f8d25f77d545dbce] c.j.s.o.domain.OrderEventService         : Found 0 Order Events to be published
2026-08-15T13:07:50.079Z DEBUG 1 --- [orderservice] [   scheduling-1] [                                                 ] io.opentelemetry.sdk.trace.SdkSpan       : Ignoring setStatus() description since status is not ERROR.
2026-08-15T13:07:52.051Z DEBUG 1 --- [orderservice] [_WorkerThread-1] [                                                 ] i.o.sdk.trace.export.BatchSpanProcessor  : Exporter failed
2026-08-15T13:07:53.284Z DEBUG 1 --- [orderservice] [nio-8082-exec-2] [                                                 ] t.p.B3PropagatorExtractorMultipleHeaders : Invalid TraceId in B3 header: null'. Returning INVALID span context.
2026-08-15T13:07:53.284Z DEBUG 1 --- [orderservice] [nio-8082-exec-2] [                                                 ] t.p.B3PropagatorExtractorMultipleHeaders : Invalid TraceId in B3 header: null'. Returning INVALID span context.
2026-08-15T13:07:53.297Z DEBUG 1 --- [orderservice] [nio-8082-exec-2] [fa0f5e37239bb3af6d98e4e3ab5428e6-cdcb50ac871bd922] io.opentelemetry.sdk.trace.SdkSpan       : Ignoring setStatus() description since status is not ERROR.
2026-08-15T13:07:53.300Z DEBUG 1 --- [orderservice] [nio-8082-exec-2] [fa0f5e37239bb3af6d98e4e3ab5428e6-76b955d21e4a9d5d] io.opentelemetry.sdk.trace.SdkSpan       : Ignoring setStatus() description since status is not ERROR.
2026-08-15T13:07:53.339Z DEBUG 1 --- [orderservice] [nio-8082-exec-2] [fa0f5e37239bb3af6d98e4e3ab5428e6-76b955d21e4a9d5d] io.opentelemetry.sdk.trace.SdkSpan       : Ignoring setStatus() description since status is not ERROR.
2026-08-15T13:07:53.342Z DEBUG 1 --- [orderservice] [nio-8082-exec-2] [fa0f5e37239bb3af6d98e4e3ab5428e6-76b955d21e4a9d5d] io.opentelemetry.sdk.trace.SdkSpan       : Ignoring setStatus() description since status is not ERROR.
2026-08-15T13:07:55.021Z  INFO 1 --- [orderservice] [   scheduling-1] [6cda2c226e2919018dd5bafe16b2c75f-61ab11bb76dbc193] c.j.s.o.jobs.OrderEventsPublishingJob    : Publishing Order Events at 2026-08-15T13:07:55.021609481Z
Hibernate: select oee1_0.id,oee1_0.created_at,oee1_0.event_id,oee1_0.event_type,oee1_0.order_number,oee1_0.payload,oee1_0.updated_at from order_events oee1_0 order by oee1_0.created_at
2026-08-15T13:07:55.033Z  INFO 1 --- [orderservice] [   scheduling-1] [6cda2c226e2919018dd5bafe16b2c75f-61ab11bb76dbc193] c.j.s.o.domain.OrderEventService         : Found 0 Order Events to be published
2026-08-15T13:07:55.045Z DEBUG 1 --- [orderservice] [   scheduling-1] [                                                 ] io.opentelemetry.sdk.trace.SdkSpan       : Ignoring setStatus() description since status is not ERROR.
2026-08-15T13:07:57.066Z DEBUG 1 --- [orderservice] [_WorkerThread-1] [                                                 ] i.o.sdk.trace.export.BatchSpanProcessor  : Exporter failed
2026-08-15T13:07:58.281Z DEBUG 1 --- [orderservice] [nio-8082-exec-3] [                                                 ] t.p.B3PropagatorExtractorMultipleHeaders : Invalid TraceId in B3 header: null'. Returning INVALID span context.
2026-08-15T13:07:58.282Z DEBUG 1 --- [orderservice] [nio-8082-exec-3] [                                                 ] t.p.B3PropagatorExtractorMultipleHeaders : Invalid TraceId in B3 header: null'. Returning INVALID span context.
2026-08-15T13:07:58.287Z DEBUG 1 --- [orderservice] [nio-8082-exec-3] [34c2e92e86d038784ea5b9917ec23d8a-bdcfe3425b91a0aa] io.opentelemetry.sdk.trace.SdkSpan       : Ignoring setStatus() description since status is not ERROR.
2026-08-15T13:07:58.288Z DEBUG 1 --- [orderservice] [nio-8082-exec-3] [34c2e92e86d038784ea5b9917ec23d8a-984be7bb2a891194] io.opentelemetry.sdk.trace.SdkSpan       : Ignoring setStatus() description since status is not ERROR.
2026-08-15T13:07:58.319Z DEBUG 1 --- [orderservice] [nio-8082-exec-3] [34c2e92e86d038784ea5b9917ec23d8a-984be7bb2a891194] io.opentelemetry.sdk.trace.SdkSpan       : Ignoring setStatus() description since status is not ERROR.
2026-08-15T13:07:58.321Z DEBUG 1 --- [orderservice] [nio-8082-exec-3] [34c2e92e86d038784ea5b9917ec23d8a-984be7bb2a891194] io.opentelemetry.sdk.trace.SdkSpan       : Ignoring setStatus() description since status is not ERROR.
2026-08-15T13:08:00.050Z  INFO 1 --- [orderservice] [   scheduling-1] [91b4c557e366a8bd468706d2f86e673f-593c42f508b36a93] c.j.s.o.jobs.OrderProcessingJob          : Processing New Orders at 2026-08-15T13:08:00.050109906Z
Hibernate: select oe1_0.id,oe1_0.comments,oe1_0.created_at,oe1_0.customer_name,oe1_0.customer_email,oe1_0.customer_phone,oe1_0.delivery_address_line1,oe1_0.delivery_address_line2,oe1_0.delivery_address_city,oe1_0.delivery_address_state,oe1_0.delivery_address_zip_code,oe1_0.delivery_address_country,oe1_0.order_number,oe1_0.status,oe1_0.updated_at,oe1_0.username from orders oe1_0 where oe1_0.status=?
2026-08-15T13:08:00.057Z  INFO 1 --- [orderservice] [   scheduling-1] [91b4c557e366a8bd468706d2f86e673f-593c42f508b36a93] c.j.s.orderservice.domain.OrderService   : Found 0 new orders to process
2026-08-15T13:08:00.072Z DEBUG 1 --- [orderservice] [   scheduling-1] [                                                 ] io.opentelemetry.sdk.trace.SdkSpan       : Ignoring setStatus() description since status is not ERROR.
2026-08-15T13:08:00.084Z  INFO 1 --- [orderservice] [   scheduling-1] [209be7106b29a7db598f41301ba61271-4d6c18cc784f371c] c.j.s.o.jobs.OrderEventsPublishingJob    : Publishing Order Events at 2026-08-15T13:08:00.084258570Z
Hibernate: select oee1_0.id,oee1_0.created_at,oee1_0.event_id,oee1_0.event_type,oee1_0.order_number,oee1_0.payload,oee1_0.updated_at from order_events oee1_0 order by oee1_0.created_at
2026-08-15T13:08:00.094Z  INFO 1 --- [orderservice] [   scheduling-1] [209be7106b29a7db598f41301ba61271-4d6c18cc784f371c] c.j.s.o.domain.OrderEventService         : Found 0 Order Events to be published
2026-08-15T13:08:00.107Z DEBUG 1 --- [orderservice] [   scheduling-1] [                                                 ] io.opentelemetry.sdk.trace.SdkSpan       : Ignoring setStatus() description since status is not ERROR.
2026-08-15T13:08:02.077Z DEBUG 1 --- [orderservice] [_WorkerThread-1] [                                                 ] i.o.sdk.trace.export.BatchSpanProcessor  : Exporter failed
2026-08-15T13:08:03.284Z DEBUG 1 --- [orderservice] [nio-8082-exec-4] [                                                 ] t.p.B3PropagatorExtractorMultipleHeaders : Invalid TraceId in B3 header: null'. Returning INVALID span context.
2026-08-15T13:08:03.284Z DEBUG 1 --- [orderservice] [nio-8082-exec-4] [                                                 ] t.p.B3PropagatorExtractorMultipleHeaders : Invalid TraceId in B3 header: null'. Returning INVALID span context.
2026-08-15T13:08:03.289Z DEBUG 1 --- [orderservice] [nio-8082-exec-4] [93f3f8c14054b5021cfa321d2c4211d2-f75f63f5f9cbcf66] io.opentelemetry.sdk.trace.SdkSpan       : Ignoring setStatus() description since status is not ERROR.
2026-08-15T13:08:03.291Z DEBUG 1 --- [orderservice] [nio-8082-exec-4] [93f3f8c14054b5021cfa321d2c4211d2-58453619e6140a32] io.opentelemetry.sdk.trace.SdkSpan       : Ignoring setStatus() description since status is not ERROR.
2026-08-15T13:08:03.320Z DEBUG 1 --- [orderservice] [nio-8082-exec-4] [93f3f8c14054b5021cfa321d2c4211d2-58453619e6140a32] io.opentelemetry.sdk.trace.SdkSpan       : Ignoring setStatus() description since status is not ERROR.
2026-08-15T13:08:03.322Z DEBUG 1 --- [orderservice] [nio-8082-exec-4] [93f3f8c14054b5021cfa321d2c4211d2-58453619e6140a32] io.opentelemetry.sdk.trace.SdkSpan       : Ignoring setStatus() description since status is not ERROR.
2026-08-15T13:08:05.051Z  INFO 1 --- [orderservice] [   scheduling-1] [f751215a4b7aaa94eb534dcf0cb16d64-9ad8e541b4a948b0] c.j.s.o.jobs.OrderEventsPublishingJob    : Publishing Order Events at 2026-08-15T13:08:05.051611565Z
Hibernate: select oee1_0.id,oee1_0.created_at,oee1_0.event_id,oee1_0.event_type,oee1_0.order_number,oee1_0.payload,oee1_0.updated_at from order_events oee1_0 order by oee1_0.created_at
2026-08-15T13:08:05.063Z  INFO 1 --- [orderservice] [   scheduling-1] [f751215a4b7aaa94eb534dcf0cb16d64-9ad8e541b4a948b0] c.j.s.o.domain.OrderEventService         : Found 0 Order Events to be published
2026-08-15T13:08:05.077Z DEBUG 1 --- [orderservice] [   scheduling-1] [                                                 ] io.opentelemetry.sdk.trace.SdkSpan       : Ignoring setStatus() description since status is not ERROR.
2026-08-15T13:08:07.083Z DEBUG 1 --- [orderservice] [_WorkerThread-1] [                                                 ] i.o.sdk.trace.export.BatchSpanProcessor  : Exporter failed
2026-08-15T13:08:08.282Z DEBUG 1 --- [orderservice] [nio-8082-exec-6] [                                                 ] t.p.B3PropagatorExtractorMultipleHeaders : Invalid TraceId in B3 header: null'. Returning INVALID span context.
2026-08-15T13:08:08.282Z DEBUG 1 --- [orderservice] [nio-8082-exec-6] [                                                 ] t.p.B3PropagatorExtractorMultipleHeaders : Invalid TraceId in B3 header: null'. Returning INVALID span context.
2026-08-15T13:08:08.287Z DEBUG 1 --- [orderservice] [nio-8082-exec-6] [d956ddd2c776231011b321b5fb7c169f-5c93248f92ba1b89] io.opentelemetry.sdk.trace.SdkSpan       : Ignoring setStatus() description since status is not ERROR.
2026-08-15T13:08:08.288Z DEBUG 1 --- [orderservice] [nio-8082-exec-6] [d956ddd2c776231011b321b5fb7c169f-9d7bbddf78420efe] io.opentelemetry.sdk.trace.SdkSpan       : Ignoring setStatus() description since status is not ERROR.
2026-08-15T13:08:08.324Z DEBUG 1 --- [orderservice] [nio-8082-exec-6] [d956ddd2c776231011b321b5fb7c169f-9d7bbddf78420efe] io.opentelemetry.sdk.trace.SdkSpan       : Ignoring setStatus() description since status is not ERROR.
2026-08-15T13:08:08.328Z DEBUG 1 --- [orderservice] [nio-8082-exec-6] [d956ddd2c776231011b321b5fb7c169f-9d7bbddf78420efe] io.opentelemetry.sdk.trace.SdkSpan       : Ignoring setStatus() description since status is not ERROR.
2026-08-15T13:08:10.050Z  INFO 1 --- [orderservice] [   scheduling-1] [0d4a53907f6eb972d743b1a40ce5964c-f40678f6bb20a71a] c.j.s.o.jobs.OrderProcessingJob          : Processing New Orders at 2026-08-15T13:08:10.050719937Z
Hibernate: select oe1_0.id,oe1_0.comments,oe1_0.created_at,oe1_0.customer_name,oe1_0.customer_email,oe1_0.customer_phone,oe1_0.delivery_address_line1,oe1_0.delivery_address_line2,oe1_0.delivery_address_city,oe1_0.delivery_address_state,oe1_0.delivery_address_zip_code,oe1_0.delivery_address_country,oe1_0.order_number,oe1_0.status,oe1_0.updated_at,oe1_0.username from orders oe1_0 where oe1_0.status=?
2026-08-15T13:08:10.058Z  INFO 1 --- [orderservice] [   scheduling-1] [0d4a53907f6eb972d743b1a40ce5964c-f40678f6bb20a71a] c.j.s.orderservice.domain.OrderService   : Found 0 new orders to process
2026-08-15T13:08:10.073Z DEBUG 1 --- [orderservice] [   scheduling-1] [                                                 ] io.opentelemetry.sdk.trace.SdkSpan       : Ignoring setStatus() description since status is not ERROR.
2026-08-15T13:08:10.086Z  INFO 1 --- [orderservice] [   scheduling-1] [34dd5e81c5dc33768085460b8460088c-c6adcf69106155c1] c.j.s.o.jobs.OrderEventsPublishingJob    : Publishing Order Events at 2026-08-15T13:08:10.086802354Z
Hibernate: select oee1_0.id,oee1_0.created_at,oee1_0.event_id,oee1_0.event_type,oee1_0.order_number,oee1_0.payload,oee1_0.updated_at from order_events oee1_0 order by oee1_0.created_at
2026-08-15T13:08:10.096Z  INFO 1 --- [orderservice] [   scheduling-1] [34dd5e81c5dc33768085460b8460088c-c6adcf69106155c1] c.j.s.o.domain.OrderEventService         : Found 0 Order Events to be published
2026-08-15T13:08:10.111Z DEBUG 1 --- [orderservice] [   scheduling-1] [                                                 ] io.opentelemetry.sdk.trace.SdkSpan       : Ignoring setStatus() description since status is not ERROR.
2026-08-15T13:08:12.096Z DEBUG 1 --- [orderservice] [_WorkerThread-1] [                                                 ] i.o.sdk.trace.export.BatchSpanProcessor  : Exporter failed
2026-08-15T13:08:13.281Z DEBUG 1 --- [orderservice] [nio-8082-exec-7] [                                                 ] t.p.B3PropagatorExtractorMultipleHeaders : Invalid TraceId in B3 header: null'. Returning INVALID span context.
2026-08-15T13:08:13.281Z DEBUG 1 --- [orderservice] [nio-8082-exec-7] [                                                 ] t.p.B3PropagatorExtractorMultipleHeaders : Invalid TraceId in B3 header: null'. Returning INVALID span context.
2026-08-15T13:08:13.285Z DEBUG 1 --- [orderservice] [nio-8082-exec-7] [740f98120f07666ebce722405aa82259-f671a433b9d46268] io.opentelemetry.sdk.trace.SdkSpan       : Ignoring setStatus() description since status is not ERROR.
2026-08-15T13:08:13.287Z DEBUG 1 --- [orderservice] [nio-8082-exec-7] [740f98120f07666ebce722405aa82259-67d48945bf55fbf1] io.opentelemetry.sdk.trace.SdkSpan       : Ignoring setStatus() description since status is not ERROR.
2026-08-15T13:08:13.312Z DEBUG 1 --- [orderservice] [nio-8082-exec-7] [740f98120f07666ebce722405aa82259-67d48945bf55fbf1] io.opentelemetry.sdk.trace.SdkSpan       : Ignoring setStatus() description since status is not ERROR.
2026-08-15T13:08:13.314Z DEBUG 1 --- [orderservice] [nio-8082-exec-7] [740f98120f07666ebce722405aa82259-67d48945bf55fbf1] io.opentelemetry.sdk.trace.SdkSpan       : Ignoring setStatus() description since status is not ERROR.
2026-08-15T13:08:15.048Z  INFO 1 --- [orderservice] [   scheduling-1] [5017e202ba7c9a88bf6f8a0b59cde57a-eb2650a59c7e3b11] c.j.s.o.jobs.OrderEventsPublishingJob    : Publishing Order Events at 2026-08-15T13:08:15.048880833Z
Hibernate: select oee1_0.id,oee1_0.created_at,oee1_0.event_id,oee1_0.event_type,oee1_0.order_number,oee1_0.payload,oee1_0.updated_at from order_events oee1_0 order by oee1_0.created_at
2026-08-15T13:08:15.053Z  INFO 1 --- [orderservice] [   scheduling-1] [5017e202ba7c9a88bf6f8a0b59cde57a-eb2650a59c7e3b11] c.j.s.o.domain.OrderEventService         : Found 0 Order Events to be published
2026-08-15T13:08:15.062Z DEBUG 1 --- [orderservice] [   scheduling-1] [                                                 ] io.opentelemetry.sdk.trace.SdkSpan       : Ignoring setStatus() description since status is not ERROR.
2026-08-15T13:08:17.110Z DEBUG 1 --- [orderservice] [_WorkerThread-1] [                                                 ] i.o.sdk.trace.export.BatchSpanProcessor  : Exporter failed
2026-08-15T13:08:18.282Z DEBUG 1 --- [orderservice] [nio-8082-exec-5] [                                                 ] t.p.B3PropagatorExtractorMultipleHeaders : Invalid TraceId in B3 header: null'. Returning INVALID span context.
2026-08-15T13:08:18.282Z DEBUG 1 --- [orderservice] [nio-8082-exec-5] [                                                 ] t.p.B3PropagatorExtractorMultipleHeaders : Invalid TraceId in B3 header: null'. Returning INVALID span context.
2026-08-15T13:08:18.287Z DEBUG 1 --- [orderservice] [nio-8082-exec-5] [f5103f316efbffdf93a58d73d9ed9c98-d55621d1d64a7065] io.opentelemetry.sdk.trace.SdkSpan       : Ignoring setStatus() description since status is not ERROR.
2026-08-15T13:08:18.289Z DEBUG 1 --- [orderservice] [nio-8082-exec-5] [f5103f316efbffdf93a58d73d9ed9c98-b70307b4eac29e98] io.opentelemetry.sdk.trace.SdkSpan       : Ignoring setStatus() description since status is not ERROR.
2026-08-15T13:08:18.314Z DEBUG 1 --- [orderservice] [nio-8082-exec-5] [f5103f316efbffdf93a58d73d9ed9c98-b70307b4eac29e98] io.opentelemetry.sdk.trace.SdkSpan       : Ignoring setStatus() description since status is not ERROR.
2026-08-15T13:08:18.316Z DEBUG 1 --- [orderservice] [nio-8082-exec-5] [f5103f316efbffdf93a58d73d9ed9c98-b70307b4eac29e98] io.opentelemetry.sdk.trace.SdkSpan       : Ignoring setStatus() description since status is not ERROR.
2026-08-15T13:08:20.051Z  INFO 1 --- [orderservice] [   scheduling-1] [9f73fef18bc992c843ca7944d522cd04-d63f7bcce7092b8c] c.j.s.o.jobs.OrderEventsPublishingJob    : Publishing Order Events at 2026-08-15T13:08:20.051773721Z
Hibernate: select oee1_0.id,oee1_0.created_at,oee1_0.event_id,oee1_0.event_type,oee1_0.order_number,oee1_0.payload,oee1_0.updated_at from order_events oee1_0 order by oee1_0.created_at
2026-08-15T13:08:20.061Z  INFO 1 --- [orderservice] [   scheduling-1] [9f73fef18bc992c843ca7944d522cd04-d63f7bcce7092b8c] c.j.s.o.domain.OrderEventService         : Found 0 Order Events to be published
2026-08-15T13:08:20.077Z DEBUG 1 --- [orderservice] [   scheduling-1] [                                                 ] io.opentelemetry.sdk.trace.SdkSpan       : Ignoring setStatus() description since status is not ERROR.
2026-08-15T13:08:20.088Z  INFO 1 --- [orderservice] [   scheduling-1] [71da3cd86d5b08cae04a3d9c4949a976-9e6fbf21883c0549] c.j.s.o.jobs.OrderProcessingJob          : Processing New Orders at 2026-08-15T13:08:20.088622205Z
Hibernate: select oe1_0.id,oe1_0.comments,oe1_0.created_at,oe1_0.customer_name,oe1_0.customer_email,oe1_0.customer_phone,oe1_0.delivery_address_line1,oe1_0.delivery_address_line2,oe1_0.delivery_address_city,oe1_0.delivery_address_state,oe1_0.delivery_address_zip_code,oe1_0.delivery_address_country,oe1_0.order_number,oe1_0.status,oe1_0.updated_at,oe1_0.username from orders oe1_0 where oe1_0.status=?
2026-08-15T13:08:20.096Z  INFO 1 --- [orderservice] [   scheduling-1] [71da3cd86d5b08cae04a3d9c4949a976-9e6fbf21883c0549] c.j.s.orderservice.domain.OrderService   : Found 0 new orders to process
2026-08-15T13:08:20.110Z DEBUG 1 --- [orderservice] [   scheduling-1] [                                                 ] io.opentelemetry.sdk.trace.SdkSpan       : Ignoring setStatus() description since status is not ERROR.
2026-08-15T13:08:22.118Z DEBUG 1 --- [orderservice] [_WorkerThread-1] [                                                 ] i.o.sdk.trace.export.BatchSpanProcessor  : Exporter failed
2026-08-15T13:08:23.278Z DEBUG 1 --- [orderservice] [nio-8082-exec-8] [                                                 ] t.p.B3PropagatorExtractorMultipleHeaders : Invalid TraceId in B3 header: null'. Returning INVALID span context.
2026-08-15T13:08:23.279Z DEBUG 1 --- [orderservice] [nio-8082-exec-8] [                                                 ] t.p.B3PropagatorExtractorMultipleHeaders : Invalid TraceId in B3 header: null'. Returning INVALID span context.
2026-08-15T13:08:23.285Z DEBUG 1 --- [orderservice] [nio-8082-exec-8] [7c4caf0dd458a1f6ae3d8abf218de5f5-c4b52232b4c358e7] io.opentelemetry.sdk.trace.SdkSpan       : Ignoring setStatus() description since status is not ERROR.
2026-08-15T13:08:23.286Z DEBUG 1 --- [orderservice] [nio-8082-exec-8] [7c4caf0dd458a1f6ae3d8abf218de5f5-9749a294441061f3] io.opentelemetry.sdk.trace.SdkSpan       : Ignoring setStatus() description since status is not ERROR.
2026-08-15T13:08:23.311Z DEBUG 1 --- [orderservice] [nio-8082-exec-8] [7c4caf0dd458a1f6ae3d8abf218de5f5-9749a294441061f3] io.opentelemetry.sdk.trace.SdkSpan       : Ignoring setStatus() description since status is not ERROR.
2026-08-15T13:08:23.313Z DEBUG 1 --- [orderservice] [nio-8082-exec-8] [7c4caf0dd458a1f6ae3d8abf218de5f5-9749a294441061f3] io.opentelemetry.sdk.trace.SdkSpan       : Ignoring setStatus() description since status is not ERROR.
2026-08-15T13:08:25.042Z  INFO 1 --- [orderservice] [   scheduling-1] [f79dbcb772f31a20731a96e13226c7e3-6d18432209fc2ef7] c.j.s.o.jobs.OrderEventsPublishingJob    : Publishing Order Events at 2026-08-15T13:08:25.042023799Z
Hibernate: select oee1_0.id,oee1_0.created_at,oee1_0.event_id,oee1_0.event_type,oee1_0.order_number,oee1_0.payload,oee1_0.updated_at from order_events oee1_0 order by oee1_0.created_at
2026-08-15T13:08:25.049Z  INFO 1 --- [orderservice] [   scheduling-1] [f79dbcb772f31a20731a96e13226c7e3-6d18432209fc2ef7] c.j.s.o.domain.OrderEventService         : Found 0 Order Events to be published
2026-08-15T13:08:25.069Z DEBUG 1 --- [orderservice] [   scheduling-1] [                                                 ] io.opentelemetry.sdk.trace.SdkSpan       : Ignoring setStatus() description since status is not ERROR.
2026-08-15T13:08:27.129Z DEBUG 1 --- [orderservice] [_WorkerThread-1] [                                                 ] i.o.sdk.trace.export.BatchSpanProcessor  : Exporter failed
2026-08-15T13:08:28.278Z DEBUG 1 --- [orderservice] [nio-8082-exec-9] [                                                 ] t.p.B3PropagatorExtractorMultipleHeaders : Invalid TraceId in B3 header: null'. Returning INVALID span context.
2026-08-15T13:08:28.278Z DEBUG 1 --- [orderservice] [nio-8082-exec-9] [                                                 ] t.p.B3PropagatorExtractorMultipleHeaders : Invalid TraceId in B3 header: null'. Returning INVALID span context.
2026-08-15T13:08:28.282Z DEBUG 1 --- [orderservice] [nio-8082-exec-9] [1f0e72e8b6b21b1dd5ab0e8c359612c3-28f63725aaef0ee7] io.opentelemetry.sdk.trace.SdkSpan       : Ignoring setStatus() description since status is not ERROR.
2026-08-15T13:08:28.283Z DEBUG 1 --- [orderservice] [nio-8082-exec-9] [1f0e72e8b6b21b1dd5ab0e8c359612c3-fe95b2212fcacf31] io.opentelemetry.sdk.trace.SdkSpan       : Ignoring setStatus() description since status is not ERROR.
2026-08-15T13:08:28.310Z DEBUG 1 --- [orderservice] [nio-8082-exec-9] [1f0e72e8b6b21b1dd5ab0e8c359612c3-fe95b2212fcacf31] io.opentelemetry.sdk.trace.SdkSpan       : Ignoring setStatus() description since status is not ERROR.
2026-08-15T13:08:28.312Z DEBUG 1 --- [orderservice] [nio-8082-exec-9] [1f0e72e8b6b21b1dd5ab0e8c359612c3-fe95b2212fcacf31] io.opentelemetry.sdk.trace.SdkSpan       : Ignoring setStatus() description since status is not ERROR.
2026-08-15T13:08:30.048Z  INFO 1 --- [orderservice] [   scheduling-1] [37daa3e4cff1fe192d6dde7e6e8e3242-24b2ae20d421adc8] c.j.s.o.jobs.OrderProcessingJob          : Processing New Orders at 2026-08-15T13:08:30.048709937Z
Hibernate: select oe1_0.id,oe1_0.comments,oe1_0.created_at,oe1_0.customer_name,oe1_0.customer_email,oe1_0.customer_phone,oe1_0.delivery_address_line1,oe1_0.delivery_address_line2,oe1_0.delivery_address_city,oe1_0.delivery_address_state,oe1_0.delivery_address_zip_code,oe1_0.delivery_address_country,oe1_0.order_number,oe1_0.status,oe1_0.updated_at,oe1_0.username from orders oe1_0 where oe1_0.status=?
2026-08-15T13:08:30.056Z  INFO 1 --- [orderservice] [   scheduling-1] [37daa3e4cff1fe192d6dde7e6e8e3242-24b2ae20d421adc8] c.j.s.orderservice.domain.OrderService   : Found 0 new orders to process
2026-08-15T13:08:30.073Z DEBUG 1 --- [orderservice] [   scheduling-1] [                                                 ] io.opentelemetry.sdk.trace.SdkSpan       : Ignoring setStatus() description since status is not ERROR.
2026-08-15T13:08:30.086Z  INFO 1 --- [orderservice] [   scheduling-1] [8961c3ae9569fd4e2bbfb51535533aca-45baed017d7cd57b] c.j.s.o.jobs.OrderEventsPublishingJob    : Publishing Order Events at 2026-08-15T13:08:30.086257075Z
Hibernate: select oee1_0.id,oee1_0.created_at,oee1_0.event_id,oee1_0.event_type,oee1_0.order_number,oee1_0.payload,oee1_0.updated_at from order_events oee1_0 order by oee1_0.created_at
2026-08-15T13:08:30.095Z  INFO 1 --- [orderservice] [   scheduling-1] [8961c3ae9569fd4e2bbfb51535533aca-45baed017d7cd57b] c.j.s.o.domain.OrderEventService         : Found 0 Order Events to be published
2026-08-15T13:08:30.108Z DEBUG 1 --- [orderservice] [   scheduling-1] [                                                 ] io.opentelemetry.sdk.trace.SdkSpan       : Ignoring setStatus() description since status is not ERROR.
2026-08-15T13:08:32.141Z  WARN 1 --- [orderservice] [_WorkerThread-1] [                                                 ] i.o.exporter.zipkin.ZipkinSpanExporter   : Failed to export spans

java.net.ConnectException: Connection refused
	at java.net.http/jdk.internal.net.http.HttpClientImpl.send(Unknown Source) ~[java.net.http:na]
	at java.net.http/jdk.internal.net.http.HttpClientFacade.send(Unknown Source) ~[java.net.http:na]
	at org.springframework.boot.zipkin.autoconfigure.ZipkinHttpClientSender.postSpans(ZipkinHttpClientSender.java:59) ~[spring-boot-zipkin-4.1.0.jar:4.1.0]
	at org.springframework.boot.zipkin.autoconfigure.HttpSender.postSpans(HttpSender.java:69) ~[spring-boot-zipkin-4.1.0.jar:4.1.0]
	at org.springframework.boot.zipkin.autoconfigure.HttpSender.postSpans(HttpSender.java:41) ~[spring-boot-zipkin-4.1.0.jar:4.1.0]
	at zipkin2.reporter.BaseHttpSender.send(BaseHttpSender.java:123) ~[zipkin-reporter-3.5.3.jar:na]
	at io.opentelemetry.exporter.zipkin.ZipkinSpanExporter.lambda$export$0(ZipkinSpanExporter.java:104) ~[opentelemetry-exporter-zipkin-1.62.0.jar:1.62.0]
	at io.opentelemetry.context.Context.lambda$wrap$1(Context.java:241) ~[opentelemetry-context-1.62.0.jar:1.62.0]
	at io.opentelemetry.api.internal.InstrumentationUtil.suppressInstrumentation(InstrumentationUtil.java:28) ~[opentelemetry-api-1.62.0.jar:1.62.0]
	at io.opentelemetry.exporter.zipkin.ZipkinSpanExporter.export(ZipkinSpanExporter.java:101) ~[opentelemetry-exporter-zipkin-1.62.0.jar:1.62.0]
	at io.micrometer.tracing.otel.bridge.CompositeSpanExporter.lambda$export$3(CompositeSpanExporter.java:90) ~[micrometer-tracing-bridge-otel-1.7.0.jar:1.7.0]
	at java.base/java.util.ImmutableCollections$List12.forEach(Unknown Source) ~[na:na]
	at io.micrometer.tracing.otel.bridge.CompositeSpanExporter.export(CompositeSpanExporter.java:90) ~[micrometer-tracing-bridge-otel-1.7.0.jar:1.7.0]
	at io.opentelemetry.sdk.trace.export.BatchSpanProcessor$Worker.exportCurrentBatch(BatchSpanProcessor.java:334) ~[opentelemetry-sdk-trace-1.62.0.jar:1.62.0]
	at io.opentelemetry.sdk.trace.export.BatchSpanProcessor$Worker.run(BatchSpanProcessor.java:235) ~[opentelemetry-sdk-trace-1.62.0.jar:1.62.0]
	at java.base/java.lang.Thread.run(Unknown Source) ~[na:na]
Caused by: java.net.ConnectException: Connection refused
	at java.base/sun.nio.ch.Net.pollConnect(Native Method) ~[na:na]
	at java.base/sun.nio.ch.Net.pollConnectNow(Unknown Source) ~[na:na]
	at java.base/sun.nio.ch.SocketChannelImpl.finishConnect(Unknown Source) ~[na:na]
	at java.net.http/jdk.internal.net.http.PlainHttpConnection$ConnectEvent.handle(Unknown Source) ~[java.net.http:na]
	at java.net.http/jdk.internal.net.http.HttpClientImpl$SelectorManager.handleEvent(Unknown Source) ~[java.net.http:na]
	at java.net.http/jdk.internal.net.http.HttpClientImpl$SelectorManager.lambda$run$3(Unknown Source) ~[java.net.http:na]
	at java.base/java.util.ArrayList.forEach(Unknown Source) ~[na:na]
	at java.net.http/jdk.internal.net.http.HttpClientImpl$SelectorManager.run(Unknown Source) ~[java.net.http:na]
	at java.base/java.lang.VirtualThread.run(Unknown Source) ~[na:na]

2026-08-15T13:08:32.143Z DEBUG 1 --- [orderservice] [_WorkerThread-1] [                                                 ] i.o.sdk.trace.export.BatchSpanProcessor  : Exporter failed
2026-08-15T13:08:33.277Z DEBUG 1 --- [orderservice] [io-8082-exec-10] [                                                 ] t.p.B3PropagatorExtractorMultipleHeaders : Invalid TraceId in B3 header: null'. Returning INVALID span context.
2026-08-15T13:08:33.277Z DEBUG 1 --- [orderservice] [io-8082-exec-10] [                                                 ] t.p.B3PropagatorExtractorMultipleHeaders : Invalid TraceId in B3 header: null'. Returning INVALID span context.
2026-08-15T13:08:33.280Z DEBUG 1 --- [orderservice] [io-8082-exec-10] [48c9bae0386de0a46f21e12607256fd7-6ad772b49ec53836] io.opentelemetry.sdk.trace.SdkSpan       : Ignoring setStatus() description since status is not ERROR.
2026-08-15T13:08:33.280Z DEBUG 1 --- [orderservice] [io-8082-exec-10] [48c9bae0386de0a46f21e12607256fd7-1b858b785c402f37] io.opentelemetry.sdk.trace.SdkSpan       : Ignoring setStatus() description since status is not ERROR.
2026-08-15T13:08:33.290Z DEBUG 1 --- [orderservice] [io-8082-exec-10] [48c9bae0386de0a46f21e12607256fd7-1b858b785c402f37] io.opentelemetry.sdk.trace.SdkSpan       : Ignoring setStatus() description since status is not ERROR.
2026-08-15T13:08:33.290Z DEBUG 1 --- [orderservice] [io-8082-exec-10] [48c9bae0386de0a46f21e12607256fd7-1b858b785c402f37] io.opentelemetry.sdk.trace.SdkSpan       : Ignoring setStatus() description since status is not ERROR.
2026-08-15T13:08:35.012Z  INFO 1 --- [orderservice] [   scheduling-1] [65c13d0bc095bb34ce7f10b64d2b08b4-358d380141d5546b] c.j.s.o.jobs.OrderEventsPublishingJob    : Publishing Order Events at 2026-08-15T13:08:35.012727372Z
Hibernate: select oee1_0.id,oee1_0.created_at,oee1_0.event_id,oee1_0.event_type,oee1_0.order_number,oee1_0.payload,oee1_0.updated_at from order_events oee1_0 order by oee1_0.created_at
2026-08-15T13:08:35.024Z  INFO 1 --- [orderservice] [   scheduling-1] [65c13d0bc095bb34ce7f10b64d2b08b4-358d380141d5546b] c.j.s.o.domain.OrderEventService         : Found 0 Order Events to be published
2026-08-15T13:08:35.037Z DEBUG 1 --- [orderservice] [   scheduling-1] [                                                 ] io.opentelemetry.sdk.trace.SdkSpan       : Ignoring setStatus() description since status is not ERROR.
2026-08-15T13:08:37.148Z DEBUG 1 --- [orderservice] [_WorkerThread-1] [                                                 ] i.o.sdk.trace.export.BatchSpanProcessor  : Exporter failed
2026-08-15T13:08:38.277Z DEBUG 1 --- [orderservice] [nio-8082-exec-1] [                                                 ] t.p.B3PropagatorExtractorMultipleHeaders : Invalid TraceId in B3 header: null'. Returning INVALID span context.
2026-08-15T13:08:38.278Z DEBUG 1 --- [orderservice] [nio-8082-exec-1] [                                                 ] t.p.B3PropagatorExtractorMultipleHeaders : Invalid TraceId in B3 header: null'. Returning INVALID span context.
2026-08-15T13:08:38.280Z DEBUG 1 --- [orderservice] [nio-8082-exec-1] [35fcf304e635aa354743927189bcb114-7fb1df75978ebf6d] io.opentelemetry.sdk.trace.SdkSpan       : Ignoring setStatus() description since status is not ERROR.
2026-08-15T13:08:38.280Z DEBUG 1 --- [orderservice] [nio-8082-exec-1] [35fcf304e635aa354743927189bcb114-46a125149295e73e] io.opentelemetry.sdk.trace.SdkSpan       : Ignoring setStatus() description since status is not ERROR.
2026-08-15T13:08:38.294Z DEBUG 1 --- [orderservice] [nio-8082-exec-1] [35fcf304e635aa354743927189bcb114-46a125149295e73e] io.opentelemetry.sdk.trace.SdkSpan       : Ignoring setStatus() description since status is not ERROR.
2026-08-15T13:08:38.295Z DEBUG 1 --- [orderservice] [nio-8082-exec-1] [35fcf304e635aa354743927189bcb114-46a125149295e73e] io.opentelemetry.sdk.trace.SdkSpan       : Ignoring setStatus() description since status is not ERROR.
2026-08-15T13:08:40.008Z  INFO 1 --- [orderservice] [   scheduling-1] [fe55791e55d36aa0d81af9eb236988bc-a0d628929e21a910] c.j.s.o.jobs.OrderProcessingJob          : Processing New Orders at 2026-08-15T13:08:40.008891140Z
Hibernate: select oe1_0.id,oe1_0.comments,oe1_0.created_at,oe1_0.customer_name,oe1_0.customer_email,oe1_0.customer_phone,oe1_0.delivery_address_line1,oe1_0.delivery_address_line2,oe1_0.delivery_address_city,oe1_0.delivery_address_state,oe1_0.delivery_address_zip_code,oe1_0.delivery_address_country,oe1_0.order_number,oe1_0.status,oe1_0.updated_at,oe1_0.username from orders oe1_0 where oe1_0.status=?
2026-08-15T13:08:40.011Z  INFO 1 --- [orderservice] [   scheduling-1] [fe55791e55d36aa0d81af9eb236988bc-a0d628929e21a910] c.j.s.orderservice.domain.OrderService   : Found 0 new orders to process
2026-08-15T13:08:40.018Z DEBUG 1 --- [orderservice] [   scheduling-1] [                                                 ] io.opentelemetry.sdk.trace.SdkSpan       : Ignoring setStatus() description since status is not ERROR.
2026-08-15T13:08:40.026Z  INFO 1 --- [orderservice] [   scheduling-1] [833bb3240106f2aba7ae9739c3c432db-5bb39e1b22d55bfc] c.j.s.o.jobs.OrderEventsPublishingJob    : Publishing Order Events at 2026-08-15T13:08:40.026214763Z
Hibernate: select oee1_0.id,oee1_0.created_at,oee1_0.event_id,oee1_0.event_type,oee1_0.order_number,oee1_0.payload,oee1_0.updated_at from order_events oee1_0 order by oee1_0.created_at
2026-08-15T13:08:40.030Z  INFO 1 --- [orderservice] [   scheduling-1] [833bb3240106f2aba7ae9739c3c432db-5bb39e1b22d55bfc] c.j.s.o.domain.OrderEventService         : Found 0 Order Events to be published
2026-08-15T13:08:40.039Z DEBUG 1 --- [orderservice] [   scheduling-1] [                                                 ] io.opentelemetry.sdk.trace.SdkSpan       : Ignoring setStatus() description since status is not ERROR.
2026-08-15T13:08:42.159Z DEBUG 1 --- [orderservice] [_WorkerThread-1] [                                                 ] i.o.sdk.trace.export.BatchSpanProcessor  : Exporter failed
2026-08-15T13:08:43.279Z DEBUG 1 --- [orderservice] [nio-8082-exec-2] [                                                 ] t.p.B3PropagatorExtractorMultipleHeaders : Invalid TraceId in B3 header: null'. Returning INVALID span context.
2026-08-15T13:08:43.280Z DEBUG 1 --- [orderservice] [nio-8082-exec-2] [                                                 ] t.p.B3PropagatorExtractorMultipleHeaders : Invalid TraceId in B3 header: null'. Returning INVALID span context.
2026-08-15T13:08:43.286Z DEBUG 1 --- [orderservice] [nio-8082-exec-2] [d68c0ecb7978e7cffbe66f0da97e80a3-98c6c2bc92ec6d98] io.opentelemetry.sdk.trace.SdkSpan       : Ignoring setStatus() description since status is not ERROR.
2026-08-15T13:08:43.288Z DEBUG 1 --- [orderservice] [nio-8082-exec-2] [d68c0ecb7978e7cffbe66f0da97e80a3-c96cee07d09ae216] io.opentelemetry.sdk.trace.SdkSpan       : Ignoring setStatus() description since status is not ERROR.
2026-08-15T13:08:43.316Z DEBUG 1 --- [orderservice] [nio-8082-exec-2] [d68c0ecb7978e7cffbe66f0da97e80a3-c96cee07d09ae216] io.opentelemetry.sdk.trace.SdkSpan       : Ignoring setStatus() description since status is not ERROR.
2026-08-15T13:08:43.318Z DEBUG 1 --- [orderservice] [nio-8082-exec-2] [d68c0ecb7978e7cffbe66f0da97e80a3-c96cee07d09ae216] io.opentelemetry.sdk.trace.SdkSpan       : Ignoring setStatus() description since status is not ERROR.
2026-08-15T13:08:45.049Z  INFO 1 --- [orderservice] [   scheduling-1] [11392eeae34eaa6864e9d02d0b36a102-0c74daed92968a87] c.j.s.o.jobs.OrderEventsPublishingJob    : Publishing Order Events at 2026-08-15T13:08:45.049957378Z
Hibernate: select oee1_0.id,oee1_0.created_at,oee1_0.event_id,oee1_0.event_type,oee1_0.order_number,oee1_0.payload,oee1_0.updated_at from order_events oee1_0 order by oee1_0.created_at
2026-08-15T13:08:45.061Z  INFO 1 --- [orderservice] [   scheduling-1] [11392eeae34eaa6864e9d02d0b36a102-0c74daed92968a87] c.j.s.o.domain.OrderEventService         : Found 0 Order Events to be published
2026-08-15T13:08:45.074Z DEBUG 1 --- [orderservice] [   scheduling-1] [                                                 ] io.opentelemetry.sdk.trace.SdkSpan       : Ignoring setStatus() description since status is not ERROR.
2026-08-15T13:08:47.169Z DEBUG 1 --- [orderservice] [_WorkerThread-1] [                                                 ] i.o.sdk.trace.export.BatchSpanProcessor  : Exporter failed
2026-08-15T13:08:48.278Z DEBUG 1 --- [orderservice] [nio-8082-exec-3] [                                                 ] t.p.B3PropagatorExtractorMultipleHeaders : Invalid TraceId in B3 header: null'. Returning INVALID span context.
2026-08-15T13:08:48.278Z DEBUG 1 --- [orderservice] [nio-8082-exec-3] [                                                 ] t.p.B3PropagatorExtractorMultipleHeaders : Invalid TraceId in B3 header: null'. Returning INVALID span context.
2026-08-15T13:08:48.283Z DEBUG 1 --- [orderservice] [nio-8082-exec-3] [4e9bc20f92d2553c126e7947580aec89-56846279ae02e622] io.opentelemetry.sdk.trace.SdkSpan       : Ignoring setStatus() description since status is not ERROR.
2026-08-15T13:08:48.284Z DEBUG 1 --- [orderservice] [nio-8082-exec-3] [4e9bc20f92d2553c126e7947580aec89-58479a6ac073f009] io.opentelemetry.sdk.trace.SdkSpan       : Ignoring setStatus() description since status is not ERROR.
2026-08-15T13:08:48.311Z DEBUG 1 --- [orderservice] [nio-8082-exec-3] [4e9bc20f92d2553c126e7947580aec89-58479a6ac073f009] io.opentelemetry.sdk.trace.SdkSpan       : Ignoring setStatus() description since status is not ERROR.
2026-08-15T13:08:48.313Z DEBUG 1 --- [orderservice] [nio-8082-exec-3] [4e9bc20f92d2553c126e7947580aec89-58479a6ac073f009] io.opentelemetry.sdk.trace.SdkSpan       : Ignoring setStatus() description since status is not ERROR.
2026-08-15T13:08:50.051Z  INFO 1 --- [orderservice] [   scheduling-1] [3bff1256ac6865c534150519cf4cdfc2-5b610f9978d0ea07] c.j.s.o.jobs.OrderProcessingJob          : Processing New Orders at 2026-08-15T13:08:50.051238472Z
Hibernate: select oe1_0.id,oe1_0.comments,oe1_0.created_at,oe1_0.customer_name,oe1_0.customer_email,oe1_0.customer_phone,oe1_0.delivery_address_line1,oe1_0.delivery_address_line2,oe1_0.delivery_address_city,oe1_0.delivery_address_state,oe1_0.delivery_address_zip_code,oe1_0.delivery_address_country,oe1_0.order_number,oe1_0.status,oe1_0.updated_at,oe1_0.username from orders oe1_0 where oe1_0.status=?
2026-08-15T13:08:50.059Z  INFO 1 --- [orderservice] [   scheduling-1] [3bff1256ac6865c534150519cf4cdfc2-5b610f9978d0ea07] c.j.s.orderservice.domain.OrderService   : Found 0 new orders to process
2026-08-15T13:08:50.075Z DEBUG 1 --- [orderservice] [   scheduling-1] [                                                 ] io.opentelemetry.sdk.trace.SdkSpan       : Ignoring setStatus() description since status is not ERROR.
2026-08-15T13:08:50.087Z  INFO 1 --- [orderservice] [   scheduling-1] [7c3ed53941654b698e5c6fd010671fb9-f5f44c79f2218512] c.j.s.o.jobs.OrderEventsPublishingJob    : Publishing Order Events at 2026-08-15T13:08:50.087849962Z
Hibernate: select oee1_0.id,oee1_0.created_at,oee1_0.event_id,oee1_0.event_type,oee1_0.order_number,oee1_0.payload,oee1_0.updated_at from order_events oee1_0 order by oee1_0.created_at
2026-08-15T13:08:50.100Z  INFO 1 --- [orderservice] [   scheduling-1] [7c3ed53941654b698e5c6fd010671fb9-f5f44c79f2218512] c.j.s.o.domain.OrderEventService         : Found 0 Order Events to be published
2026-08-15T13:08:50.116Z DEBUG 1 --- [orderservice] [   scheduling-1] [                                                 ] io.opentelemetry.sdk.trace.SdkSpan       : Ignoring setStatus() description since status is not ERROR.
2026-08-15T13:08:52.178Z DEBUG 1 --- [orderservice] [_WorkerThread-1] [                                                 ] i.o.sdk.trace.export.BatchSpanProcessor  : Exporter failed
2026-08-15T13:08:53.274Z DEBUG 1 --- [orderservice] [nio-8082-exec-4] [                                                 ] t.p.B3PropagatorExtractorMultipleHeaders : Invalid TraceId in B3 header: null'. Returning INVALID span context.
2026-08-15T13:08:53.274Z DEBUG 1 --- [orderservice] [nio-8082-exec-4] [                                                 ] t.p.B3PropagatorExtractorMultipleHeaders : Invalid TraceId in B3 header: null'. Returning INVALID span context.
2026-08-15T13:08:53.277Z DEBUG 1 --- [orderservice] [nio-8082-exec-4] [03f6dedbb90c9df41ad157da306179d6-7099a1a12e23c24b] io.opentelemetry.sdk.trace.SdkSpan       : Ignoring setStatus() description since status is not ERROR.
2026-08-15T13:08:53.278Z DEBUG 1 --- [orderservice] [nio-8082-exec-4] [03f6dedbb90c9df41ad157da306179d6-a34e04358c120b08] io.opentelemetry.sdk.trace.SdkSpan       : Ignoring setStatus() description since status is not ERROR.
2026-08-15T13:08:53.295Z DEBUG 1 --- [orderservice] [nio-8082-exec-4] [03f6dedbb90c9df41ad157da306179d6-a34e04358c120b08] io.opentelemetry.sdk.trace.SdkSpan       : Ignoring setStatus() description since status is not ERROR.
2026-08-15T13:08:53.297Z DEBUG 1 --- [orderservice] [nio-8082-exec-4] [03f6dedbb90c9df41ad157da306179d6-a34e04358c120b08] io.opentelemetry.sdk.trace.SdkSpan       : Ignoring setStatus() description since status is not ERROR.
2026-08-15T13:08:55.010Z  INFO 1 --- [orderservice] [   scheduling-1] [fe69180a95825921083eb84fc8a85225-e1bc999a936fcc9a] c.j.s.o.jobs.OrderEventsPublishingJob    : Publishing Order Events at 2026-08-15T13:08:55.010704345Z
Hibernate: select oee1_0.id,oee1_0.created_at,oee1_0.event_id,oee1_0.event_type,oee1_0.order_number,oee1_0.payload,oee1_0.updated_at from order_events oee1_0 order by oee1_0.created_at
2026-08-15T13:08:55.022Z  INFO 1 --- [orderservice] [   scheduling-1] [fe69180a95825921083eb84fc8a85225-e1bc999a936fcc9a] c.j.s.o.domain.OrderEventService         : Found 0 Order Events to be published
2026-08-15T13:08:55.039Z DEBUG 1 --- [orderservice] [   scheduling-1] [                                                 ] io.opentelemetry.sdk.trace.SdkSpan       : Ignoring setStatus() description since status is not ERROR.
2026-08-15T13:08:57.188Z DEBUG 1 --- [orderservice] [_WorkerThread-1] [                                                 ] i.o.sdk.trace.export.BatchSpanProcessor  : Exporter failed
2026-08-15T13:08:58.274Z DEBUG 1 --- [orderservice] [nio-8082-exec-6] [                                                 ] t.p.B3PropagatorExtractorMultipleHeaders : Invalid TraceId in B3 header: null'. Returning INVALID span context.
2026-08-15T13:08:58.274Z DEBUG 1 --- [orderservice] [nio-8082-exec-6] [                                                 ] t.p.B3PropagatorExtractorMultipleHeaders : Invalid TraceId in B3 header: null'. Returning INVALID span context.
2026-08-15T13:08:58.276Z DEBUG 1 --- [orderservice] [nio-8082-exec-6] [15e1add74d3d15120fc0569fdda41ed9-f27af40041e8eeff] io.opentelemetry.sdk.trace.SdkSpan       : Ignoring setStatus() description since status is not ERROR.
2026-08-15T13:08:58.276Z DEBUG 1 --- [orderservice] [nio-8082-exec-6] [15e1add74d3d15120fc0569fdda41ed9-747c3781f60faed7] io.opentelemetry.sdk.trace.SdkSpan       : Ignoring setStatus() description since status is not ERROR.
2026-08-15T13:08:58.293Z DEBUG 1 --- [orderservice] [nio-8082-exec-6] [15e1add74d3d15120fc0569fdda41ed9-747c3781f60faed7] io.opentelemetry.sdk.trace.SdkSpan       : Ignoring setStatus() description since status is not ERROR.
2026-08-15T13:08:58.296Z DEBUG 1 --- [orderservice] [nio-8082-exec-6] [15e1add74d3d15120fc0569fdda41ed9-747c3781f60faed7] io.opentelemetry.sdk.trace.SdkSpan       : Ignoring setStatus() description since status is not ERROR.
2026-08-15T13:09:00.047Z  INFO 1 --- [orderservice] [   scheduling-1] [7722f2e13469dffd19414717e0dd094a-4222fcfc4afbbbaf] c.j.s.o.jobs.OrderProcessingJob          : Processing New Orders at 2026-08-15T13:09:00.047631922Z
Hibernate: select oe1_0.id,oe1_0.comments,oe1_0.created_at,oe1_0.customer_name,oe1_0.customer_email,oe1_0.customer_phone,oe1_0.delivery_address_line1,oe1_0.delivery_address_line2,oe1_0.delivery_address_city,oe1_0.delivery_address_state,oe1_0.delivery_address_zip_code,oe1_0.delivery_address_country,oe1_0.order_number,oe1_0.status,oe1_0.updated_at,oe1_0.username from orders oe1_0 where oe1_0.status=?
2026-08-15T13:09:00.056Z  INFO 1 --- [orderservice] [   scheduling-1] [7722f2e13469dffd19414717e0dd094a-4222fcfc4afbbbaf] c.j.s.orderservice.domain.OrderService   : Found 0 new orders to process
2026-08-15T13:09:00.074Z DEBUG 1 --- [orderservice] [   scheduling-1] [                                                 ] io.opentelemetry.sdk.trace.SdkSpan       : Ignoring setStatus() description since status is not ERROR.
2026-08-15T13:09:00.088Z  INFO 1 --- [orderservice] [   scheduling-1] [e4b822f36c30d9cd27405cf1bf215f6a-5ed7db2a3bb6b659] c.j.s.o.jobs.OrderEventsPublishingJob    : Publishing Order Events at 2026-08-15T13:09:00.088276797Z
Hibernate: select oee1_0.id,oee1_0.created_at,oee1_0.event_id,oee1_0.event_type,oee1_0.order_number,oee1_0.payload,oee1_0.updated_at from order_events oee1_0 order by oee1_0.created_at
2026-08-15T13:09:00.100Z  INFO 1 --- [orderservice] [   scheduling-1] [e4b822f36c30d9cd27405cf1bf215f6a-5ed7db2a3bb6b659] c.j.s.o.domain.OrderEventService         : Found 0 Order Events to be published
2026-08-15T13:09:00.115Z DEBUG 1 --- [orderservice] [   scheduling-1] [                                                 ] io.opentelemetry.sdk.trace.SdkSpan       : Ignoring setStatus() description since status is not ERROR.
2026-08-15T13:09:02.198Z DEBUG 1 --- [orderservice] [_WorkerThread-1] [                                                 ] i.o.sdk.trace.export.BatchSpanProcessor  : Exporter failed
2026-08-15T13:09:03.275Z DEBUG 1 --- [orderservice] [nio-8082-exec-7] [                                                 ] t.p.B3PropagatorExtractorMultipleHeaders : Invalid TraceId in B3 header: null'. Returning INVALID span context.
2026-08-15T13:09:03.276Z DEBUG 1 --- [orderservice] [nio-8082-exec-7] [                                                 ] t.p.B3PropagatorExtractorMultipleHeaders : Invalid TraceId in B3 header: null'. Returning INVALID span context.
2026-08-15T13:09:03.280Z DEBUG 1 --- [orderservice] [nio-8082-exec-7] [09918eccdf6e9840c24d0d73e9646c1b-39111f0576556804] io.opentelemetry.sdk.trace.SdkSpan       : Ignoring setStatus() description since status is not ERROR.
2026-08-15T13:09:03.281Z DEBUG 1 --- [orderservice] [nio-8082-exec-7] [09918eccdf6e9840c24d0d73e9646c1b-037133ad1720b95c] io.opentelemetry.sdk.trace.SdkSpan       : Ignoring setStatus() description since status is not ERROR.
2026-08-15T13:09:03.800Z DEBUG 1 --- [orderservice] [nio-8082-exec-7] [09918eccdf6e9840c24d0d73e9646c1b-037133ad1720b95c] io.opentelemetry.sdk.trace.SdkSpan       : Ignoring setStatus() description since status is not ERROR.
2026-08-15T13:09:03.802Z DEBUG 1 --- [orderservice] [nio-8082-exec-7] [09918eccdf6e9840c24d0d73e9646c1b-037133ad1720b95c] io.opentelemetry.sdk.trace.SdkSpan       : Ignoring setStatus() description since status is not ERROR.
2026-08-15T13:09:05.048Z  INFO 1 --- [orderservice] [   scheduling-1] [c4050d59c25aa803d4a99abb1d97e04a-4e2ba2789d2243ea] c.j.s.o.jobs.OrderEventsPublishingJob    : Publishing Order Events at 2026-08-15T13:09:05.048214218Z
Hibernate: select oee1_0.id,oee1_0.created_at,oee1_0.event_id,oee1_0.event_type,oee1_0.order_number,oee1_0.payload,oee1_0.updated_at from order_events oee1_0 order by oee1_0.created_at
2026-08-15T13:09:05.054Z  INFO 1 --- [orderservice] [   scheduling-1] [c4050d59c25aa803d4a99abb1d97e04a-4e2ba2789d2243ea] c.j.s.o.domain.OrderEventService         : Found 0 Order Events to be published
2026-08-15T13:09:05.062Z DEBUG 1 --- [orderservice] [   scheduling-1] [                                                 ] io.opentelemetry.sdk.trace.SdkSpan       : Ignoring setStatus() description since status is not ERROR.
2026-08-15T13:09:07.212Z DEBUG 1 --- [orderservice] [_WorkerThread-1] [                                                 ] i.o.sdk.trace.export.BatchSpanProcessor  : Exporter failed
2026-08-15T13:09:08.276Z DEBUG 1 --- [orderservice] [nio-8082-exec-5] [                                                 ] t.p.B3PropagatorExtractorMultipleHeaders : Invalid TraceId in B3 header: null'. Returning INVALID span context.
2026-08-15T13:09:08.277Z DEBUG 1 --- [orderservice] [nio-8082-exec-5] [                                                 ] t.p.B3PropagatorExtractorMultipleHeaders : Invalid TraceId in B3 header: null'. Returning INVALID span context.
2026-08-15T13:09:08.281Z DEBUG 1 --- [orderservice] [nio-8082-exec-5] [2ef5438c1c262209f3a01678b41d251c-8c1dcb43cd9be3d1] io.opentelemetry.sdk.trace.SdkSpan       : Ignoring setStatus() description since status is not ERROR.
2026-08-15T13:09:08.282Z DEBUG 1 --- [orderservice] [nio-8082-exec-5] [2ef5438c1c262209f3a01678b41d251c-66669cfd28a972ef] io.opentelemetry.sdk.trace.SdkSpan       : Ignoring setStatus() description since status is not ERROR.
2026-08-15T13:09:08.321Z DEBUG 1 --- [orderservice] [nio-8082-exec-5] [2ef5438c1c262209f3a01678b41d251c-66669cfd28a972ef] io.opentelemetry.sdk.trace.SdkSpan       : Ignoring setStatus() description since status is not ERROR.
2026-08-15T13:09:08.323Z DEBUG 1 --- [orderservice] [nio-8082-exec-5] [2ef5438c1c262209f3a01678b41d251c-66669cfd28a972ef] io.opentelemetry.sdk.trace.SdkSpan       : Ignoring setStatus() description since status is not ERROR.
2026-08-15T13:09:10.013Z  INFO 1 --- [orderservice] [   scheduling-1] [b7f2d6ab4461ac30b69a0e15bbec0fc7-6a3b97942c90b09f] c.j.s.o.jobs.OrderEventsPublishingJob    : Publishing Order Events at 2026-08-15T13:09:10.013791165Z
Hibernate: select oee1_0.id,oee1_0.created_at,oee1_0.event_id,oee1_0.event_type,oee1_0.order_number,oee1_0.payload,oee1_0.updated_at from order_events oee1_0 order by oee1_0.created_at
2026-08-15T13:09:10.022Z  INFO 1 --- [orderservice] [   scheduling-1] [b7f2d6ab4461ac30b69a0e15bbec0fc7-6a3b97942c90b09f] c.j.s.o.domain.OrderEventService         : Found 0 Order Events to be published
2026-08-15T13:09:10.035Z DEBUG 1 --- [orderservice] [   scheduling-1] [                                                 ] io.opentelemetry.sdk.trace.SdkSpan       : Ignoring setStatus() description since status is not ERROR.
2026-08-15T13:09:10.048Z  INFO 1 --- [orderservice] [   scheduling-1] [24d7709778e236fd3382a19f1382c62f-15a734a680312585] c.j.s.o.jobs.OrderProcessingJob          : Processing New Orders at 2026-08-15T13:09:10.048035542Z
Hibernate: select oe1_0.id,oe1_0.comments,oe1_0.created_at,oe1_0.customer_name,oe1_0.customer_email,oe1_0.customer_phone,oe1_0.delivery_address_line1,oe1_0.delivery_address_line2,oe1_0.delivery_address_city,oe1_0.delivery_address_state,oe1_0.delivery_address_zip_code,oe1_0.delivery_address_country,oe1_0.order_number,oe1_0.status,oe1_0.updated_at,oe1_0.username from orders oe1_0 where oe1_0.status=?
2026-08-15T13:09:10.058Z  INFO 1 --- [orderservice] [   scheduling-1] [24d7709778e236fd3382a19f1382c62f-15a734a680312585] c.j.s.orderservice.domain.OrderService   : Found 0 new orders to process
2026-08-15T13:09:10.071Z DEBUG 1 --- [orderservice] [   scheduling-1] [                                                 ] io.opentelemetry.sdk.trace.SdkSpan       : Ignoring setStatus() description since status is not ERROR.
2026-08-15T13:09:12.224Z DEBUG 1 --- [orderservice] [_WorkerThread-1] [                                                 ] i.o.sdk.trace.export.BatchSpanProcessor  : Exporter failed
2026-08-15T13:09:13.275Z DEBUG 1 --- [orderservice] [nio-8082-exec-8] [                                                 ] t.p.B3PropagatorExtractorMultipleHeaders : Invalid TraceId in B3 header: null'. Returning INVALID span context.
2026-08-15T13:09:13.276Z DEBUG 1 --- [orderservice] [nio-8082-exec-8] [                                                 ] t.p.B3PropagatorExtractorMultipleHeaders : Invalid TraceId in B3 header: null'. Returning INVALID span context.
2026-08-15T13:09:13.280Z DEBUG 1 --- [orderservice] [nio-8082-exec-8] [fcb09b81eab62020e39f392808cd0bbe-ac61c26f833ff585] io.opentelemetry.sdk.trace.SdkSpan       : Ignoring setStatus() description since status is not ERROR.
2026-08-15T13:09:13.281Z DEBUG 1 --- [orderservice] [nio-8082-exec-8] [fcb09b81eab62020e39f392808cd0bbe-e9fa46c453816d5d] io.opentelemetry.sdk.trace.SdkSpan       : Ignoring setStatus() description since status is not ERROR.
2026-08-15T13:09:13.315Z DEBUG 1 --- [orderservice] [nio-8082-exec-8] [fcb09b81eab62020e39f392808cd0bbe-e9fa46c453816d5d] io.opentelemetry.sdk.trace.SdkSpan       : Ignoring setStatus() description since status is not ERROR.
2026-08-15T13:09:13.318Z DEBUG 1 --- [orderservice] [nio-8082-exec-8] [fcb09b81eab62020e39f392808cd0bbe-e9fa46c453816d5d] io.opentelemetry.sdk.trace.SdkSpan       : Ignoring setStatus() description since status is not ERROR.
2026-08-15T13:09:15.051Z  INFO 1 --- [orderservice] [   scheduling-1] [2fe774c7b342aee4f2cf0f1430dc37f9-c135ba691f3305b3] c.j.s.o.jobs.OrderEventsPublishingJob    : Publishing Order Events at 2026-08-15T13:09:15.051789300Z
Hibernate: select oee1_0.id,oee1_0.created_at,oee1_0.event_id,oee1_0.event_type,oee1_0.order_number,oee1_0.payload,oee1_0.updated_at from order_events oee1_0 order by oee1_0.created_at
2026-08-15T13:09:15.062Z  INFO 1 --- [orderservice] [   scheduling-1] [2fe774c7b342aee4f2cf0f1430dc37f9-c135ba691f3305b3] c.j.s.o.domain.OrderEventService         : Found 0 Order Events to be published
2026-08-15T13:09:15.075Z DEBUG 1 --- [orderservice] [   scheduling-1] [                                                 ] io.opentelemetry.sdk.trace.SdkSpan       : Ignoring setStatus() description since status is not ERROR.
2026-08-15T13:09:17.236Z DEBUG 1 --- [orderservice] [_WorkerThread-1] [                                                 ] i.o.sdk.trace.export.BatchSpanProcessor  : Exporter failed
2026-08-15T13:09:18.275Z DEBUG 1 --- [orderservice] [nio-8082-exec-9] [                                                 ] t.p.B3PropagatorExtractorMultipleHeaders : Invalid TraceId in B3 header: null'. Returning INVALID span context.
2026-08-15T13:09:18.275Z DEBUG 1 --- [orderservice] [nio-8082-exec-9] [                                                 ] t.p.B3PropagatorExtractorMultipleHeaders : Invalid TraceId in B3 header: null'. Returning INVALID span context.
2026-08-15T13:09:18.279Z DEBUG 1 --- [orderservice] [nio-8082-exec-9] [b4bcb0f7db7e2d9482bb3f371e44480a-4305fbdee8979af6] io.opentelemetry.sdk.trace.SdkSpan       : Ignoring setStatus() description since status is not ERROR.
2026-08-15T13:09:18.280Z DEBUG 1 --- [orderservice] [nio-8082-exec-9] [b4bcb0f7db7e2d9482bb3f371e44480a-205118ef1f20affe] io.opentelemetry.sdk.trace.SdkSpan       : Ignoring setStatus() description since status is not ERROR.
2026-08-15T13:09:18.305Z DEBUG 1 --- [orderservice] [nio-8082-exec-9] [b4bcb0f7db7e2d9482bb3f371e44480a-205118ef1f20affe] io.opentelemetry.sdk.trace.SdkSpan       : Ignoring setStatus() description since status is not ERROR.
2026-08-15T13:09:18.308Z DEBUG 1 --- [orderservice] [nio-8082-exec-9] [b4bcb0f7db7e2d9482bb3f371e44480a-205118ef1f20affe] io.opentelemetry.sdk.trace.SdkSpan       : Ignoring setStatus() description since status is not ERROR.
2026-08-15T13:09:20.050Z  INFO 1 --- [orderservice] [   scheduling-1] [18f6aabbd80f0781f6dcb5cbabadfbf0-88ccbd679d4251a6] c.j.s.o.jobs.OrderEventsPublishingJob    : Publishing Order Events at 2026-08-15T13:09:20.050863887Z
Hibernate: select oee1_0.id,oee1_0.created_at,oee1_0.event_id,oee1_0.event_type,oee1_0.order_number,oee1_0.payload,oee1_0.updated_at from order_events oee1_0 order by oee1_0.created_at
2026-08-15T13:09:20.057Z  INFO 1 --- [orderservice] [   scheduling-1] [18f6aabbd80f0781f6dcb5cbabadfbf0-88ccbd679d4251a6] c.j.s.o.domain.OrderEventService         : Found 0 Order Events to be published
2026-08-15T13:09:20.067Z DEBUG 1 --- [orderservice] [   scheduling-1] [                                                 ] io.opentelemetry.sdk.trace.SdkSpan       : Ignoring setStatus() description since status is not ERROR.
2026-08-15T13:09:20.077Z  INFO 1 --- [orderservice] [   scheduling-1] [935ea32a3239be1d9d916609755d9d10-551d7a84b9420f59] c.j.s.o.jobs.OrderProcessingJob          : Processing New Orders at 2026-08-15T13:09:20.077243824Z
Hibernate: select oe1_0.id,oe1_0.comments,oe1_0.created_at,oe1_0.customer_name,oe1_0.customer_email,oe1_0.customer_phone,oe1_0.delivery_address_line1,oe1_0.delivery_address_line2,oe1_0.delivery_address_city,oe1_0.delivery_address_state,oe1_0.delivery_address_zip_code,oe1_0.delivery_address_country,oe1_0.order_number,oe1_0.status,oe1_0.updated_at,oe1_0.username from orders oe1_0 where oe1_0.status=?
2026-08-15T13:09:20.083Z  INFO 1 --- [orderservice] [   scheduling-1] [935ea32a3239be1d9d916609755d9d10-551d7a84b9420f59] c.j.s.orderservice.domain.OrderService   : Found 0 new orders to process
2026-08-15T13:09:20.095Z DEBUG 1 --- [orderservice] [   scheduling-1] [                                                 ] io.opentelemetry.sdk.trace.SdkSpan       : Ignoring setStatus() description since status is not ERROR.
2026-08-15T13:09:22.243Z DEBUG 1 --- [orderservice] [_WorkerThread-1] [                                                 ] i.o.sdk.trace.export.BatchSpanProcessor  : Exporter failed
2026-08-15T13:09:23.273Z DEBUG 1 --- [orderservice] [io-8082-exec-10] [                                                 ] t.p.B3PropagatorExtractorMultipleHeaders : Invalid TraceId in B3 header: null'. Returning INVALID span context.
2026-08-15T13:09:23.273Z DEBUG 1 --- [orderservice] [io-8082-exec-10] [                                                 ] t.p.B3PropagatorExtractorMultipleHeaders : Invalid TraceId in B3 header: null'. Returning INVALID span context.
2026-08-15T13:09:23.279Z DEBUG 1 --- [orderservice] [io-8082-exec-10] [e24661bc9a140bedef2ba7eba41cf0a6-22aae1a1411d7043] io.opentelemetry.sdk.trace.SdkSpan       : Ignoring setStatus() description since status is not ERROR.
2026-08-15T13:09:23.280Z DEBUG 1 --- [orderservice] [io-8082-exec-10] [e24661bc9a140bedef2ba7eba41cf0a6-84ff98be2319f2d5] io.opentelemetry.sdk.trace.SdkSpan       : Ignoring setStatus() description since status is not ERROR.
2026-08-15T13:09:23.312Z DEBUG 1 --- [orderservice] [io-8082-exec-10] [e24661bc9a140bedef2ba7eba41cf0a6-84ff98be2319f2d5] io.opentelemetry.sdk.trace.SdkSpan       : Ignoring setStatus() description since status is not ERROR.
2026-08-15T13:09:23.315Z DEBUG 1 --- [orderservice] [io-8082-exec-10] [e24661bc9a140bedef2ba7eba41cf0a6-84ff98be2319f2d5] io.opentelemetry.sdk.trace.SdkSpan       : Ignoring setStatus() description since status is not ERROR.
2026-08-15T13:09:25.019Z  INFO 1 --- [orderservice] [   scheduling-1] [1fcb1a8b043ae8240cf2d664667eaf10-ea8d861a526dc380] c.j.s.o.jobs.OrderEventsPublishingJob    : Publishing Order Events at 2026-08-15T13:09:25.019196556Z
Hibernate: select oee1_0.id,oee1_0.created_at,oee1_0.event_id,oee1_0.event_type,oee1_0.order_number,oee1_0.payload,oee1_0.updated_at from order_events oee1_0 order by oee1_0.created_at
2026-08-15T13:09:25.028Z  INFO 1 --- [orderservice] [   scheduling-1] [1fcb1a8b043ae8240cf2d664667eaf10-ea8d861a526dc380] c.j.s.o.domain.OrderEventService         : Found 0 Order Events to be published
2026-08-15T13:09:25.040Z DEBUG 1 --- [orderservice] [   scheduling-1] [                                                 ] io.opentelemetry.sdk.trace.SdkSpan       : Ignoring setStatus() description since status is not ERROR.
2026-08-15T13:09:27.256Z DEBUG 1 --- [orderservice] [_WorkerThread-1] [                                                 ] i.o.sdk.trace.export.BatchSpanProcessor  : Exporter failed
2026-08-15T13:09:28.273Z DEBUG 1 --- [orderservice] [nio-8082-exec-1] [                                                 ] t.p.B3PropagatorExtractorMultipleHeaders : Invalid TraceId in B3 header: null'. Returning INVALID span context.
2026-08-15T13:09:28.273Z DEBUG 1 --- [orderservice] [nio-8082-exec-1] [                                                 ] t.p.B3PropagatorExtractorMultipleHeaders : Invalid TraceId in B3 header: null'. Returning INVALID span context.
2026-08-15T13:09:28.278Z DEBUG 1 --- [orderservice] [nio-8082-exec-1] [5428b1c5cd56a6a726892859b0052d83-66ecca823954254f] io.opentelemetry.sdk.trace.SdkSpan       : Ignoring setStatus() description since status is not ERROR.
2026-08-15T13:09:28.279Z DEBUG 1 --- [orderservice] [nio-8082-exec-1] [5428b1c5cd56a6a726892859b0052d83-64d707d97696de3f] io.opentelemetry.sdk.trace.SdkSpan       : Ignoring setStatus() description since status is not ERROR.
2026-08-15T13:09:28.305Z DEBUG 1 --- [orderservice] [nio-8082-exec-1] [5428b1c5cd56a6a726892859b0052d83-64d707d97696de3f] io.opentelemetry.sdk.trace.SdkSpan       : Ignoring setStatus() description since status is not ERROR.
2026-08-15T13:09:28.307Z DEBUG 1 --- [orderservice] [nio-8082-exec-1] [5428b1c5cd56a6a726892859b0052d83-64d707d97696de3f] io.opentelemetry.sdk.trace.SdkSpan       : Ignoring setStatus() description since status is not ERROR.
2026-08-15T13:09:30.049Z  INFO 1 --- [orderservice] [   scheduling-1] [cd7f31225abc960a809d7125978f5d54-5d91198cd3e16cc1] c.j.s.o.jobs.OrderProcessingJob          : Processing New Orders at 2026-08-15T13:09:30.049317415Z
Hibernate: select oe1_0.id,oe1_0.comments,oe1_0.created_at,oe1_0.customer_name,oe1_0.customer_email,oe1_0.customer_phone,oe1_0.delivery_address_line1,oe1_0.delivery_address_line2,oe1_0.delivery_address_city,oe1_0.delivery_address_state,oe1_0.delivery_address_zip_code,oe1_0.delivery_address_country,oe1_0.order_number,oe1_0.status,oe1_0.updated_at,oe1_0.username from orders oe1_0 where oe1_0.status=?
2026-08-15T13:09:30.055Z  INFO 1 --- [orderservice] [   scheduling-1] [cd7f31225abc960a809d7125978f5d54-5d91198cd3e16cc1] c.j.s.orderservice.domain.OrderService   : Found 0 new orders to process
2026-08-15T13:09:30.068Z DEBUG 1 --- [orderservice] [   scheduling-1] [                                                 ] io.opentelemetry.sdk.trace.SdkSpan       : Ignoring setStatus() description since status is not ERROR.
2026-08-15T13:09:30.080Z  INFO 1 --- [orderservice] [   scheduling-1] [568d45c0cab7bb8773e5312a9141c102-65a17b3e1e9b9fd9] c.j.s.o.jobs.OrderEventsPublishingJob    : Publishing Order Events at 2026-08-15T13:09:30.080754945Z
Hibernate: select oee1_0.id,oee1_0.created_at,oee1_0.event_id,oee1_0.event_type,oee1_0.order_number,oee1_0.payload,oee1_0.updated_at from order_events oee1_0 order by oee1_0.created_at
2026-08-15T13:09:30.092Z  INFO 1 --- [orderservice] [   scheduling-1] [568d45c0cab7bb8773e5312a9141c102-65a17b3e1e9b9fd9] c.j.s.o.domain.OrderEventService         : Found 0 Order Events to be published
2026-08-15T13:09:30.105Z DEBUG 1 --- [orderservice] [   scheduling-1] [                                                 ] io.opentelemetry.sdk.trace.SdkSpan       : Ignoring setStatus() description since status is not ERROR.
2026-08-15T13:09:32.260Z  WARN 1 --- [orderservice] [_WorkerThread-1] [                                                 ] i.o.exporter.zipkin.ZipkinSpanExporter   : Failed to export spans

java.net.ConnectException: Connection refused
	at java.net.http/jdk.internal.net.http.HttpClientImpl.send(Unknown Source) ~[java.net.http:na]
	at java.net.http/jdk.internal.net.http.HttpClientFacade.send(Unknown Source) ~[java.net.http:na]
	at org.springframework.boot.zipkin.autoconfigure.ZipkinHttpClientSender.postSpans(ZipkinHttpClientSender.java:59) ~[spring-boot-zipkin-4.1.0.jar:4.1.0]
	at org.springframework.boot.zipkin.autoconfigure.HttpSender.postSpans(HttpSender.java:69) ~[spring-boot-zipkin-4.1.0.jar:4.1.0]
	at org.springframework.boot.zipkin.autoconfigure.HttpSender.postSpans(HttpSender.java:41) ~[spring-boot-zipkin-4.1.0.jar:4.1.0]
	at zipkin2.reporter.BaseHttpSender.send(BaseHttpSender.java:123) ~[zipkin-reporter-3.5.3.jar:na]
	at io.opentelemetry.exporter.zipkin.ZipkinSpanExporter.lambda$export$0(ZipkinSpanExporter.java:104) ~[opentelemetry-exporter-zipkin-1.62.0.jar:1.62.0]
	at io.opentelemetry.context.Context.lambda$wrap$1(Context.java:241) ~[opentelemetry-context-1.62.0.jar:1.62.0]
	at io.opentelemetry.api.internal.InstrumentationUtil.suppressInstrumentation(InstrumentationUtil.java:28) ~[opentelemetry-api-1.62.0.jar:1.62.0]
	at io.opentelemetry.exporter.zipkin.ZipkinSpanExporter.export(ZipkinSpanExporter.java:101) ~[opentelemetry-exporter-zipkin-1.62.0.jar:1.62.0]
	at io.micrometer.tracing.otel.bridge.CompositeSpanExporter.lambda$export$3(CompositeSpanExporter.java:90) ~[micrometer-tracing-bridge-otel-1.7.0.jar:1.7.0]
	at java.base/java.util.ImmutableCollections$List12.forEach(Unknown Source) ~[na:na]
	at io.micrometer.tracing.otel.bridge.CompositeSpanExporter.export(CompositeSpanExporter.java:90) ~[micrometer-tracing-bridge-otel-1.7.0.jar:1.7.0]
	at io.opentelemetry.sdk.trace.export.BatchSpanProcessor$Worker.exportCurrentBatch(BatchSpanProcessor.java:334) ~[opentelemetry-sdk-trace-1.62.0.jar:1.62.0]
	at io.opentelemetry.sdk.trace.export.BatchSpanProcessor$Worker.run(BatchSpanProcessor.java:235) ~[opentelemetry-sdk-trace-1.62.0.jar:1.62.0]
	at java.base/java.lang.Thread.run(Unknown Source) ~[na:na]
Caused by: java.net.ConnectException: Connection refused
	at java.base/sun.nio.ch.Net.pollConnect(Native Method) ~[na:na]
	at java.base/sun.nio.ch.Net.pollConnectNow(Unknown Source) ~[na:na]
	at java.base/sun.nio.ch.SocketChannelImpl.finishConnect(Unknown Source) ~[na:na]
	at java.net.http/jdk.internal.net.http.PlainHttpConnection$ConnectEvent.handle(Unknown Source) ~[java.net.http:na]
	at java.net.http/jdk.internal.net.http.HttpClientImpl$SelectorManager.handleEvent(Unknown Source) ~[java.net.http:na]
	at java.net.http/jdk.internal.net.http.HttpClientImpl$SelectorManager.lambda$run$3(Unknown Source) ~[java.net.http:na]
	at java.base/java.util.ArrayList.forEach(Unknown Source) ~[na:na]
	at java.net.http/jdk.internal.net.http.HttpClientImpl$SelectorManager.run(Unknown Source) ~[java.net.http:na]
	at java.base/java.lang.VirtualThread.run(Unknown Source) ~[na:na]

2026-08-15T13:09:32.261Z DEBUG 1 --- [orderservice] [_WorkerThread-1] [                                                 ] i.o.sdk.trace.export.BatchSpanProcessor  : Exporter failed
2026-08-15T13:09:33.273Z DEBUG 1 --- [orderservice] [nio-8082-exec-2] [                                                 ] t.p.B3PropagatorExtractorMultipleHeaders : Invalid TraceId in B3 header: null'. Returning INVALID span context.
2026-08-15T13:09:33.273Z DEBUG 1 --- [orderservice] [nio-8082-exec-2] [                                                 ] t.p.B3PropagatorExtractorMultipleHeaders : Invalid TraceId in B3 header: null'. Returning INVALID span context.
2026-08-15T13:09:33.278Z DEBUG 1 --- [orderservice] [nio-8082-exec-2] [f98cbc1244cc1fb9d6e90ba3d81d925b-8ea18be43bc44534] io.opentelemetry.sdk.trace.SdkSpan       : Ignoring setStatus() description since status is not ERROR.
2026-08-15T13:09:33.279Z DEBUG 1 --- [orderservice] [nio-8082-exec-2] [f98cbc1244cc1fb9d6e90ba3d81d925b-d7e39116388bd4de] io.opentelemetry.sdk.trace.SdkSpan       : Ignoring setStatus() description since status is not ERROR.
2026-08-15T13:09:33.304Z DEBUG 1 --- [orderservice] [nio-8082-exec-2] [f98cbc1244cc1fb9d6e90ba3d81d925b-d7e39116388bd4de] io.opentelemetry.sdk.trace.SdkSpan       : Ignoring setStatus() description since status is not ERROR.
2026-08-15T13:09:33.307Z DEBUG 1 --- [orderservice] [nio-8082-exec-2] [f98cbc1244cc1fb9d6e90ba3d81d925b-d7e39116388bd4de] io.opentelemetry.sdk.trace.SdkSpan       : Ignoring setStatus() description since status is not ERROR.
2026-08-15T13:09:35.050Z  INFO 1 --- [orderservice] [   scheduling-1] [b999ccfc42097666a50d70f67a81b090-20c7e56b101fd7be] c.j.s.o.jobs.OrderEventsPublishingJob    : Publishing Order Events at 2026-08-15T13:09:35.050645610Z
Hibernate: select oee1_0.id,oee1_0.created_at,oee1_0.event_id,oee1_0.event_type,oee1_0.order_number,oee1_0.payload,oee1_0.updated_at from order_events oee1_0 order by oee1_0.created_at
2026-08-15T13:09:35.058Z  INFO 1 --- [orderservice] [   scheduling-1] [b999ccfc42097666a50d70f67a81b090-20c7e56b101fd7be] c.j.s.o.domain.OrderEventService         : Found 0 Order Events to be published
2026-08-15T13:09:35.071Z DEBUG 1 --- [orderservice] [   scheduling-1] [                                                 ] io.opentelemetry.sdk.trace.SdkSpan       : Ignoring setStatus() description since status is not ERROR.
2026-08-15T13:09:37.273Z DEBUG 1 --- [orderservice] [_WorkerThread-1] [                                                 ] i.o.sdk.trace.export.BatchSpanProcessor  : Exporter failed
2026-08-15T13:09:38.272Z DEBUG 1 --- [orderservice] [nio-8082-exec-3] [                                                 ] t.p.B3PropagatorExtractorMultipleHeaders : Invalid TraceId in B3 header: null'. Returning INVALID span context.
2026-08-15T13:09:38.272Z DEBUG 1 --- [orderservice] [nio-8082-exec-3] [                                                 ] t.p.B3PropagatorExtractorMultipleHeaders : Invalid TraceId in B3 header: null'. Returning INVALID span context.
2026-08-15T13:09:38.274Z DEBUG 1 --- [orderservice] [nio-8082-exec-3] [f4513a9c22b17c83a694351a3dd08b56-544156b9e7216101] io.opentelemetry.sdk.trace.SdkSpan       : Ignoring setStatus() description since status is not ERROR.
2026-08-15T13:09:38.274Z DEBUG 1 --- [orderservice] [nio-8082-exec-3] [f4513a9c22b17c83a694351a3dd08b56-b6247b4979e41b25] io.opentelemetry.sdk.trace.SdkSpan       : Ignoring setStatus() description since status is not ERROR.
2026-08-15T13:09:38.293Z DEBUG 1 --- [orderservice] [nio-8082-exec-3] [f4513a9c22b17c83a694351a3dd08b56-b6247b4979e41b25] io.opentelemetry.sdk.trace.SdkSpan       : Ignoring setStatus() description since status is not ERROR.
2026-08-15T13:09:38.295Z DEBUG 1 --- [orderservice] [nio-8082-exec-3] [f4513a9c22b17c83a694351a3dd08b56-b6247b4979e41b25] io.opentelemetry.sdk.trace.SdkSpan       : Ignoring setStatus() description since status is not ERROR.
2026-08-15T13:09:40.018Z  INFO 1 --- [orderservice] [   scheduling-1] [dfcb198b94c2cdff54536fb2f532e2d8-f902a026d70a63e5] c.j.s.o.jobs.OrderEventsPublishingJob    : Publishing Order Events at 2026-08-15T13:09:40.018887843Z
Hibernate: select oee1_0.id,oee1_0.created_at,oee1_0.event_id,oee1_0.event_type,oee1_0.order_number,oee1_0.payload,oee1_0.updated_at from order_events oee1_0 order by oee1_0.created_at
2026-08-15T13:09:40.024Z  INFO 1 --- [orderservice] [   scheduling-1] [dfcb198b94c2cdff54536fb2f532e2d8-f902a026d70a63e5] c.j.s.o.domain.OrderEventService         : Found 0 Order Events to be published
2026-08-15T13:09:40.033Z DEBUG 1 --- [orderservice] [   scheduling-1] [                                                 ] io.opentelemetry.sdk.trace.SdkSpan       : Ignoring setStatus() description since status is not ERROR.
2026-08-15T13:09:40.042Z  INFO 1 --- [orderservice] [   scheduling-1] [f3de1e4c0f99252676588a716cccc84e-00eaa6cdc22420e6] c.j.s.o.jobs.OrderProcessingJob          : Processing New Orders at 2026-08-15T13:09:40.042331439Z
Hibernate: select oe1_0.id,oe1_0.comments,oe1_0.created_at,oe1_0.customer_name,oe1_0.customer_email,oe1_0.customer_phone,oe1_0.delivery_address_line1,oe1_0.delivery_address_line2,oe1_0.delivery_address_city,oe1_0.delivery_address_state,oe1_0.delivery_address_zip_code,oe1_0.delivery_address_country,oe1_0.order_number,oe1_0.status,oe1_0.updated_at,oe1_0.username from orders oe1_0 where oe1_0.status=?
2026-08-15T13:09:40.045Z  INFO 1 --- [orderservice] [   scheduling-1] [f3de1e4c0f99252676588a716cccc84e-00eaa6cdc22420e6] c.j.s.orderservice.domain.OrderService   : Found 0 new orders to process
2026-08-15T13:09:40.054Z DEBUG 1 --- [orderservice] [   scheduling-1] [                                                 ] io.opentelemetry.sdk.trace.SdkSpan       : Ignoring setStatus() description since status is not ERROR.
2026-08-15T13:09:42.279Z DEBUG 1 --- [orderservice] [_WorkerThread-1] [                                                 ] i.o.sdk.trace.export.BatchSpanProcessor  : Exporter failed
2026-08-15T13:09:43.270Z DEBUG 1 --- [orderservice] [nio-8082-exec-4] [                                                 ] t.p.B3PropagatorExtractorMultipleHeaders : Invalid TraceId in B3 header: null'. Returning INVALID span context.
2026-08-15T13:09:43.271Z DEBUG 1 --- [orderservice] [nio-8082-exec-4] [                                                 ] t.p.B3PropagatorExtractorMultipleHeaders : Invalid TraceId in B3 header: null'. Returning INVALID span context.
2026-08-15T13:09:43.272Z DEBUG 1 --- [orderservice] [nio-8082-exec-4] [aff763f8949ca49b8e310d3be97f16b5-e9a59510e45164b0] io.opentelemetry.sdk.trace.SdkSpan       : Ignoring setStatus() description since status is not ERROR.
2026-08-15T13:09:43.273Z DEBUG 1 --- [orderservice] [nio-8082-exec-4] [aff763f8949ca49b8e310d3be97f16b5-d478021a989b274f] io.opentelemetry.sdk.trace.SdkSpan       : Ignoring setStatus() description since status is not ERROR.
2026-08-15T13:09:43.285Z DEBUG 1 --- [orderservice] [nio-8082-exec-4] [aff763f8949ca49b8e310d3be97f16b5-d478021a989b274f] io.opentelemetry.sdk.trace.SdkSpan       : Ignoring setStatus() description since status is not ERROR.
2026-08-15T13:09:43.287Z DEBUG 1 --- [orderservice] [nio-8082-exec-4] [aff763f8949ca49b8e310d3be97f16b5-d478021a989b274f] io.opentelemetry.sdk.trace.SdkSpan       : Ignoring setStatus() description since status is not ERROR.
2026-08-15T13:09:45.047Z  INFO 1 --- [orderservice] [   scheduling-1] [cb2021ef1d51cc8a1e4850dc0bb88a38-7181041dbb6fac25] c.j.s.o.jobs.OrderEventsPublishingJob    : Publishing Order Events at 2026-08-15T13:09:45.047062932Z
Hibernate: select oee1_0.id,oee1_0.created_at,oee1_0.event_id,oee1_0.event_type,oee1_0.order_number,oee1_0.payload,oee1_0.updated_at from order_events oee1_0 order by oee1_0.created_at
2026-08-15T13:09:45.051Z  INFO 1 --- [orderservice] [   scheduling-1] [cb2021ef1d51cc8a1e4850dc0bb88a38-7181041dbb6fac25] c.j.s.o.domain.OrderEventService         : Found 0 Order Events to be published
2026-08-15T13:09:45.060Z DEBUG 1 --- [orderservice] [   scheduling-1] [                                                 ] io.opentelemetry.sdk.trace.SdkSpan       : Ignoring setStatus() description since status is not ERROR.
2026-08-15T13:09:47.286Z DEBUG 1 --- [orderservice] [_WorkerThread-1] [                                                 ] i.o.sdk.trace.export.BatchSpanProcessor  : Exporter failed
2026-08-15T13:09:48.275Z DEBUG 1 --- [orderservice] [nio-8082-exec-6] [                                                 ] t.p.B3PropagatorExtractorMultipleHeaders : Invalid TraceId in B3 header: null'. Returning INVALID span context.
2026-08-15T13:09:48.275Z DEBUG 1 --- [orderservice] [nio-8082-exec-6] [                                                 ] t.p.B3PropagatorExtractorMultipleHeaders : Invalid TraceId in B3 header: null'. Returning INVALID span context.
2026-08-15T13:09:48.283Z DEBUG 1 --- [orderservice] [nio-8082-exec-6] [2b9d533e2ab9545f82c0d8ab747990c5-2063da0b182a9ae2] io.opentelemetry.sdk.trace.SdkSpan       : Ignoring setStatus() description since status is not ERROR.
2026-08-15T13:09:48.285Z DEBUG 1 --- [orderservice] [nio-8082-exec-6] [2b9d533e2ab9545f82c0d8ab747990c5-b3d270e90a311e82] io.opentelemetry.sdk.trace.SdkSpan       : Ignoring setStatus() description since status is not ERROR.
2026-08-15T13:09:48.322Z DEBUG 1 --- [orderservice] [nio-8082-exec-6] [2b9d533e2ab9545f82c0d8ab747990c5-b3d270e90a311e82] io.opentelemetry.sdk.trace.SdkSpan       : Ignoring setStatus() description since status is not ERROR.
2026-08-15T13:09:48.324Z DEBUG 1 --- [orderservice] [nio-8082-exec-6] [2b9d533e2ab9545f82c0d8ab747990c5-b3d270e90a311e82] io.opentelemetry.sdk.trace.SdkSpan       : Ignoring setStatus() description since status is not ERROR.
2026-08-15T13:09:50.054Z  INFO 1 --- [orderservice] [   scheduling-1] [2640fd9311740b74ebf3aaf056252638-86dea7518b6fdd83] c.j.s.o.jobs.OrderProcessingJob          : Processing New Orders at 2026-08-15T13:09:50.054571540Z
Hibernate: select oe1_0.id,oe1_0.comments,oe1_0.created_at,oe1_0.customer_name,oe1_0.customer_email,oe1_0.customer_phone,oe1_0.delivery_address_line1,oe1_0.delivery_address_line2,oe1_0.delivery_address_city,oe1_0.delivery_address_state,oe1_0.delivery_address_zip_code,oe1_0.delivery_address_country,oe1_0.order_number,oe1_0.status,oe1_0.updated_at,oe1_0.username from orders oe1_0 where oe1_0.status=?
2026-08-15T13:09:50.065Z  INFO 1 --- [orderservice] [   scheduling-1] [2640fd9311740b74ebf3aaf056252638-86dea7518b6fdd83] c.j.s.orderservice.domain.OrderService   : Found 0 new orders to process
2026-08-15T13:09:50.080Z DEBUG 1 --- [orderservice] [   scheduling-1] [                                                 ] io.opentelemetry.sdk.trace.SdkSpan       : Ignoring setStatus() description since status is not ERROR.
2026-08-15T13:09:50.093Z  INFO 1 --- [orderservice] [   scheduling-1] [06d27ca70686c7eacd3c297d9e7be727-be9e1a95c39f2a24] c.j.s.o.jobs.OrderEventsPublishingJob    : Publishing Order Events at 2026-08-15T13:09:50.093063140Z
Hibernate: select oee1_0.id,oee1_0.created_at,oee1_0.event_id,oee1_0.event_type,oee1_0.order_number,oee1_0.payload,oee1_0.updated_at from order_events oee1_0 order by oee1_0.created_at
2026-08-15T13:09:50.103Z  INFO 1 --- [orderservice] [   scheduling-1] [06d27ca70686c7eacd3c297d9e7be727-be9e1a95c39f2a24] c.j.s.o.domain.OrderEventService         : Found 0 Order Events to be published
2026-08-15T13:09:50.116Z DEBUG 1 --- [orderservice] [   scheduling-1] [                                                 ] io.opentelemetry.sdk.trace.SdkSpan       : Ignoring setStatus() description since status is not ERROR.
2026-08-15T13:09:52.296Z DEBUG 1 --- [orderservice] [_WorkerThread-1] [                                                 ] i.o.sdk.trace.export.BatchSpanProcessor  : Exporter failed
2026-08-15T13:09:53.268Z DEBUG 1 --- [orderservice] [nio-8082-exec-7] [                                                 ] t.p.B3PropagatorExtractorMultipleHeaders : Invalid TraceId in B3 header: null'. Returning INVALID span context.
2026-08-15T13:09:53.269Z DEBUG 1 --- [orderservice] [nio-8082-exec-7] [                                                 ] t.p.B3PropagatorExtractorMultipleHeaders : Invalid TraceId in B3 header: null'. Returning INVALID span context.
2026-08-15T13:09:53.270Z DEBUG 1 --- [orderservice] [nio-8082-exec-7] [2349a818f0a1b22cd1341a1b198959df-77447c8e97c4ca6b] io.opentelemetry.sdk.trace.SdkSpan       : Ignoring setStatus() description since status is not ERROR.
2026-08-15T13:09:53.270Z DEBUG 1 --- [orderservice] [nio-8082-exec-7] [2349a818f0a1b22cd1341a1b198959df-ead7d74784acf7b5] io.opentelemetry.sdk.trace.SdkSpan       : Ignoring setStatus() description since status is not ERROR.
2026-08-15T13:09:53.281Z DEBUG 1 --- [orderservice] [nio-8082-exec-7] [2349a818f0a1b22cd1341a1b198959df-ead7d74784acf7b5] io.opentelemetry.sdk.trace.SdkSpan       : Ignoring setStatus() description since status is not ERROR.
2026-08-15T13:09:53.282Z DEBUG 1 --- [orderservice] [nio-8082-exec-7] [2349a818f0a1b22cd1341a1b198959df-ead7d74784acf7b5] io.opentelemetry.sdk.trace.SdkSpan       : Ignoring setStatus() description since status is not ERROR.
2026-08-15T13:09:55.022Z  INFO 1 --- [orderservice] [   scheduling-1] [e61729b857487bac9065f9a79952bb3c-9588684399c44880] c.j.s.o.jobs.OrderEventsPublishingJob    : Publishing Order Events at 2026-08-15T13:09:55.022343990Z
Hibernate: select oee1_0.id,oee1_0.created_at,oee1_0.event_id,oee1_0.event_type,oee1_0.order_number,oee1_0.payload,oee1_0.updated_at from order_events oee1_0 order by oee1_0.created_at
2026-08-15T13:09:55.032Z  INFO 1 --- [orderservice] [   scheduling-1] [e61729b857487bac9065f9a79952bb3c-9588684399c44880] c.j.s.o.domain.OrderEventService         : Found 0 Order Events to be published
2026-08-15T13:09:55.047Z DEBUG 1 --- [orderservice] [   scheduling-1] [                                                 ] io.opentelemetry.sdk.trace.SdkSpan       : Ignoring setStatus() description since status is not ERROR.
2026-08-15T13:09:57.307Z DEBUG 1 --- [orderservice] [_WorkerThread-1] [                                                 ] i.o.sdk.trace.export.BatchSpanProcessor  : Exporter failed
2026-08-15T13:09:58.271Z DEBUG 1 --- [orderservice] [nio-8082-exec-5] [                                                 ] t.p.B3PropagatorExtractorMultipleHeaders : Invalid TraceId in B3 header: null'. Returning INVALID span context.
2026-08-15T13:09:58.272Z DEBUG 1 --- [orderservice] [nio-8082-exec-5] [                                                 ] t.p.B3PropagatorExtractorMultipleHeaders : Invalid TraceId in B3 header: null'. Returning INVALID span context.
2026-08-15T13:09:58.278Z DEBUG 1 --- [orderservice] [nio-8082-exec-5] [7cf653bcacc029650be92238c87d1fce-9acb639946eac98a] io.opentelemetry.sdk.trace.SdkSpan       : Ignoring setStatus() description since status is not ERROR.
2026-08-15T13:09:58.280Z DEBUG 1 --- [orderservice] [nio-8082-exec-5] [7cf653bcacc029650be92238c87d1fce-fa0ad1a3d55eeebe] io.opentelemetry.sdk.trace.SdkSpan       : Ignoring setStatus() description since status is not ERROR.
2026-08-15T13:09:58.310Z DEBUG 1 --- [orderservice] [nio-8082-exec-5] [7cf653bcacc029650be92238c87d1fce-fa0ad1a3d55eeebe] io.opentelemetry.sdk.trace.SdkSpan       : Ignoring setStatus() description since status is not ERROR.
2026-08-15T13:09:58.312Z DEBUG 1 --- [orderservice] [nio-8082-exec-5] [7cf653bcacc029650be92238c87d1fce-fa0ad1a3d55eeebe] io.opentelemetry.sdk.trace.SdkSpan       : Ignoring setStatus() description since status is not ERROR.
2026-08-15T13:10:00.010Z  INFO 1 --- [orderservice] [   scheduling-1] [b4e3e1fd1cd35f9229d8016bf05be5e6-79535f75a9b68148] c.j.s.o.jobs.OrderProcessingJob          : Processing New Orders at 2026-08-15T13:10:00.010845184Z
Hibernate: select oe1_0.id,oe1_0.comments,oe1_0.created_at,oe1_0.customer_name,oe1_0.customer_email,oe1_0.customer_phone,oe1_0.delivery_address_line1,oe1_0.delivery_address_line2,oe1_0.delivery_address_city,oe1_0.delivery_address_state,oe1_0.delivery_address_zip_code,oe1_0.delivery_address_country,oe1_0.order_number,oe1_0.status,oe1_0.updated_at,oe1_0.username from orders oe1_0 where oe1_0.status=?
2026-08-15T13:10:00.018Z  INFO 1 --- [orderservice] [   scheduling-1] [b4e3e1fd1cd35f9229d8016bf05be5e6-79535f75a9b68148] c.j.s.orderservice.domain.OrderService   : Found 0 new orders to process
2026-08-15T13:10:00.031Z DEBUG 1 --- [orderservice] [   scheduling-1] [                                                 ] io.opentelemetry.sdk.trace.SdkSpan       : Ignoring setStatus() description since status is not ERROR.
2026-08-15T13:10:00.045Z  INFO 1 --- [orderservice] [   scheduling-1] [6e760fd2e3fa429b144a61cc4259648b-d161ea455efaddae] c.j.s.o.jobs.OrderEventsPublishingJob    : Publishing Order Events at 2026-08-15T13:10:00.045133101Z
Hibernate: select oee1_0.id,oee1_0.created_at,oee1_0.event_id,oee1_0.event_type,oee1_0.order_number,oee1_0.payload,oee1_0.updated_at from order_events oee1_0 order by oee1_0.created_at
2026-08-15T13:10:00.056Z  INFO 1 --- [orderservice] [   scheduling-1] [6e760fd2e3fa429b144a61cc4259648b-d161ea455efaddae] c.j.s.o.domain.OrderEventService         : Found 0 Order Events to be published
2026-08-15T13:10:00.069Z DEBUG 1 --- [orderservice] [   scheduling-1] [                                                 ] io.opentelemetry.sdk.trace.SdkSpan       : Ignoring setStatus() description since status is not ERROR.
2026-08-15T13:10:02.317Z DEBUG 1 --- [orderservice] [_WorkerThread-1] [                                                 ] i.o.sdk.trace.export.BatchSpanProcessor  : Exporter failed
2026-08-15T13:10:03.269Z DEBUG 1 --- [orderservice] [nio-8082-exec-8] [                                                 ] t.p.B3PropagatorExtractorMultipleHeaders : Invalid TraceId in B3 header: null'. Returning INVALID span context.
2026-08-15T13:10:03.270Z DEBUG 1 --- [orderservice] [nio-8082-exec-8] [                                                 ] t.p.B3PropagatorExtractorMultipleHeaders : Invalid TraceId in B3 header: null'. Returning INVALID span context.
2026-08-15T13:10:03.273Z DEBUG 1 --- [orderservice] [nio-8082-exec-8] [b2e0b017523c80a1d83d0a43165853be-e483685b89614160] io.opentelemetry.sdk.trace.SdkSpan       : Ignoring setStatus() description since status is not ERROR.
2026-08-15T13:10:03.274Z DEBUG 1 --- [orderservice] [nio-8082-exec-8] [b2e0b017523c80a1d83d0a43165853be-ba3680ee1486b4ad] io.opentelemetry.sdk.trace.SdkSpan       : Ignoring setStatus() description since status is not ERROR.
2026-08-15T13:10:03.299Z DEBUG 1 --- [orderservice] [nio-8082-exec-8] [b2e0b017523c80a1d83d0a43165853be-ba3680ee1486b4ad] io.opentelemetry.sdk.trace.SdkSpan       : Ignoring setStatus() description since status is not ERROR.
2026-08-15T13:10:03.300Z DEBUG 1 --- [orderservice] [nio-8082-exec-8] [b2e0b017523c80a1d83d0a43165853be-ba3680ee1486b4ad] io.opentelemetry.sdk.trace.SdkSpan       : Ignoring setStatus() description since status is not ERROR.
2026-08-15T13:10:05.049Z  INFO 1 --- [orderservice] [   scheduling-1] [75dc8a41ebcc63fc457664b9860e1eff-c3f65a8591074fec] c.j.s.o.jobs.OrderEventsPublishingJob    : Publishing Order Events at 2026-08-15T13:10:05.049743857Z
Hibernate: select oee1_0.id,oee1_0.created_at,oee1_0.event_id,oee1_0.event_type,oee1_0.order_number,oee1_0.payload,oee1_0.updated_at from order_events oee1_0 order by oee1_0.created_at
2026-08-15T13:10:05.057Z  INFO 1 --- [orderservice] [   scheduling-1] [75dc8a41ebcc63fc457664b9860e1eff-c3f65a8591074fec] c.j.s.o.domain.OrderEventService         : Found 0 Order Events to be published
2026-08-15T13:10:05.071Z DEBUG 1 --- [orderservice] [   scheduling-1] [                                                 ] io.opentelemetry.sdk.trace.SdkSpan       : Ignoring setStatus() description since status is not ERROR.
2026-08-15T13:10:07.326Z DEBUG 1 --- [orderservice] [_WorkerThread-1] [                                                 ] i.o.sdk.trace.export.BatchSpanProcessor  : Exporter failed
2026-08-15T13:10:08.271Z DEBUG 1 --- [orderservice] [nio-8082-exec-9] [                                                 ] t.p.B3PropagatorExtractorMultipleHeaders : Invalid TraceId in B3 header: null'. Returning INVALID span context.
2026-08-15T13:10:08.271Z DEBUG 1 --- [orderservice] [nio-8082-exec-9] [                                                 ] t.p.B3PropagatorExtractorMultipleHeaders : Invalid TraceId in B3 header: null'. Returning INVALID span context.
2026-08-15T13:10:08.277Z DEBUG 1 --- [orderservice] [nio-8082-exec-9] [74e1a97c2bebbf595c0fe7f95abf5b44-304e058f78098e0c] io.opentelemetry.sdk.trace.SdkSpan       : Ignoring setStatus() description since status is not ERROR.
2026-08-15T13:10:08.278Z DEBUG 1 --- [orderservice] [nio-8082-exec-9] [74e1a97c2bebbf595c0fe7f95abf5b44-bccca459b52e91f4] io.opentelemetry.sdk.trace.SdkSpan       : Ignoring setStatus() description since status is not ERROR.
2026-08-15T13:10:08.305Z DEBUG 1 --- [orderservice] [nio-8082-exec-9] [74e1a97c2bebbf595c0fe7f95abf5b44-bccca459b52e91f4] io.opentelemetry.sdk.trace.SdkSpan       : Ignoring setStatus() description since status is not ERROR.
2026-08-15T13:10:08.307Z DEBUG 1 --- [orderservice] [nio-8082-exec-9] [74e1a97c2bebbf595c0fe7f95abf5b44-bccca459b52e91f4] io.opentelemetry.sdk.trace.SdkSpan       : Ignoring setStatus() description since status is not ERROR.
2026-08-15T13:10:10.049Z  INFO 1 --- [orderservice] [   scheduling-1] [48bd92e31490d872667c6ff2f377201e-eae37a5ea676c057] c.j.s.o.jobs.OrderEventsPublishingJob    : Publishing Order Events at 2026-08-15T13:10:10.049748911Z
Hibernate: select oee1_0.id,oee1_0.created_at,oee1_0.event_id,oee1_0.event_type,oee1_0.order_number,oee1_0.payload,oee1_0.updated_at from order_events oee1_0 order by oee1_0.created_at
2026-08-15T13:10:10.059Z  INFO 1 --- [orderservice] [   scheduling-1] [48bd92e31490d872667c6ff2f377201e-eae37a5ea676c057] c.j.s.o.domain.OrderEventService         : Found 0 Order Events to be published
2026-08-15T13:10:10.073Z DEBUG 1 --- [orderservice] [   scheduling-1] [                                                 ] io.opentelemetry.sdk.trace.SdkSpan       : Ignoring setStatus() description since status is not ERROR.
2026-08-15T13:10:10.084Z  INFO 1 --- [orderservice] [   scheduling-1] [8c9db1ca01d354a5815f3a8613195c1a-2b814187a10410a7] c.j.s.o.jobs.OrderProcessingJob          : Processing New Orders at 2026-08-15T13:10:10.084910905Z
Hibernate: select oe1_0.id,oe1_0.comments,oe1_0.created_at,oe1_0.customer_name,oe1_0.customer_email,oe1_0.customer_phone,oe1_0.delivery_address_line1,oe1_0.delivery_address_line2,oe1_0.delivery_address_city,oe1_0.delivery_address_state,oe1_0.delivery_address_zip_code,oe1_0.delivery_address_country,oe1_0.order_number,oe1_0.status,oe1_0.updated_at,oe1_0.username from orders oe1_0 where oe1_0.status=?
2026-08-15T13:10:10.090Z  INFO 1 --- [orderservice] [   scheduling-1] [8c9db1ca01d354a5815f3a8613195c1a-2b814187a10410a7] c.j.s.orderservice.domain.OrderService   : Found 0 new orders to process
2026-08-15T13:10:10.104Z DEBUG 1 --- [orderservice] [   scheduling-1] [                                                 ] io.opentelemetry.sdk.trace.SdkSpan       : Ignoring setStatus() description since status is not ERROR.
2026-08-15T13:10:12.338Z DEBUG 1 --- [orderservice] [_WorkerThread-1] [                                                 ] i.o.sdk.trace.export.BatchSpanProcessor  : Exporter failed
2026-08-15T13:10:13.271Z DEBUG 1 --- [orderservice] [io-8082-exec-10] [                                                 ] t.p.B3PropagatorExtractorMultipleHeaders : Invalid TraceId in B3 header: null'. Returning INVALID span context.
2026-08-15T13:10:13.271Z DEBUG 1 --- [orderservice] [io-8082-exec-10] [                                                 ] t.p.B3PropagatorExtractorMultipleHeaders : Invalid TraceId in B3 header: null'. Returning INVALID span context.
2026-08-15T13:10:13.275Z DEBUG 1 --- [orderservice] [io-8082-exec-10] [a3a2c584d58df1c3a204b1049cbb1fd3-51007f95c5bd4ca4] io.opentelemetry.sdk.trace.SdkSpan       : Ignoring setStatus() description since status is not ERROR.
2026-08-15T13:10:13.276Z DEBUG 1 --- [orderservice] [io-8082-exec-10] [a3a2c584d58df1c3a204b1049cbb1fd3-3cc8b96c6b45b766] io.opentelemetry.sdk.trace.SdkSpan       : Ignoring setStatus() description since status is not ERROR.
2026-08-15T13:10:13.300Z DEBUG 1 --- [orderservice] [io-8082-exec-10] [a3a2c584d58df1c3a204b1049cbb1fd3-3cc8b96c6b45b766] io.opentelemetry.sdk.trace.SdkSpan       : Ignoring setStatus() description since status is not ERROR.
2026-08-15T13:10:13.302Z DEBUG 1 --- [orderservice] [io-8082-exec-10] [a3a2c584d58df1c3a204b1049cbb1fd3-3cc8b96c6b45b766] io.opentelemetry.sdk.trace.SdkSpan       : Ignoring setStatus() description since status is not ERROR.
2026-08-15T13:10:15.052Z  INFO 1 --- [orderservice] [   scheduling-1] [70433cb7505e0f358baed39c8220f048-d06f7d87d8b9859c] c.j.s.o.jobs.OrderEventsPublishingJob    : Publishing Order Events at 2026-08-15T13:10:15.052246978Z
Hibernate: select oee1_0.id,oee1_0.created_at,oee1_0.event_id,oee1_0.event_type,oee1_0.order_number,oee1_0.payload,oee1_0.updated_at from order_events oee1_0 order by oee1_0.created_at
2026-08-15T13:10:15.061Z  INFO 1 --- [orderservice] [   scheduling-1] [70433cb7505e0f358baed39c8220f048-d06f7d87d8b9859c] c.j.s.o.domain.OrderEventService         : Found 0 Order Events to be published
2026-08-15T13:10:15.075Z DEBUG 1 --- [orderservice] [   scheduling-1] [                                                 ] io.opentelemetry.sdk.trace.SdkSpan       : Ignoring setStatus() description since status is not ERROR.
2026-08-15T13:10:17.349Z DEBUG 1 --- [orderservice] [_WorkerThread-1] [                                                 ] i.o.sdk.trace.export.BatchSpanProcessor  : Exporter failed
2026-08-15T13:10:18.270Z DEBUG 1 --- [orderservice] [nio-8082-exec-1] [                                                 ] t.p.B3PropagatorExtractorMultipleHeaders : Invalid TraceId in B3 header: null'. Returning INVALID span context.
2026-08-15T13:10:18.271Z DEBUG 1 --- [orderservice] [nio-8082-exec-1] [                                                 ] t.p.B3PropagatorExtractorMultipleHeaders : Invalid TraceId in B3 header: null'. Returning INVALID span context.
2026-08-15T13:10:18.274Z DEBUG 1 --- [orderservice] [nio-8082-exec-1] [48859b04f260aabec132230e87e35423-c91c81caa22689aa] io.opentelemetry.sdk.trace.SdkSpan       : Ignoring setStatus() description since status is not ERROR.
2026-08-15T13:10:18.275Z DEBUG 1 --- [orderservice] [nio-8082-exec-1] [48859b04f260aabec132230e87e35423-8ecf8cf3a1e1e7cd] io.opentelemetry.sdk.trace.SdkSpan       : Ignoring setStatus() description since status is not ERROR.
2026-08-15T13:10:18.302Z DEBUG 1 --- [orderservice] [nio-8082-exec-1] [48859b04f260aabec132230e87e35423-8ecf8cf3a1e1e7cd] io.opentelemetry.sdk.trace.SdkSpan       : Ignoring setStatus() description since status is not ERROR.
2026-08-15T13:10:18.305Z DEBUG 1 --- [orderservice] [nio-8082-exec-1] [48859b04f260aabec132230e87e35423-8ecf8cf3a1e1e7cd] io.opentelemetry.sdk.trace.SdkSpan       : Ignoring setStatus() description since status is not ERROR.
2026-08-15T13:10:20.050Z  INFO 1 --- [orderservice] [   scheduling-1] [a9e04685a651e2de97f1dba3d9402a9a-ebd494bd921be22c] c.j.s.o.jobs.OrderEventsPublishingJob    : Publishing Order Events at 2026-08-15T13:10:20.050159677Z
Hibernate: select oee1_0.id,oee1_0.created_at,oee1_0.event_id,oee1_0.event_type,oee1_0.order_number,oee1_0.payload,oee1_0.updated_at from order_events oee1_0 order by oee1_0.created_at
2026-08-15T13:10:20.061Z  INFO 1 --- [orderservice] [   scheduling-1] [a9e04685a651e2de97f1dba3d9402a9a-ebd494bd921be22c] c.j.s.o.domain.OrderEventService         : Found 0 Order Events to be published
2026-08-15T13:10:20.075Z DEBUG 1 --- [orderservice] [   scheduling-1] [                                                 ] io.opentelemetry.sdk.trace.SdkSpan       : Ignoring setStatus() description since status is not ERROR.
2026-08-15T13:10:20.087Z  INFO 1 --- [orderservice] [   scheduling-1] [e890171d68bbd1e8e9059db48ad92061-8993d9b800fe5777] c.j.s.o.jobs.OrderProcessingJob          : Processing New Orders at 2026-08-15T13:10:20.087223468Z
Hibernate: select oe1_0.id,oe1_0.comments,oe1_0.created_at,oe1_0.customer_name,oe1_0.customer_email,oe1_0.customer_phone,oe1_0.delivery_address_line1,oe1_0.delivery_address_line2,oe1_0.delivery_address_city,oe1_0.delivery_address_state,oe1_0.delivery_address_zip_code,oe1_0.delivery_address_country,oe1_0.order_number,oe1_0.status,oe1_0.updated_at,oe1_0.username from orders oe1_0 where oe1_0.status=?
2026-08-15T13:10:20.094Z  INFO 1 --- [orderservice] [   scheduling-1] [e890171d68bbd1e8e9059db48ad92061-8993d9b800fe5777] c.j.s.orderservice.domain.OrderService   : Found 0 new orders to process
2026-08-15T13:10:20.107Z DEBUG 1 --- [orderservice] [   scheduling-1] [                                                 ] io.opentelemetry.sdk.trace.SdkSpan       : Ignoring setStatus() description since status is not ERROR.
2026-08-15T13:10:22.358Z DEBUG 1 --- [orderservice] [_WorkerThread-1] [                                                 ] i.o.sdk.trace.export.BatchSpanProcessor  : Exporter failed
2026-08-15T13:10:23.265Z DEBUG 1 --- [orderservice] [nio-8082-exec-2] [                                                 ] t.p.B3PropagatorExtractorMultipleHeaders : Invalid TraceId in B3 header: null'. Returning INVALID span context.
2026-08-15T13:10:23.266Z DEBUG 1 --- [orderservice] [nio-8082-exec-2] [                                                 ] t.p.B3PropagatorExtractorMultipleHeaders : Invalid TraceId in B3 header: null'. Returning INVALID span context.
2026-08-15T13:10:23.267Z DEBUG 1 --- [orderservice] [nio-8082-exec-2] [b92ec7aa32e9bf712e722806f343cc64-beb9a187e2b6d9d1] io.opentelemetry.sdk.trace.SdkSpan       : Ignoring setStatus() description since status is not ERROR.
2026-08-15T13:10:23.268Z DEBUG 1 --- [orderservice] [nio-8082-exec-2] [b92ec7aa32e9bf712e722806f343cc64-b78b5bf9f1900fab] io.opentelemetry.sdk.trace.SdkSpan       : Ignoring setStatus() description since status is not ERROR.
2026-08-15T13:10:23.278Z DEBUG 1 --- [orderservice] [nio-8082-exec-2] [b92ec7aa32e9bf712e722806f343cc64-b78b5bf9f1900fab] io.opentelemetry.sdk.trace.SdkSpan       : Ignoring setStatus() description since status is not ERROR.
2026-08-15T13:10:23.279Z DEBUG 1 --- [orderservice] [nio-8082-exec-2] [b92ec7aa32e9bf712e722806f343cc64-b78b5bf9f1900fab] io.opentelemetry.sdk.trace.SdkSpan       : Ignoring setStatus() description since status is not ERROR.
2026-08-15T13:10:25.005Z  INFO 1 --- [orderservice] [   scheduling-1] [fc747386e61634c6b1bc1f620a2ff8cd-e4ea628171a311c7] c.j.s.o.jobs.OrderEventsPublishingJob    : Publishing Order Events at 2026-08-15T13:10:25.005709019Z
Hibernate: select oee1_0.id,oee1_0.created_at,oee1_0.event_id,oee1_0.event_type,oee1_0.order_number,oee1_0.payload,oee1_0.updated_at from order_events oee1_0 order by oee1_0.created_at
2026-08-15T13:10:25.012Z  INFO 1 --- [orderservice] [   scheduling-1] [fc747386e61634c6b1bc1f620a2ff8cd-e4ea628171a311c7] c.j.s.o.domain.OrderEventService         : Found 0 Order Events to be published
2026-08-15T13:10:25.021Z DEBUG 1 --- [orderservice] [   scheduling-1] [                                                 ] io.opentelemetry.sdk.trace.SdkSpan       : Ignoring setStatus() description since status is not ERROR.
2026-08-15T13:10:27.363Z DEBUG 1 --- [orderservice] [_WorkerThread-1] [                                                 ] i.o.sdk.trace.export.BatchSpanProcessor  : Exporter failed
2026-08-15T13:10:28.268Z DEBUG 1 --- [orderservice] [nio-8082-exec-3] [                                                 ] t.p.B3PropagatorExtractorMultipleHeaders : Invalid TraceId in B3 header: null'. Returning INVALID span context.
2026-08-15T13:10:28.268Z DEBUG 1 --- [orderservice] [nio-8082-exec-3] [                                                 ] t.p.B3PropagatorExtractorMultipleHeaders : Invalid TraceId in B3 header: null'. Returning INVALID span context.
2026-08-15T13:10:28.273Z DEBUG 1 --- [orderservice] [nio-8082-exec-3] [ab4e6fae110c2a6d0fc6a9d497e6fd04-cd4de5c11b44a238] io.opentelemetry.sdk.trace.SdkSpan       : Ignoring setStatus() description since status is not ERROR.
2026-08-15T13:10:28.274Z DEBUG 1 --- [orderservice] [nio-8082-exec-3] [ab4e6fae110c2a6d0fc6a9d497e6fd04-26db9c12484ca1d8] io.opentelemetry.sdk.trace.SdkSpan       : Ignoring setStatus() description since status is not ERROR.
2026-08-15T13:10:28.307Z DEBUG 1 --- [orderservice] [nio-8082-exec-3] [ab4e6fae110c2a6d0fc6a9d497e6fd04-26db9c12484ca1d8] io.opentelemetry.sdk.trace.SdkSpan       : Ignoring setStatus() description since status is not ERROR.
2026-08-15T13:10:28.310Z DEBUG 1 --- [orderservice] [nio-8082-exec-3] [ab4e6fae110c2a6d0fc6a9d497e6fd04-26db9c12484ca1d8] io.opentelemetry.sdk.trace.SdkSpan       : Ignoring setStatus() description since status is not ERROR.
2026-08-15T13:10:30.051Z  INFO 1 --- [orderservice] [   scheduling-1] [ab8911d08502964997362ea5d39a6034-82008946b6051fe9] c.j.s.o.jobs.OrderProcessingJob          : Processing New Orders at 2026-08-15T13:10:30.051245559Z
Hibernate: select oe1_0.id,oe1_0.comments,oe1_0.created_at,oe1_0.customer_name,oe1_0.customer_email,oe1_0.customer_phone,oe1_0.delivery_address_line1,oe1_0.delivery_address_line2,oe1_0.delivery_address_city,oe1_0.delivery_address_state,oe1_0.delivery_address_zip_code,oe1_0.delivery_address_country,oe1_0.order_number,oe1_0.status,oe1_0.updated_at,oe1_0.username from orders oe1_0 where oe1_0.status=?
2026-08-15T13:10:30.063Z  INFO 1 --- [orderservice] [   scheduling-1] [ab8911d08502964997362ea5d39a6034-82008946b6051fe9] c.j.s.orderservice.domain.OrderService   : Found 0 new orders to process
2026-08-15T13:10:30.079Z DEBUG 1 --- [orderservice] [   scheduling-1] [                                                 ] io.opentelemetry.sdk.trace.SdkSpan       : Ignoring setStatus() description since status is not ERROR.
2026-08-15T13:10:30.088Z  INFO 1 --- [orderservice] [   scheduling-1] [3ea3daf399db0b287042b575ddbcecf6-911868eb07466e3b] c.j.s.o.jobs.OrderEventsPublishingJob    : Publishing Order Events at 2026-08-15T13:10:30.088745300Z
Hibernate: select oee1_0.id,oee1_0.created_at,oee1_0.event_id,oee1_0.event_type,oee1_0.order_number,oee1_0.payload,oee1_0.updated_at from order_events oee1_0 order by oee1_0.created_at
2026-08-15T13:10:30.093Z  INFO 1 --- [orderservice] [   scheduling-1] [3ea3daf399db0b287042b575ddbcecf6-911868eb07466e3b] c.j.s.o.domain.OrderEventService         : Found 0 Order Events to be published
2026-08-15T13:10:30.101Z DEBUG 1 --- [orderservice] [   scheduling-1] [                                                 ] io.opentelemetry.sdk.trace.SdkSpan       : Ignoring setStatus() description since status is not ERROR.
2026-08-15T13:10:32.374Z  WARN 1 --- [orderservice] [_WorkerThread-1] [                                                 ] i.o.exporter.zipkin.ZipkinSpanExporter   : Failed to export spans

java.net.ConnectException: Connection refused
	at java.net.http/jdk.internal.net.http.HttpClientImpl.send(Unknown Source) ~[java.net.http:na]
	at java.net.http/jdk.internal.net.http.HttpClientFacade.send(Unknown Source) ~[java.net.http:na]
	at org.springframework.boot.zipkin.autoconfigure.ZipkinHttpClientSender.postSpans(ZipkinHttpClientSender.java:59) ~[spring-boot-zipkin-4.1.0.jar:4.1.0]
	at org.springframework.boot.zipkin.autoconfigure.HttpSender.postSpans(HttpSender.java:69) ~[spring-boot-zipkin-4.1.0.jar:4.1.0]
	at org.springframework.boot.zipkin.autoconfigure.HttpSender.postSpans(HttpSender.java:41) ~[spring-boot-zipkin-4.1.0.jar:4.1.0]
	at zipkin2.reporter.BaseHttpSender.send(BaseHttpSender.java:123) ~[zipkin-reporter-3.5.3.jar:na]
	at io.opentelemetry.exporter.zipkin.ZipkinSpanExporter.lambda$export$0(ZipkinSpanExporter.java:104) ~[opentelemetry-exporter-zipkin-1.62.0.jar:1.62.0]
	at io.opentelemetry.context.Context.lambda$wrap$1(Context.java:241) ~[opentelemetry-context-1.62.0.jar:1.62.0]
	at io.opentelemetry.api.internal.InstrumentationUtil.suppressInstrumentation(InstrumentationUtil.java:28) ~[opentelemetry-api-1.62.0.jar:1.62.0]
	at io.opentelemetry.exporter.zipkin.ZipkinSpanExporter.export(ZipkinSpanExporter.java:101) ~[opentelemetry-exporter-zipkin-1.62.0.jar:1.62.0]
	at io.micrometer.tracing.otel.bridge.CompositeSpanExporter.lambda$export$3(CompositeSpanExporter.java:90) ~[micrometer-tracing-bridge-otel-1.7.0.jar:1.7.0]
	at java.base/java.util.ImmutableCollections$List12.forEach(Unknown Source) ~[na:na]
	at io.micrometer.tracing.otel.bridge.CompositeSpanExporter.export(CompositeSpanExporter.java:90) ~[micrometer-tracing-bridge-otel-1.7.0.jar:1.7.0]
	at io.opentelemetry.sdk.trace.export.BatchSpanProcessor$Worker.exportCurrentBatch(BatchSpanProcessor.java:334) ~[opentelemetry-sdk-trace-1.62.0.jar:1.62.0]
	at io.opentelemetry.sdk.trace.export.BatchSpanProcessor$Worker.run(BatchSpanProcessor.java:235) ~[opentelemetry-sdk-trace-1.62.0.jar:1.62.0]
	at java.base/java.lang.Thread.run(Unknown Source) ~[na:na]
Caused by: java.net.ConnectException: Connection refused
	at java.base/sun.nio.ch.Net.pollConnect(Native Method) ~[na:na]
	at java.base/sun.nio.ch.Net.pollConnectNow(Unknown Source) ~[na:na]
	at java.base/sun.nio.ch.SocketChannelImpl.finishConnect(Unknown Source) ~[na:na]
	at java.net.http/jdk.internal.net.http.PlainHttpConnection$ConnectEvent.handle(Unknown Source) ~[java.net.http:na]
	at java.net.http/jdk.internal.net.http.HttpClientImpl$SelectorManager.handleEvent(Unknown Source) ~[java.net.http:na]
	at java.net.http/jdk.internal.net.http.HttpClientImpl$SelectorManager.lambda$run$3(Unknown Source) ~[java.net.http:na]
	at java.base/java.util.ArrayList.forEach(Unknown Source) ~[na:na]
	at java.net.http/jdk.internal.net.http.HttpClientImpl$SelectorManager.run(Unknown Source) ~[java.net.http:na]
	at java.base/java.lang.VirtualThread.run(Unknown Source) ~[na:na]

2026-08-15T13:10:32.376Z DEBUG 1 --- [orderservice] [_WorkerThread-1] [                                                 ] i.o.sdk.trace.export.BatchSpanProcessor  : Exporter failed
2026-08-15T13:10:33.269Z DEBUG 1 --- [orderservice] [nio-8082-exec-4] [                                                 ] t.p.B3PropagatorExtractorMultipleHeaders : Invalid TraceId in B3 header: null'. Returning INVALID span context.
2026-08-15T13:10:33.269Z DEBUG 1 --- [orderservice] [nio-8082-exec-4] [                                                 ] t.p.B3PropagatorExtractorMultipleHeaders : Invalid TraceId in B3 header: null'. Returning INVALID span context.
2026-08-15T13:10:33.275Z DEBUG 1 --- [orderservice] [nio-8082-exec-4] [7d5044dc96bb9f697437494cee842ce9-7a62bd4631acc0fc] io.opentelemetry.sdk.trace.SdkSpan       : Ignoring setStatus() description since status is not ERROR.
2026-08-15T13:10:33.276Z DEBUG 1 --- [orderservice] [nio-8082-exec-4] [7d5044dc96bb9f697437494cee842ce9-5e7afc3b56569e62] io.opentelemetry.sdk.trace.SdkSpan       : Ignoring setStatus() description since status is not ERROR.
2026-08-15T13:10:33.316Z DEBUG 1 --- [orderservice] [nio-8082-exec-4] [7d5044dc96bb9f697437494cee842ce9-5e7afc3b56569e62] io.opentelemetry.sdk.trace.SdkSpan       : Ignoring setStatus() description since status is not ERROR.
2026-08-15T13:10:33.319Z DEBUG 1 --- [orderservice] [nio-8082-exec-4] [7d5044dc96bb9f697437494cee842ce9-5e7afc3b56569e62] io.opentelemetry.sdk.trace.SdkSpan       : Ignoring setStatus() description since status is not ERROR.
2026-08-15T13:10:35.047Z  INFO 1 --- [orderservice] [   scheduling-1] [2930920da6892ac5a23c67f31e089cf9-0eaa9838ce43ac87] c.j.s.o.jobs.OrderEventsPublishingJob    : Publishing Order Events at 2026-08-15T13:10:35.047740442Z
Hibernate: select oee1_0.id,oee1_0.created_at,oee1_0.event_id,oee1_0.event_type,oee1_0.order_number,oee1_0.payload,oee1_0.updated_at from order_events oee1_0 order by oee1_0.created_at
2026-08-15T13:10:35.054Z  INFO 1 --- [orderservice] [   scheduling-1] [2930920da6892ac5a23c67f31e089cf9-0eaa9838ce43ac87] c.j.s.o.domain.OrderEventService         : Found 0 Order Events to be published
2026-08-15T13:10:35.064Z DEBUG 1 --- [orderservice] [   scheduling-1] [                                                 ] io.opentelemetry.sdk.trace.SdkSpan       : Ignoring setStatus() description since status is not ERROR.
2026-08-15T13:10:37.386Z DEBUG 1 --- [orderservice] [_WorkerThread-1] [                                                 ] i.o.sdk.trace.export.BatchSpanProcessor  : Exporter failed
2026-08-15T13:10:38.267Z DEBUG 1 --- [orderservice] [nio-8082-exec-6] [                                                 ] t.p.B3PropagatorExtractorMultipleHeaders : Invalid TraceId in B3 header: null'. Returning INVALID span context.
2026-08-15T13:10:38.268Z DEBUG 1 --- [orderservice] [nio-8082-exec-6] [                                                 ] t.p.B3PropagatorExtractorMultipleHeaders : Invalid TraceId in B3 header: null'. Returning INVALID span context.
2026-08-15T13:10:38.273Z DEBUG 1 --- [orderservice] [nio-8082-exec-6] [304bc9f999ea15b63f35b11d8562649a-3f5febd7d5335119] io.opentelemetry.sdk.trace.SdkSpan       : Ignoring setStatus() description since status is not ERROR.
2026-08-15T13:10:38.274Z DEBUG 1 --- [orderservice] [nio-8082-exec-6] [304bc9f999ea15b63f35b11d8562649a-81b989f77f3de2bc] io.opentelemetry.sdk.trace.SdkSpan       : Ignoring setStatus() description since status is not ERROR.
2026-08-15T13:10:38.302Z DEBUG 1 --- [orderservice] [nio-8082-exec-6] [304bc9f999ea15b63f35b11d8562649a-81b989f77f3de2bc] io.opentelemetry.sdk.trace.SdkSpan       : Ignoring setStatus() description since status is not ERROR.
2026-08-15T13:10:38.304Z DEBUG 1 --- [orderservice] [nio-8082-exec-6] [304bc9f999ea15b63f35b11d8562649a-81b989f77f3de2bc] io.opentelemetry.sdk.trace.SdkSpan       : Ignoring setStatus() description since status is not ERROR.
2026-08-15T13:10:40.013Z  INFO 1 --- [orderservice] [   scheduling-1] [b54fc8b436df29b157b56111d444747c-8af46fcbe46996fb] c.j.s.o.jobs.OrderProcessingJob          : Processing New Orders at 2026-08-15T13:10:40.013733359Z
Hibernate: select oe1_0.id,oe1_0.comments,oe1_0.created_at,oe1_0.customer_name,oe1_0.customer_email,oe1_0.customer_phone,oe1_0.delivery_address_line1,oe1_0.delivery_address_line2,oe1_0.delivery_address_city,oe1_0.delivery_address_state,oe1_0.delivery_address_zip_code,oe1_0.delivery_address_country,oe1_0.order_number,oe1_0.status,oe1_0.updated_at,oe1_0.username from orders oe1_0 where oe1_0.status=?
2026-08-15T13:10:40.021Z  INFO 1 --- [orderservice] [   scheduling-1] [b54fc8b436df29b157b56111d444747c-8af46fcbe46996fb] c.j.s.orderservice.domain.OrderService   : Found 0 new orders to process
2026-08-15T13:10:40.041Z DEBUG 1 --- [orderservice] [   scheduling-1] [                                                 ] io.opentelemetry.sdk.trace.SdkSpan       : Ignoring setStatus() description since status is not ERROR.
2026-08-15T13:10:40.054Z  INFO 1 --- [orderservice] [   scheduling-1] [bbcc407694477489c5e0fb530811f063-103e3e3a8894d712] c.j.s.o.jobs.OrderEventsPublishingJob    : Publishing Order Events at 2026-08-15T13:10:40.054928588Z
Hibernate: select oee1_0.id,oee1_0.created_at,oee1_0.event_id,oee1_0.event_type,oee1_0.order_number,oee1_0.payload,oee1_0.updated_at from order_events oee1_0 order by oee1_0.created_at
2026-08-15T13:10:40.069Z  INFO 1 --- [orderservice] [   scheduling-1] [bbcc407694477489c5e0fb530811f063-103e3e3a8894d712] c.j.s.o.domain.OrderEventService         : Found 0 Order Events to be published
2026-08-15T13:10:40.084Z DEBUG 1 --- [orderservice] [   scheduling-1] [                                                 ] io.opentelemetry.sdk.trace.SdkSpan       : Ignoring setStatus() description since status is not ERROR.
2026-08-15T13:10:42.391Z DEBUG 1 --- [orderservice] [_WorkerThread-1] [                                                 ] i.o.sdk.trace.export.BatchSpanProcessor  : Exporter failed
2026-08-15T13:10:43.265Z DEBUG 1 --- [orderservice] [nio-8082-exec-7] [                                                 ] t.p.B3PropagatorExtractorMultipleHeaders : Invalid TraceId in B3 header: null'. Returning INVALID span context.
2026-08-15T13:10:43.266Z DEBUG 1 --- [orderservice] [nio-8082-exec-7] [                                                 ] t.p.B3PropagatorExtractorMultipleHeaders : Invalid TraceId in B3 header: null'. Returning INVALID span context.
2026-08-15T13:10:43.267Z DEBUG 1 --- [orderservice] [nio-8082-exec-7] [bf29164de45dddd44469eab5feb94785-2aee0463f470d1a3] io.opentelemetry.sdk.trace.SdkSpan       : Ignoring setStatus() description since status is not ERROR.
2026-08-15T13:10:43.267Z DEBUG 1 --- [orderservice] [nio-8082-exec-7] [bf29164de45dddd44469eab5feb94785-ee7d732b6953ea74] io.opentelemetry.sdk.trace.SdkSpan       : Ignoring setStatus() description since status is not ERROR.
2026-08-15T13:10:43.282Z DEBUG 1 --- [orderservice] [nio-8082-exec-7] [bf29164de45dddd44469eab5feb94785-ee7d732b6953ea74] io.opentelemetry.sdk.trace.SdkSpan       : Ignoring setStatus() description since status is not ERROR.
2026-08-15T13:10:43.284Z DEBUG 1 --- [orderservice] [nio-8082-exec-7] [bf29164de45dddd44469eab5feb94785-ee7d732b6953ea74] io.opentelemetry.sdk.trace.SdkSpan       : Ignoring setStatus() description since status is not ERROR.
2026-08-15T13:10:45.051Z  INFO 1 --- [orderservice] [   scheduling-1] [7bfb00693fb59ae59ae751803178b83f-4eeb9e2cad81476f] c.j.s.o.jobs.OrderEventsPublishingJob    : Publishing Order Events at 2026-08-15T13:10:45.051418129Z
Hibernate: select oee1_0.id,oee1_0.created_at,oee1_0.event_id,oee1_0.event_type,oee1_0.order_number,oee1_0.payload,oee1_0.updated_at from order_events oee1_0 order by oee1_0.created_at
2026-08-15T13:10:45.063Z  INFO 1 --- [orderservice] [   scheduling-1] [7bfb00693fb59ae59ae751803178b83f-4eeb9e2cad81476f] c.j.s.o.domain.OrderEventService         : Found 0 Order Events to be published
2026-08-15T13:10:45.076Z DEBUG 1 --- [orderservice] [   scheduling-1] [                                                 ] io.opentelemetry.sdk.trace.SdkSpan       : Ignoring setStatus() description since status is not ERROR.
2026-08-15T13:10:47.396Z DEBUG 1 --- [orderservice] [_WorkerThread-1] [                                                 ] i.o.sdk.trace.export.BatchSpanProcessor  : Exporter failed
2026-08-15T13:10:48.265Z DEBUG 1 --- [orderservice] [nio-8082-exec-5] [                                                 ] t.p.B3PropagatorExtractorMultipleHeaders : Invalid TraceId in B3 header: null'. Returning INVALID span context.
2026-08-15T13:10:48.265Z DEBUG 1 --- [orderservice] [nio-8082-exec-5] [                                                 ] t.p.B3PropagatorExtractorMultipleHeaders : Invalid TraceId in B3 header: null'. Returning INVALID span context.
2026-08-15T13:10:48.267Z DEBUG 1 --- [orderservice] [nio-8082-exec-5] [a02ac234c5a5307c9b31eb2e8b71ca7e-ea393eac0ffebd81] io.opentelemetry.sdk.trace.SdkSpan       : Ignoring setStatus() description since status is not ERROR.
2026-08-15T13:10:48.267Z DEBUG 1 --- [orderservice] [nio-8082-exec-5] [a02ac234c5a5307c9b31eb2e8b71ca7e-b91046a87352f428] io.opentelemetry.sdk.trace.SdkSpan       : Ignoring setStatus() description since status is not ERROR.
2026-08-15T13:10:48.284Z DEBUG 1 --- [orderservice] [nio-8082-exec-5] [a02ac234c5a5307c9b31eb2e8b71ca7e-b91046a87352f428] io.opentelemetry.sdk.trace.SdkSpan       : Ignoring setStatus() description since status is not ERROR.
2026-08-15T13:10:48.285Z DEBUG 1 --- [orderservice] [nio-8082-exec-5] [a02ac234c5a5307c9b31eb2e8b71ca7e-b91046a87352f428] io.opentelemetry.sdk.trace.SdkSpan       : Ignoring setStatus() description since status is not ERROR.
2026-08-15T13:10:50.046Z  INFO 1 --- [orderservice] [   scheduling-1] [e97025363807907165d1075e4f357e39-fb5484c1c83d0a56] c.j.s.o.jobs.OrderEventsPublishingJob    : Publishing Order Events at 2026-08-15T13:10:50.046646274Z
Hibernate: select oee1_0.id,oee1_0.created_at,oee1_0.event_id,oee1_0.event_type,oee1_0.order_number,oee1_0.payload,oee1_0.updated_at from order_events oee1_0 order by oee1_0.created_at
2026-08-15T13:10:50.053Z  INFO 1 --- [orderservice] [   scheduling-1] [e97025363807907165d1075e4f357e39-fb5484c1c83d0a56] c.j.s.o.domain.OrderEventService         : Found 0 Order Events to be published
2026-08-15T13:10:50.064Z DEBUG 1 --- [orderservice] [   scheduling-1] [                                                 ] io.opentelemetry.sdk.trace.SdkSpan       : Ignoring setStatus() description since status is not ERROR.
2026-08-15T13:10:50.074Z  INFO 1 --- [orderservice] [   scheduling-1] [3f5cdf2566d4e2e851f21ba590a1af97-dca4fca57ce50cbe] c.j.s.o.jobs.OrderProcessingJob          : Processing New Orders at 2026-08-15T13:10:50.074756369Z
Hibernate: select oe1_0.id,oe1_0.comments,oe1_0.created_at,oe1_0.customer_name,oe1_0.customer_email,oe1_0.customer_phone,oe1_0.delivery_address_line1,oe1_0.delivery_address_line2,oe1_0.delivery_address_city,oe1_0.delivery_address_state,oe1_0.delivery_address_zip_code,oe1_0.delivery_address_country,oe1_0.order_number,oe1_0.status,oe1_0.updated_at,oe1_0.username from orders oe1_0 where oe1_0.status=?
2026-08-15T13:10:50.079Z  INFO 1 --- [orderservice] [   scheduling-1] [3f5cdf2566d4e2e851f21ba590a1af97-dca4fca57ce50cbe] c.j.s.orderservice.domain.OrderService   : Found 0 new orders to process
2026-08-15T13:10:50.089Z DEBUG 1 --- [orderservice] [   scheduling-1] [                                                 ] io.opentelemetry.sdk.trace.SdkSpan       : Ignoring setStatus() description since status is not ERROR.
2026-08-15T13:10:52.405Z DEBUG 1 --- [orderservice] [_WorkerThread-1] [                                                 ] i.o.sdk.trace.export.BatchSpanProcessor  : Exporter failed
2026-08-15T13:10:53.263Z DEBUG 1 --- [orderservice] [nio-8082-exec-8] [                                                 ] t.p.B3PropagatorExtractorMultipleHeaders : Invalid TraceId in B3 header: null'. Returning INVALID span context.
2026-08-15T13:10:53.263Z DEBUG 1 --- [orderservice] [nio-8082-exec-8] [                                                 ] t.p.B3PropagatorExtractorMultipleHeaders : Invalid TraceId in B3 header: null'. Returning INVALID span context.
2026-08-15T13:10:53.267Z DEBUG 1 --- [orderservice] [nio-8082-exec-8] [a0c3dbdaee26c70823dbd19b566a770d-aeec13267d84abf8] io.opentelemetry.sdk.trace.SdkSpan       : Ignoring setStatus() description since status is not ERROR.
2026-08-15T13:10:53.267Z DEBUG 1 --- [orderservice] [nio-8082-exec-8] [a0c3dbdaee26c70823dbd19b566a770d-070f80bca84938cd] io.opentelemetry.sdk.trace.SdkSpan       : Ignoring setStatus() description since status is not ERROR.
2026-08-15T13:10:53.299Z DEBUG 1 --- [orderservice] [nio-8082-exec-8] [a0c3dbdaee26c70823dbd19b566a770d-070f80bca84938cd] io.opentelemetry.sdk.trace.SdkSpan       : Ignoring setStatus() description since status is not ERROR.
2026-08-15T13:10:53.302Z DEBUG 1 --- [orderservice] [nio-8082-exec-8] [a0c3dbdaee26c70823dbd19b566a770d-070f80bca84938cd] io.opentelemetry.sdk.trace.SdkSpan       : Ignoring setStatus() description since status is not ERROR.
2026-08-15T13:10:55.005Z  INFO 1 --- [orderservice] [   scheduling-1] [e7da05a40a64e8f5dae9d7b5385de9bb-3322a3ed1ed83bf4] c.j.s.o.jobs.OrderEventsPublishingJob    : Publishing Order Events at 2026-08-15T13:10:55.005822918Z
Hibernate: select oee1_0.id,oee1_0.created_at,oee1_0.event_id,oee1_0.event_type,oee1_0.order_number,oee1_0.payload,oee1_0.updated_at from order_events oee1_0 order by oee1_0.created_at
2026-08-15T13:10:55.011Z  INFO 1 --- [orderservice] [   scheduling-1] [e7da05a40a64e8f5dae9d7b5385de9bb-3322a3ed1ed83bf4] c.j.s.o.domain.OrderEventService         : Found 0 Order Events to be published
2026-08-15T13:10:55.020Z DEBUG 1 --- [orderservice] [   scheduling-1] [                                                 ] io.opentelemetry.sdk.trace.SdkSpan       : Ignoring setStatus() description since status is not ERROR.
2026-08-15T13:10:57.917Z DEBUG 1 --- [orderservice] [_WorkerThread-1] [                                                 ] i.o.sdk.trace.export.BatchSpanProcessor  : Exporter failed
2026-08-15T13:10:58.266Z DEBUG 1 --- [orderservice] [nio-8082-exec-9] [                                                 ] t.p.B3PropagatorExtractorMultipleHeaders : Invalid TraceId in B3 header: null'. Returning INVALID span context.
2026-08-15T13:10:58.266Z DEBUG 1 --- [orderservice] [nio-8082-exec-9] [                                                 ] t.p.B3PropagatorExtractorMultipleHeaders : Invalid TraceId in B3 header: null'. Returning INVALID span context.
2026-08-15T13:10:58.271Z DEBUG 1 --- [orderservice] [nio-8082-exec-9] [b442b7ffd162fe4dce9cfcfb5f36ba4d-37fcfaf17539b3c5] io.opentelemetry.sdk.trace.SdkSpan       : Ignoring setStatus() description since status is not ERROR.
2026-08-15T13:10:58.272Z DEBUG 1 --- [orderservice] [nio-8082-exec-9] [b442b7ffd162fe4dce9cfcfb5f36ba4d-569c09eb43ea5f69] io.opentelemetry.sdk.trace.SdkSpan       : Ignoring setStatus() description since status is not ERROR.
2026-08-15T13:10:58.303Z DEBUG 1 --- [orderservice] [nio-8082-exec-9] [b442b7ffd162fe4dce9cfcfb5f36ba4d-569c09eb43ea5f69] io.opentelemetry.sdk.trace.SdkSpan       : Ignoring setStatus() description since status is not ERROR.
2026-08-15T13:10:58.305Z DEBUG 1 --- [orderservice] [nio-8082-exec-9] [b442b7ffd162fe4dce9cfcfb5f36ba4d-569c09eb43ea5f69] io.opentelemetry.sdk.trace.SdkSpan       : Ignoring setStatus() description since status is not ERROR.
2026-08-15T13:11:00.051Z  INFO 1 --- [orderservice] [   scheduling-1] [d9925499d0d51feb577721c9bdafef8c-df2239629dff6ac5] c.j.s.o.jobs.OrderProcessingJob          : Processing New Orders at 2026-08-15T13:11:00.051846892Z
Hibernate: select oe1_0.id,oe1_0.comments,oe1_0.created_at,oe1_0.customer_name,oe1_0.customer_email,oe1_0.customer_phone,oe1_0.delivery_address_line1,oe1_0.delivery_address_line2,oe1_0.delivery_address_city,oe1_0.delivery_address_state,oe1_0.delivery_address_zip_code,oe1_0.delivery_address_country,oe1_0.order_number,oe1_0.status,oe1_0.updated_at,oe1_0.username from orders oe1_0 where oe1_0.status=?
2026-08-15T13:11:00.062Z  INFO 1 --- [orderservice] [   scheduling-1] [d9925499d0d51feb577721c9bdafef8c-df2239629dff6ac5] c.j.s.orderservice.domain.OrderService   : Found 0 new orders to process
2026-08-15T13:11:00.076Z DEBUG 1 --- [orderservice] [   scheduling-1] [                                                 ] io.opentelemetry.sdk.trace.SdkSpan       : Ignoring setStatus() description since status is not ERROR.
2026-08-15T13:11:00.089Z  INFO 1 --- [orderservice] [   scheduling-1] [85213fc9e77f6a7702fbd6f0133c63e7-94e9f2a0c6900a34] c.j.s.o.jobs.OrderEventsPublishingJob    : Publishing Order Events at 2026-08-15T13:11:00.089481604Z
Hibernate: select oee1_0.id,oee1_0.created_at,oee1_0.event_id,oee1_0.event_type,oee1_0.order_number,oee1_0.payload,oee1_0.updated_at from order_events oee1_0 order by oee1_0.created_at
2026-08-15T13:11:00.102Z  INFO 1 --- [orderservice] [   scheduling-1] [85213fc9e77f6a7702fbd6f0133c63e7-94e9f2a0c6900a34] c.j.s.o.domain.OrderEventService         : Found 0 Order Events to be published
2026-08-15T13:11:00.115Z DEBUG 1 --- [orderservice] [   scheduling-1] [                                                 ] io.opentelemetry.sdk.trace.SdkSpan       : Ignoring setStatus() description since status is not ERROR.
2026-08-15T13:11:02.931Z DEBUG 1 --- [orderservice] [_WorkerThread-1] [                                                 ] i.o.sdk.trace.export.BatchSpanProcessor  : Exporter failed
2026-08-15T13:11:03.265Z DEBUG 1 --- [orderservice] [io-8082-exec-10] [                                                 ] t.p.B3PropagatorExtractorMultipleHeaders : Invalid TraceId in B3 header: null'. Returning INVALID span context.
2026-08-15T13:11:03.265Z DEBUG 1 --- [orderservice] [io-8082-exec-10] [                                                 ] t.p.B3PropagatorExtractorMultipleHeaders : Invalid TraceId in B3 header: null'. Returning INVALID span context.
2026-08-15T13:11:03.268Z DEBUG 1 --- [orderservice] [io-8082-exec-10] [abb0316b9177eafdba523ed3159ace4e-22b884455fcd86ac] io.opentelemetry.sdk.trace.SdkSpan       : Ignoring setStatus() description since status is not ERROR.
2026-08-15T13:11:03.269Z DEBUG 1 --- [orderservice] [io-8082-exec-10] [abb0316b9177eafdba523ed3159ace4e-f7a532d9c6b2ed7d] io.opentelemetry.sdk.trace.SdkSpan       : Ignoring setStatus() description since status is not ERROR.
2026-08-15T13:11:03.292Z DEBUG 1 --- [orderservice] [io-8082-exec-10] [abb0316b9177eafdba523ed3159ace4e-f7a532d9c6b2ed7d] io.opentelemetry.sdk.trace.SdkSpan       : Ignoring setStatus() description since status is not ERROR.
2026-08-15T13:11:03.294Z DEBUG 1 --- [orderservice] [io-8082-exec-10] [abb0316b9177eafdba523ed3159ace4e-f7a532d9c6b2ed7d] io.opentelemetry.sdk.trace.SdkSpan       : Ignoring setStatus() description since status is not ERROR.
2026-08-15T13:11:05.050Z  INFO 1 --- [orderservice] [   scheduling-1] [670c75480949699a4d5e2fab3f5cf458-f62e5d5d3fddd6d6] c.j.s.o.jobs.OrderEventsPublishingJob    : Publishing Order Events at 2026-08-15T13:11:05.050151645Z
Hibernate: select oee1_0.id,oee1_0.created_at,oee1_0.event_id,oee1_0.event_type,oee1_0.order_number,oee1_0.payload,oee1_0.updated_at from order_events oee1_0 order by oee1_0.created_at
2026-08-15T13:11:05.057Z  INFO 1 --- [orderservice] [   scheduling-1] [670c75480949699a4d5e2fab3f5cf458-f62e5d5d3fddd6d6] c.j.s.o.domain.OrderEventService         : Found 0 Order Events to be published
2026-08-15T13:11:05.072Z DEBUG 1 --- [orderservice] [   scheduling-1] [                                                 ] io.opentelemetry.sdk.trace.SdkSpan       : Ignoring setStatus() description since status is not ERROR.
2026-08-15T13:11:07.941Z DEBUG 1 --- [orderservice] [_WorkerThread-1] [                                                 ] i.o.sdk.trace.export.BatchSpanProcessor  : Exporter failed
2026-08-15T13:11:08.264Z DEBUG 1 --- [orderservice] [nio-8082-exec-1] [                                                 ] t.p.B3PropagatorExtractorMultipleHeaders : Invalid TraceId in B3 header: null'. Returning INVALID span context.
2026-08-15T13:11:08.265Z DEBUG 1 --- [orderservice] [nio-8082-exec-1] [                                                 ] t.p.B3PropagatorExtractorMultipleHeaders : Invalid TraceId in B3 header: null'. Returning INVALID span context.
2026-08-15T13:11:08.268Z DEBUG 1 --- [orderservice] [nio-8082-exec-1] [b6abbd2ae67b8f9221b852385ec3e787-04f6c8524db7ebc0] io.opentelemetry.sdk.trace.SdkSpan       : Ignoring setStatus() description since status is not ERROR.
2026-08-15T13:11:08.269Z DEBUG 1 --- [orderservice] [nio-8082-exec-1] [b6abbd2ae67b8f9221b852385ec3e787-f832691e53d14129] io.opentelemetry.sdk.trace.SdkSpan       : Ignoring setStatus() description since status is not ERROR.
2026-08-15T13:11:08.288Z DEBUG 1 --- [orderservice] [nio-8082-exec-1] [b6abbd2ae67b8f9221b852385ec3e787-f832691e53d14129] io.opentelemetry.sdk.trace.SdkSpan       : Ignoring setStatus() description since status is not ERROR.
2026-08-15T13:11:08.290Z DEBUG 1 --- [orderservice] [nio-8082-exec-1] [b6abbd2ae67b8f9221b852385ec3e787-f832691e53d14129] io.opentelemetry.sdk.trace.SdkSpan       : Ignoring setStatus() description since status is not ERROR.
2026-08-15T13:11:10.051Z  INFO 1 --- [orderservice] [   scheduling-1] [d6fa9becf87fd43c822a3620bc927c43-bdec7de7fd91ec6b] c.j.s.o.jobs.OrderEventsPublishingJob    : Publishing Order Events at 2026-08-15T13:11:10.051079903Z
Hibernate: select oee1_0.id,oee1_0.created_at,oee1_0.event_id,oee1_0.event_type,oee1_0.order_number,oee1_0.payload,oee1_0.updated_at from order_events oee1_0 order by oee1_0.created_at
2026-08-15T13:11:10.063Z  INFO 1 --- [orderservice] [   scheduling-1] [d6fa9becf87fd43c822a3620bc927c43-bdec7de7fd91ec6b] c.j.s.o.domain.OrderEventService         : Found 0 Order Events to be published
2026-08-15T13:11:10.080Z DEBUG 1 --- [orderservice] [   scheduling-1] [                                                 ] io.opentelemetry.sdk.trace.SdkSpan       : Ignoring setStatus() description since status is not ERROR.
2026-08-15T13:11:10.092Z  INFO 1 --- [orderservice] [   scheduling-1] [5a2b3968734dc6db3422e03fe1d64001-a3624444e2aa55c2] c.j.s.o.jobs.OrderProcessingJob          : Processing New Orders at 2026-08-15T13:11:10.092597729Z
Hibernate: select oe1_0.id,oe1_0.comments,oe1_0.created_at,oe1_0.customer_name,oe1_0.customer_email,oe1_0.customer_phone,oe1_0.delivery_address_line1,oe1_0.delivery_address_line2,oe1_0.delivery_address_city,oe1_0.delivery_address_state,oe1_0.delivery_address_zip_code,oe1_0.delivery_address_country,oe1_0.order_number,oe1_0.status,oe1_0.updated_at,oe1_0.username from orders oe1_0 where oe1_0.status=?
2026-08-15T13:11:10.099Z  INFO 1 --- [orderservice] [   scheduling-1] [5a2b3968734dc6db3422e03fe1d64001-a3624444e2aa55c2] c.j.s.orderservice.domain.OrderService   : Found 0 new orders to process
2026-08-15T13:11:10.111Z DEBUG 1 --- [orderservice] [   scheduling-1] [                                                 ] io.opentelemetry.sdk.trace.SdkSpan       : Ignoring setStatus() description since status is not ERROR.
2026-08-15T13:11:12.951Z DEBUG 1 --- [orderservice] [_WorkerThread-1] [                                                 ] i.o.sdk.trace.export.BatchSpanProcessor  : Exporter failed
2026-08-15T13:11:13.265Z DEBUG 1 --- [orderservice] [nio-8082-exec-2] [                                                 ] t.p.B3PropagatorExtractorMultipleHeaders : Invalid TraceId in B3 header: null'. Returning INVALID span context.
2026-08-15T13:11:13.266Z DEBUG 1 --- [orderservice] [nio-8082-exec-2] [                                                 ] t.p.B3PropagatorExtractorMultipleHeaders : Invalid TraceId in B3 header: null'. Returning INVALID span context.
2026-08-15T13:11:13.276Z DEBUG 1 --- [orderservice] [nio-8082-exec-2] [875597017b86237a996a67b1e0cfb4cf-72ec0f9784bfd268] io.opentelemetry.sdk.trace.SdkSpan       : Ignoring setStatus() description since status is not ERROR.
2026-08-15T13:11:13.277Z DEBUG 1 --- [orderservice] [nio-8082-exec-2] [875597017b86237a996a67b1e0cfb4cf-9f8ed66904cb541a] io.opentelemetry.sdk.trace.SdkSpan       : Ignoring setStatus() description since status is not ERROR.
2026-08-15T13:11:13.296Z DEBUG 1 --- [orderservice] [nio-8082-exec-2] [875597017b86237a996a67b1e0cfb4cf-9f8ed66904cb541a] io.opentelemetry.sdk.trace.SdkSpan       : Ignoring setStatus() description since status is not ERROR.
2026-08-15T13:11:13.297Z DEBUG 1 --- [orderservice] [nio-8082-exec-2] [875597017b86237a996a67b1e0cfb4cf-9f8ed66904cb541a] io.opentelemetry.sdk.trace.SdkSpan       : Ignoring setStatus() description since status is not ERROR.
2026-08-15T13:11:15.050Z  INFO 1 --- [orderservice] [   scheduling-1] [9b68ed448c7eb50697052bf9bdaa23e7-eafc77cbea1da3f3] c.j.s.o.jobs.OrderEventsPublishingJob    : Publishing Order Events at 2026-08-15T13:11:15.050755632Z
Hibernate: select oee1_0.id,oee1_0.created_at,oee1_0.event_id,oee1_0.event_type,oee1_0.order_number,oee1_0.payload,oee1_0.updated_at from order_events oee1_0 order by oee1_0.created_at
2026-08-15T13:11:15.059Z  INFO 1 --- [orderservice] [   scheduling-1] [9b68ed448c7eb50697052bf9bdaa23e7-eafc77cbea1da3f3] c.j.s.o.domain.OrderEventService         : Found 0 Order Events to be published
2026-08-15T13:11:15.073Z DEBUG 1 --- [orderservice] [   scheduling-1] [                                                 ] io.opentelemetry.sdk.trace.SdkSpan       : Ignoring setStatus() description since status is not ERROR.
2026-08-15T13:11:17.961Z DEBUG 1 --- [orderservice] [_WorkerThread-1] [                                                 ] i.o.sdk.trace.export.BatchSpanProcessor  : Exporter failed
2026-08-15T13:11:18.263Z DEBUG 1 --- [orderservice] [nio-8082-exec-3] [                                                 ] t.p.B3PropagatorExtractorMultipleHeaders : Invalid TraceId in B3 header: null'. Returning INVALID span context.
2026-08-15T13:11:18.264Z DEBUG 1 --- [orderservice] [nio-8082-exec-3] [                                                 ] t.p.B3PropagatorExtractorMultipleHeaders : Invalid TraceId in B3 header: null'. Returning INVALID span context.
2026-08-15T13:11:18.267Z DEBUG 1 --- [orderservice] [nio-8082-exec-3] [78a5a6bbd96b6915829c500b1b993123-5a18f10be1edb9a1] io.opentelemetry.sdk.trace.SdkSpan       : Ignoring setStatus() description since status is not ERROR.
2026-08-15T13:11:18.268Z DEBUG 1 --- [orderservice] [nio-8082-exec-3] [78a5a6bbd96b6915829c500b1b993123-c35d5eb116fc9bc6] io.opentelemetry.sdk.trace.SdkSpan       : Ignoring setStatus() description since status is not ERROR.
2026-08-15T13:11:18.290Z DEBUG 1 --- [orderservice] [nio-8082-exec-3] [78a5a6bbd96b6915829c500b1b993123-c35d5eb116fc9bc6] io.opentelemetry.sdk.trace.SdkSpan       : Ignoring setStatus() description since status is not ERROR.
2026-08-15T13:11:18.291Z DEBUG 1 --- [orderservice] [nio-8082-exec-3] [78a5a6bbd96b6915829c500b1b993123-c35d5eb116fc9bc6] io.opentelemetry.sdk.trace.SdkSpan       : Ignoring setStatus() description since status is not ERROR.
2026-08-15T13:11:20.051Z  INFO 1 --- [orderservice] [   scheduling-1] [8f67d79ebe11dc0f8d5275f3388a9899-80994f95b94cce4f] c.j.s.o.jobs.OrderProcessingJob          : Processing New Orders at 2026-08-15T13:11:20.050916557Z
Hibernate: select oe1_0.id,oe1_0.comments,oe1_0.created_at,oe1_0.customer_name,oe1_0.customer_email,oe1_0.customer_phone,oe1_0.delivery_address_line1,oe1_0.delivery_address_line2,oe1_0.delivery_address_city,oe1_0.delivery_address_state,oe1_0.delivery_address_zip_code,oe1_0.delivery_address_country,oe1_0.order_number,oe1_0.status,oe1_0.updated_at,oe1_0.username from orders oe1_0 where oe1_0.status=?
2026-08-15T13:11:20.057Z  INFO 1 --- [orderservice] [   scheduling-1] [8f67d79ebe11dc0f8d5275f3388a9899-80994f95b94cce4f] c.j.s.orderservice.domain.OrderService   : Found 0 new orders to process
2026-08-15T13:11:20.072Z DEBUG 1 --- [orderservice] [   scheduling-1] [                                                 ] io.opentelemetry.sdk.trace.SdkSpan       : Ignoring setStatus() description since status is not ERROR.
2026-08-15T13:11:20.083Z  INFO 1 --- [orderservice] [   scheduling-1] [a06691541ab3d52c84518d8a75b9b05b-02ffa4c8c1b458a0] c.j.s.o.jobs.OrderEventsPublishingJob    : Publishing Order Events at 2026-08-15T13:11:20.083086526Z
Hibernate: select oee1_0.id,oee1_0.created_at,oee1_0.event_id,oee1_0.event_type,oee1_0.order_number,oee1_0.payload,oee1_0.updated_at from order_events oee1_0 order by oee1_0.created_at
2026-08-15T13:11:20.091Z  INFO 1 --- [orderservice] [   scheduling-1] [a06691541ab3d52c84518d8a75b9b05b-02ffa4c8c1b458a0] c.j.s.o.domain.OrderEventService         : Found 0 Order Events to be published
2026-08-15T13:11:20.106Z DEBUG 1 --- [orderservice] [   scheduling-1] [                                                 ] io.opentelemetry.sdk.trace.SdkSpan       : Ignoring setStatus() description since status is not ERROR.
2026-08-15T13:11:22.969Z DEBUG 1 --- [orderservice] [_WorkerThread-1] [                                                 ] i.o.sdk.trace.export.BatchSpanProcessor  : Exporter failed
2026-08-15T13:11:23.262Z DEBUG 1 --- [orderservice] [nio-8082-exec-4] [                                                 ] t.p.B3PropagatorExtractorMultipleHeaders : Invalid TraceId in B3 header: null'. Returning INVALID span context.
2026-08-15T13:11:23.262Z DEBUG 1 --- [orderservice] [nio-8082-exec-4] [                                                 ] t.p.B3PropagatorExtractorMultipleHeaders : Invalid TraceId in B3 header: null'. Returning INVALID span context.
2026-08-15T13:11:23.268Z DEBUG 1 --- [orderservice] [nio-8082-exec-4] [5ef93e22cbcf19fd2f4901054e5b636b-debe60ceae5c9065] io.opentelemetry.sdk.trace.SdkSpan       : Ignoring setStatus() description since status is not ERROR.
2026-08-15T13:11:23.269Z DEBUG 1 --- [orderservice] [nio-8082-exec-4] [5ef93e22cbcf19fd2f4901054e5b636b-92adbf22bdee7eb3] io.opentelemetry.sdk.trace.SdkSpan       : Ignoring setStatus() description since status is not ERROR.
2026-08-15T13:11:23.290Z DEBUG 1 --- [orderservice] [nio-8082-exec-4] [5ef93e22cbcf19fd2f4901054e5b636b-92adbf22bdee7eb3] io.opentelemetry.sdk.trace.SdkSpan       : Ignoring setStatus() description since status is not ERROR.
2026-08-15T13:11:23.292Z DEBUG 1 --- [orderservice] [nio-8082-exec-4] [5ef93e22cbcf19fd2f4901054e5b636b-92adbf22bdee7eb3] io.opentelemetry.sdk.trace.SdkSpan       : Ignoring setStatus() description since status is not ERROR.
2026-08-15T13:11:25.006Z  INFO 1 --- [orderservice] [   scheduling-1] [06761804475a340de2eb5970f59f9ee6-3ef55c5ad55cc152] c.j.s.o.jobs.OrderEventsPublishingJob    : Publishing Order Events at 2026-08-15T13:11:25.006283934Z
Hibernate: select oee1_0.id,oee1_0.created_at,oee1_0.event_id,oee1_0.event_type,oee1_0.order_number,oee1_0.payload,oee1_0.updated_at from order_events oee1_0 order by oee1_0.created_at
2026-08-15T13:11:25.012Z  INFO 1 --- [orderservice] [   scheduling-1] [06761804475a340de2eb5970f59f9ee6-3ef55c5ad55cc152] c.j.s.o.domain.OrderEventService         : Found 0 Order Events to be published
2026-08-15T13:11:25.021Z DEBUG 1 --- [orderservice] [   scheduling-1] [                                                 ] io.opentelemetry.sdk.trace.SdkSpan       : Ignoring setStatus() description since status is not ERROR.
2026-08-15T13:11:27.980Z DEBUG 1 --- [orderservice] [_WorkerThread-1] [                                                 ] i.o.sdk.trace.export.BatchSpanProcessor  : Exporter failed
2026-08-15T13:11:28.262Z DEBUG 1 --- [orderservice] [nio-8082-exec-6] [                                                 ] t.p.B3PropagatorExtractorMultipleHeaders : Invalid TraceId in B3 header: null'. Returning INVALID span context.
2026-08-15T13:11:28.262Z DEBUG 1 --- [orderservice] [nio-8082-exec-6] [                                                 ] t.p.B3PropagatorExtractorMultipleHeaders : Invalid TraceId in B3 header: null'. Returning INVALID span context.
2026-08-15T13:11:28.270Z DEBUG 1 --- [orderservice] [nio-8082-exec-6] [3f3b01063b964a98f0af8d3369b23cbd-29c9f1a0c054886a] io.opentelemetry.sdk.trace.SdkSpan       : Ignoring setStatus() description since status is not ERROR.
2026-08-15T13:11:28.271Z DEBUG 1 --- [orderservice] [nio-8082-exec-6] [3f3b01063b964a98f0af8d3369b23cbd-ab96c941899cb97f] io.opentelemetry.sdk.trace.SdkSpan       : Ignoring setStatus() description since status is not ERROR.
2026-08-15T13:11:28.296Z DEBUG 1 --- [orderservice] [nio-8082-exec-6] [3f3b01063b964a98f0af8d3369b23cbd-ab96c941899cb97f] io.opentelemetry.sdk.trace.SdkSpan       : Ignoring setStatus() description since status is not ERROR.
2026-08-15T13:11:28.299Z DEBUG 1 --- [orderservice] [nio-8082-exec-6] [3f3b01063b964a98f0af8d3369b23cbd-ab96c941899cb97f] io.opentelemetry.sdk.trace.SdkSpan       : Ignoring setStatus() description since status is not ERROR.
2026-08-15T13:11:30.049Z  INFO 1 --- [orderservice] [   scheduling-1] [16ef0e8d0d530ac4232c5aaf2eaf9bd2-710a4fd0b4acbd97] c.j.s.o.jobs.OrderProcessingJob          : Processing New Orders at 2026-08-15T13:11:30.049848568Z
Hibernate: select oe1_0.id,oe1_0.comments,oe1_0.created_at,oe1_0.customer_name,oe1_0.customer_email,oe1_0.customer_phone,oe1_0.delivery_address_line1,oe1_0.delivery_address_line2,oe1_0.delivery_address_city,oe1_0.delivery_address_state,oe1_0.delivery_address_zip_code,oe1_0.delivery_address_country,oe1_0.order_number,oe1_0.status,oe1_0.updated_at,oe1_0.username from orders oe1_0 where oe1_0.status=?
2026-08-15T13:11:30.055Z  INFO 1 --- [orderservice] [   scheduling-1] [16ef0e8d0d530ac4232c5aaf2eaf9bd2-710a4fd0b4acbd97] c.j.s.orderservice.domain.OrderService   : Found 0 new orders to process
2026-08-15T13:11:30.067Z DEBUG 1 --- [orderservice] [   scheduling-1] [                                                 ] io.opentelemetry.sdk.trace.SdkSpan       : Ignoring setStatus() description since status is not ERROR.
2026-08-15T13:11:30.079Z  INFO 1 --- [orderservice] [   scheduling-1] [f3f4bde1971da8790dfbda4159bf4e82-e9a0a633e1a3dc13] c.j.s.o.jobs.OrderEventsPublishingJob    : Publishing Order Events at 2026-08-15T13:11:30.079114469Z
Hibernate: select oee1_0.id,oee1_0.created_at,oee1_0.event_id,oee1_0.event_type,oee1_0.order_number,oee1_0.payload,oee1_0.updated_at from order_events oee1_0 order by oee1_0.created_at
2026-08-15T13:11:30.088Z  INFO 1 --- [orderservice] [   scheduling-1] [f3f4bde1971da8790dfbda4159bf4e82-e9a0a633e1a3dc13] c.j.s.o.domain.OrderEventService         : Found 0 Order Events to be published
2026-08-15T13:11:30.101Z DEBUG 1 --- [orderservice] [   scheduling-1] [                                                 ] io.opentelemetry.sdk.trace.SdkSpan       : Ignoring setStatus() description since status is not ERROR.
2026-08-15T13:11:32.990Z  WARN 1 --- [orderservice] [_WorkerThread-1] [                                                 ] i.o.exporter.zipkin.ZipkinSpanExporter   : Failed to export spans

java.net.ConnectException: Connection refused
	at java.net.http/jdk.internal.net.http.HttpClientImpl.send(Unknown Source) ~[java.net.http:na]
	at java.net.http/jdk.internal.net.http.HttpClientFacade.send(Unknown Source) ~[java.net.http:na]
	at org.springframework.boot.zipkin.autoconfigure.ZipkinHttpClientSender.postSpans(ZipkinHttpClientSender.java:59) ~[spring-boot-zipkin-4.1.0.jar:4.1.0]
	at org.springframework.boot.zipkin.autoconfigure.HttpSender.postSpans(HttpSender.java:69) ~[spring-boot-zipkin-4.1.0.jar:4.1.0]
	at org.springframework.boot.zipkin.autoconfigure.HttpSender.postSpans(HttpSender.java:41) ~[spring-boot-zipkin-4.1.0.jar:4.1.0]
	at zipkin2.reporter.BaseHttpSender.send(BaseHttpSender.java:123) ~[zipkin-reporter-3.5.3.jar:na]
	at io.opentelemetry.exporter.zipkin.ZipkinSpanExporter.lambda$export$0(ZipkinSpanExporter.java:104) ~[opentelemetry-exporter-zipkin-1.62.0.jar:1.62.0]
	at io.opentelemetry.context.Context.lambda$wrap$1(Context.java:241) ~[opentelemetry-context-1.62.0.jar:1.62.0]
	at io.opentelemetry.api.internal.InstrumentationUtil.suppressInstrumentation(InstrumentationUtil.java:28) ~[opentelemetry-api-1.62.0.jar:1.62.0]
	at io.opentelemetry.exporter.zipkin.ZipkinSpanExporter.export(ZipkinSpanExporter.java:101) ~[opentelemetry-exporter-zipkin-1.62.0.jar:1.62.0]
	at io.micrometer.tracing.otel.bridge.CompositeSpanExporter.lambda$export$3(CompositeSpanExporter.java:90) ~[micrometer-tracing-bridge-otel-1.7.0.jar:1.7.0]
	at java.base/java.util.ImmutableCollections$List12.forEach(Unknown Source) ~[na:na]
	at io.micrometer.tracing.otel.bridge.CompositeSpanExporter.export(CompositeSpanExporter.java:90) ~[micrometer-tracing-bridge-otel-1.7.0.jar:1.7.0]
	at io.opentelemetry.sdk.trace.export.BatchSpanProcessor$Worker.exportCurrentBatch(BatchSpanProcessor.java:334) ~[opentelemetry-sdk-trace-1.62.0.jar:1.62.0]
	at io.opentelemetry.sdk.trace.export.BatchSpanProcessor$Worker.run(BatchSpanProcessor.java:235) ~[opentelemetry-sdk-trace-1.62.0.jar:1.62.0]
	at java.base/java.lang.Thread.run(Unknown Source) ~[na:na]
Caused by: java.net.ConnectException: Connection refused
	at java.base/sun.nio.ch.Net.pollConnect(Native Method) ~[na:na]
	at java.base/sun.nio.ch.Net.pollConnectNow(Unknown Source) ~[na:na]
	at java.base/sun.nio.ch.SocketChannelImpl.finishConnect(Unknown Source) ~[na:na]
	at java.net.http/jdk.internal.net.http.PlainHttpConnection$ConnectEvent.handle(Unknown Source) ~[java.net.http:na]
	at java.net.http/jdk.internal.net.http.HttpClientImpl$SelectorManager.handleEvent(Unknown Source) ~[java.net.http:na]
	at java.net.http/jdk.internal.net.http.HttpClientImpl$SelectorManager.lambda$run$3(Unknown Source) ~[java.net.http:na]
	at java.base/java.util.ArrayList.forEach(Unknown Source) ~[na:na]
	at java.net.http/jdk.internal.net.http.HttpClientImpl$SelectorManager.run(Unknown Source) ~[java.net.http:na]
	at java.base/java.lang.VirtualThread.run(Unknown Source) ~[na:na]

2026-08-15T13:11:32.993Z DEBUG 1 --- [orderservice] [_WorkerThread-1] [                                                 ] i.o.sdk.trace.export.BatchSpanProcessor  : Exporter failed
2026-08-15T13:11:33.262Z DEBUG 1 --- [orderservice] [nio-8082-exec-7] [                                                 ] t.p.B3PropagatorExtractorMultipleHeaders : Invalid TraceId in B3 header: null'. Returning INVALID span context.
2026-08-15T13:11:33.262Z DEBUG 1 --- [orderservice] [nio-8082-exec-7] [                                                 ] t.p.B3PropagatorExtractorMultipleHeaders : Invalid TraceId in B3 header: null'. Returning INVALID span context.
2026-08-15T13:11:33.268Z DEBUG 1 --- [orderservice] [nio-8082-exec-7] [067b26bc7fd3159481640726cf6905c0-7703384fc477c91e] io.opentelemetry.sdk.trace.SdkSpan       : Ignoring setStatus() description since status is not ERROR.
2026-08-15T13:11:33.270Z DEBUG 1 --- [orderservice] [nio-8082-exec-7] [067b26bc7fd3159481640726cf6905c0-85a413a047fb0129] io.opentelemetry.sdk.trace.SdkSpan       : Ignoring setStatus() description since status is not ERROR.
2026-08-15T13:11:33.302Z DEBUG 1 --- [orderservice] [nio-8082-exec-7] [067b26bc7fd3159481640726cf6905c0-85a413a047fb0129] io.opentelemetry.sdk.trace.SdkSpan       : Ignoring setStatus() description since status is not ERROR.
2026-08-15T13:11:33.304Z DEBUG 1 --- [orderservice] [nio-8082-exec-7] [067b26bc7fd3159481640726cf6905c0-85a413a047fb0129] io.opentelemetry.sdk.trace.SdkSpan       : Ignoring setStatus() description since status is not ERROR.
2026-08-15T13:11:35.051Z  INFO 1 --- [orderservice] [   scheduling-1] [a4c6cc1c0938a730626977eb4bd48c17-a731a4dba58500be] c.j.s.o.jobs.OrderEventsPublishingJob    : Publishing Order Events at 2026-08-15T13:11:35.051923961Z
Hibernate: select oee1_0.id,oee1_0.created_at,oee1_0.event_id,oee1_0.event_type,oee1_0.order_number,oee1_0.payload,oee1_0.updated_at from order_events oee1_0 order by oee1_0.created_at
2026-08-15T13:11:35.063Z  INFO 1 --- [orderservice] [   scheduling-1] [a4c6cc1c0938a730626977eb4bd48c17-a731a4dba58500be] c.j.s.o.domain.OrderEventService         : Found 0 Order Events to be published
2026-08-15T13:11:35.079Z DEBUG 1 --- [orderservice] [   scheduling-1] [                                                 ] io.opentelemetry.sdk.trace.SdkSpan       : Ignoring setStatus() description since status is not ERROR.
2026-08-15T13:11:38.002Z DEBUG 1 --- [orderservice] [_WorkerThread-1] [                                                 ] i.o.sdk.trace.export.BatchSpanProcessor  : Exporter failed
2026-08-15T13:11:38.261Z DEBUG 1 --- [orderservice] [nio-8082-exec-5] [                                                 ] t.p.B3PropagatorExtractorMultipleHeaders : Invalid TraceId in B3 header: null'. Returning INVALID span context.
2026-08-15T13:11:38.262Z DEBUG 1 --- [orderservice] [nio-8082-exec-5] [                                                 ] t.p.B3PropagatorExtractorMultipleHeaders : Invalid TraceId in B3 header: null'. Returning INVALID span context.
2026-08-15T13:11:38.266Z DEBUG 1 --- [orderservice] [nio-8082-exec-5] [5c0d797eaaf05218f046a5780eee55b8-8e0377c0763e6f7a] io.opentelemetry.sdk.trace.SdkSpan       : Ignoring setStatus() description since status is not ERROR.
2026-08-15T13:11:38.267Z DEBUG 1 --- [orderservice] [nio-8082-exec-5] [5c0d797eaaf05218f046a5780eee55b8-ab61fea5cfb639e5] io.opentelemetry.sdk.trace.SdkSpan       : Ignoring setStatus() description since status is not ERROR.
2026-08-15T13:11:38.297Z DEBUG 1 --- [orderservice] [nio-8082-exec-5] [5c0d797eaaf05218f046a5780eee55b8-ab61fea5cfb639e5] io.opentelemetry.sdk.trace.SdkSpan       : Ignoring setStatus() description since status is not ERROR.
2026-08-15T13:11:38.299Z DEBUG 1 --- [orderservice] [nio-8082-exec-5] [5c0d797eaaf05218f046a5780eee55b8-ab61fea5cfb639e5] io.opentelemetry.sdk.trace.SdkSpan       : Ignoring setStatus() description since status is not ERROR.
2026-08-15T13:11:40.018Z  INFO 1 --- [orderservice] [   scheduling-1] [2cdea655b08f709843493c701781dbba-9db24454ae31bc94] c.j.s.o.jobs.OrderProcessingJob          : Processing New Orders at 2026-08-15T13:11:40.018262885Z
Hibernate: select oe1_0.id,oe1_0.comments,oe1_0.created_at,oe1_0.customer_name,oe1_0.customer_email,oe1_0.customer_phone,oe1_0.delivery_address_line1,oe1_0.delivery_address_line2,oe1_0.delivery_address_city,oe1_0.delivery_address_state,oe1_0.delivery_address_zip_code,oe1_0.delivery_address_country,oe1_0.order_number,oe1_0.status,oe1_0.updated_at,oe1_0.username from orders oe1_0 where oe1_0.status=?
2026-08-15T13:11:40.025Z  INFO 1 --- [orderservice] [   scheduling-1] [2cdea655b08f709843493c701781dbba-9db24454ae31bc94] c.j.s.orderservice.domain.OrderService   : Found 0 new orders to process
2026-08-15T13:11:40.046Z DEBUG 1 --- [orderservice] [   scheduling-1] [                                                 ] io.opentelemetry.sdk.trace.SdkSpan       : Ignoring setStatus() description since status is not ERROR.
2026-08-15T13:11:40.060Z  INFO 1 --- [orderservice] [   scheduling-1] [6ea271acb13c9b9ee0a7765e8c04deac-4d3540d7f92be40d] c.j.s.o.jobs.OrderEventsPublishingJob    : Publishing Order Events at 2026-08-15T13:11:40.060493168Z
Hibernate: select oee1_0.id,oee1_0.created_at,oee1_0.event_id,oee1_0.event_type,oee1_0.order_number,oee1_0.payload,oee1_0.updated_at from order_events oee1_0 order by oee1_0.created_at
2026-08-15T13:11:40.069Z  INFO 1 --- [orderservice] [   scheduling-1] [6ea271acb13c9b9ee0a7765e8c04deac-4d3540d7f92be40d] c.j.s.o.domain.OrderEventService         : Found 0 Order Events to be published
2026-08-15T13:11:40.078Z DEBUG 1 --- [orderservice] [   scheduling-1] [                                                 ] io.opentelemetry.sdk.trace.SdkSpan       : Ignoring setStatus() description since status is not ERROR.
2026-08-15T13:11:43.013Z DEBUG 1 --- [orderservice] [_WorkerThread-1] [                                                 ] i.o.sdk.trace.export.BatchSpanProcessor  : Exporter failed
2026-08-15T13:11:43.261Z DEBUG 1 --- [orderservice] [nio-8082-exec-8] [                                                 ] t.p.B3PropagatorExtractorMultipleHeaders : Invalid TraceId in B3 header: null'. Returning INVALID span context.
2026-08-15T13:11:43.261Z DEBUG 1 --- [orderservice] [nio-8082-exec-8] [                                                 ] t.p.B3PropagatorExtractorMultipleHeaders : Invalid TraceId in B3 header: null'. Returning INVALID span context.
2026-08-15T13:11:43.267Z DEBUG 1 --- [orderservice] [nio-8082-exec-8] [f9d1b6cf064f7fd1514b46b83df57e9a-057b2ad8608af273] io.opentelemetry.sdk.trace.SdkSpan       : Ignoring setStatus() description since status is not ERROR.
2026-08-15T13:11:43.268Z DEBUG 1 --- [orderservice] [nio-8082-exec-8] [f9d1b6cf064f7fd1514b46b83df57e9a-3c64c53c12ec103c] io.opentelemetry.sdk.trace.SdkSpan       : Ignoring setStatus() description since status is not ERROR.
2026-08-15T13:11:43.289Z DEBUG 1 --- [orderservice] [nio-8082-exec-8] [f9d1b6cf064f7fd1514b46b83df57e9a-3c64c53c12ec103c] io.opentelemetry.sdk.trace.SdkSpan       : Ignoring setStatus() description since status is not ERROR.
2026-08-15T13:11:43.290Z DEBUG 1 --- [orderservice] [nio-8082-exec-8] [f9d1b6cf064f7fd1514b46b83df57e9a-3c64c53c12ec103c] io.opentelemetry.sdk.trace.SdkSpan       : Ignoring setStatus() description since status is not ERROR.
2026-08-15T13:11:45.050Z  INFO 1 --- [orderservice] [   scheduling-1] [9c0b2ace50281731221b61133c5b9b7f-850e1d70327ed74c] c.j.s.o.jobs.OrderEventsPublishingJob    : Publishing Order Events at 2026-08-15T13:11:45.050059380Z
Hibernate: select oee1_0.id,oee1_0.created_at,oee1_0.event_id,oee1_0.event_type,oee1_0.order_number,oee1_0.payload,oee1_0.updated_at from order_events oee1_0 order by oee1_0.created_at
2026-08-15T13:11:45.058Z  INFO 1 --- [orderservice] [   scheduling-1] [9c0b2ace50281731221b61133c5b9b7f-850e1d70327ed74c] c.j.s.o.domain.OrderEventService         : Found 0 Order Events to be published
2026-08-15T13:11:45.069Z DEBUG 1 --- [orderservice] [   scheduling-1] [                                                 ] io.opentelemetry.sdk.trace.SdkSpan       : Ignoring setStatus() description since status is not ERROR.
2026-08-15T13:11:48.017Z DEBUG 1 --- [orderservice] [_WorkerThread-1] [                                                 ] i.o.sdk.trace.export.BatchSpanProcessor  : Exporter failed
2026-08-15T13:11:48.260Z DEBUG 1 --- [orderservice] [nio-8082-exec-9] [                                                 ] t.p.B3PropagatorExtractorMultipleHeaders : Invalid TraceId in B3 header: null'. Returning INVALID span context.
2026-08-15T13:11:48.260Z DEBUG 1 --- [orderservice] [nio-8082-exec-9] [                                                 ] t.p.B3PropagatorExtractorMultipleHeaders : Invalid TraceId in B3 header: null'. Returning INVALID span context.
2026-08-15T13:11:48.261Z DEBUG 1 --- [orderservice] [nio-8082-exec-9] [e96e9bae3b5b62ef3e9f37e5646de9d0-28fae47e1fa814cd] io.opentelemetry.sdk.trace.SdkSpan       : Ignoring setStatus() description since status is not ERROR.
2026-08-15T13:11:48.262Z DEBUG 1 --- [orderservice] [nio-8082-exec-9] [e96e9bae3b5b62ef3e9f37e5646de9d0-e3187270f67ef2e1] io.opentelemetry.sdk.trace.SdkSpan       : Ignoring setStatus() description since status is not ERROR.
2026-08-15T13:11:48.270Z DEBUG 1 --- [orderservice] [nio-8082-exec-9] [e96e9bae3b5b62ef3e9f37e5646de9d0-e3187270f67ef2e1] io.opentelemetry.sdk.trace.SdkSpan       : Ignoring setStatus() description since status is not ERROR.
2026-08-15T13:11:48.271Z DEBUG 1 --- [orderservice] [nio-8082-exec-9] [e96e9bae3b5b62ef3e9f37e5646de9d0-e3187270f67ef2e1] io.opentelemetry.sdk.trace.SdkSpan       : Ignoring setStatus() description since status is not ERROR.
2026-08-15T13:11:50.050Z  INFO 1 --- [orderservice] [   scheduling-1] [fa81b5a9ffba653bcd374f607cd86fdb-95467b66e7e9049c] c.j.s.o.jobs.OrderEventsPublishingJob    : Publishing Order Events at 2026-08-15T13:11:50.050499769Z
Hibernate: select oee1_0.id,oee1_0.created_at,oee1_0.event_id,oee1_0.event_type,oee1_0.order_number,oee1_0.payload,oee1_0.updated_at from order_events oee1_0 order by oee1_0.created_at
2026-08-15T13:11:50.058Z  INFO 1 --- [orderservice] [   scheduling-1] [fa81b5a9ffba653bcd374f607cd86fdb-95467b66e7e9049c] c.j.s.o.domain.OrderEventService         : Found 0 Order Events to be published
2026-08-15T13:11:50.070Z DEBUG 1 --- [orderservice] [   scheduling-1] [                                                 ] io.opentelemetry.sdk.trace.SdkSpan       : Ignoring setStatus() description since status is not ERROR.
2026-08-15T13:11:50.082Z  INFO 1 --- [orderservice] [   scheduling-1] [e11e6284dc757692ce4616dc6d0202a3-2d8e445c61f2faf4] c.j.s.o.jobs.OrderProcessingJob          : Processing New Orders at 2026-08-15T13:11:50.082058546Z
Hibernate: select oe1_0.id,oe1_0.comments,oe1_0.created_at,oe1_0.customer_name,oe1_0.customer_email,oe1_0.customer_phone,oe1_0.delivery_address_line1,oe1_0.delivery_address_line2,oe1_0.delivery_address_city,oe1_0.delivery_address_state,oe1_0.delivery_address_zip_code,oe1_0.delivery_address_country,oe1_0.order_number,oe1_0.status,oe1_0.updated_at,oe1_0.username from orders oe1_0 where oe1_0.status=?
2026-08-15T13:11:50.088Z  INFO 1 --- [orderservice] [   scheduling-1] [e11e6284dc757692ce4616dc6d0202a3-2d8e445c61f2faf4] c.j.s.orderservice.domain.OrderService   : Found 0 new orders to process
2026-08-15T13:11:50.102Z DEBUG 1 --- [orderservice] [   scheduling-1] [                                                 ] io.opentelemetry.sdk.trace.SdkSpan       : Ignoring setStatus() description since status is not ERROR.
2026-08-15T13:11:53.023Z DEBUG 1 --- [orderservice] [_WorkerThread-1] [                                                 ] i.o.sdk.trace.export.BatchSpanProcessor  : Exporter failed
2026-08-15T13:11:53.258Z DEBUG 1 --- [orderservice] [io-8082-exec-10] [                                                 ] t.p.B3PropagatorExtractorMultipleHeaders : Invalid TraceId in B3 header: null'. Returning INVALID span context.
2026-08-15T13:11:53.258Z DEBUG 1 --- [orderservice] [io-8082-exec-10] [                                                 ] t.p.B3PropagatorExtractorMultipleHeaders : Invalid TraceId in B3 header: null'. Returning INVALID span context.
2026-08-15T13:11:53.262Z DEBUG 1 --- [orderservice] [io-8082-exec-10] [f6eb13b85eb4004cf6136ec2345c793f-c3e202689e7388a2] io.opentelemetry.sdk.trace.SdkSpan       : Ignoring setStatus() description since status is not ERROR.
2026-08-15T13:11:53.263Z DEBUG 1 --- [orderservice] [io-8082-exec-10] [f6eb13b85eb4004cf6136ec2345c793f-750905f477821bf8] io.opentelemetry.sdk.trace.SdkSpan       : Ignoring setStatus() description since status is not ERROR.
2026-08-15T13:11:53.284Z DEBUG 1 --- [orderservice] [io-8082-exec-10] [f6eb13b85eb4004cf6136ec2345c793f-750905f477821bf8] io.opentelemetry.sdk.trace.SdkSpan       : Ignoring setStatus() description since status is not ERROR.
2026-08-15T13:11:53.286Z DEBUG 1 --- [orderservice] [io-8082-exec-10] [f6eb13b85eb4004cf6136ec2345c793f-750905f477821bf8] io.opentelemetry.sdk.trace.SdkSpan       : Ignoring setStatus() description since status is not ERROR.
2026-08-15T13:11:55.008Z  INFO 1 --- [orderservice] [   scheduling-1] [ae0f2e93ea8c2f5897809b4563c21369-2ad1a71894f1f878] c.j.s.o.jobs.OrderEventsPublishingJob    : Publishing Order Events at 2026-08-15T13:11:55.008810444Z
Hibernate: select oee1_0.id,oee1_0.created_at,oee1_0.event_id,oee1_0.event_type,oee1_0.order_number,oee1_0.payload,oee1_0.updated_at from order_events oee1_0 order by oee1_0.created_at
2026-08-15T13:11:55.021Z  INFO 1 --- [orderservice] [   scheduling-1] [ae0f2e93ea8c2f5897809b4563c21369-2ad1a71894f1f878] c.j.s.o.domain.OrderEventService         : Found 0 Order Events to be published
2026-08-15T13:11:55.034Z DEBUG 1 --- [orderservice] [   scheduling-1] [                                                 ] io.opentelemetry.sdk.trace.SdkSpan       : Ignoring setStatus() description since status is not ERROR.
2026-08-15T13:11:58.030Z DEBUG 1 --- [orderservice] [_WorkerThread-1] [                                                 ] i.o.sdk.trace.export.BatchSpanProcessor  : Exporter failed
2026-08-15T13:11:58.256Z DEBUG 1 --- [orderservice] [nio-8082-exec-1] [                                                 ] t.p.B3PropagatorExtractorMultipleHeaders : Invalid TraceId in B3 header: null'. Returning INVALID span context.
2026-08-15T13:11:58.256Z DEBUG 1 --- [orderservice] [nio-8082-exec-1] [                                                 ] t.p.B3PropagatorExtractorMultipleHeaders : Invalid TraceId in B3 header: null'. Returning INVALID span context.
2026-08-15T13:11:58.258Z DEBUG 1 --- [orderservice] [nio-8082-exec-1] [127be7dc10c6eae2cf918c80a2168a62-6cb1ddc26f853664] io.opentelemetry.sdk.trace.SdkSpan       : Ignoring setStatus() description since status is not ERROR.
2026-08-15T13:11:58.258Z DEBUG 1 --- [orderservice] [nio-8082-exec-1] [127be7dc10c6eae2cf918c80a2168a62-71d8d85bc2aa8c8a] io.opentelemetry.sdk.trace.SdkSpan       : Ignoring setStatus() description since status is not ERROR.
2026-08-15T13:11:58.265Z DEBUG 1 --- [orderservice] [nio-8082-exec-1] [127be7dc10c6eae2cf918c80a2168a62-71d8d85bc2aa8c8a] io.opentelemetry.sdk.trace.SdkSpan       : Ignoring setStatus() description since status is not ERROR.
2026-08-15T13:11:58.265Z DEBUG 1 --- [orderservice] [nio-8082-exec-1] [127be7dc10c6eae2cf918c80a2168a62-71d8d85bc2aa8c8a] io.opentelemetry.sdk.trace.SdkSpan       : Ignoring setStatus() description since status is not ERROR.
2026-08-15T13:12:00.086Z  INFO 1 --- [orderservice] [   scheduling-1] [08c55e9e9cc05297a9f4c1961b54ac21-5ca4329d264abe68] c.j.s.o.jobs.OrderProcessingJob          : Processing New Orders at 2026-08-15T13:12:00.086181862Z
Hibernate: select oe1_0.id,oe1_0.comments,oe1_0.created_at,oe1_0.customer_name,oe1_0.customer_email,oe1_0.customer_phone,oe1_0.delivery_address_line1,oe1_0.delivery_address_line2,oe1_0.delivery_address_city,oe1_0.delivery_address_state,oe1_0.delivery_address_zip_code,oe1_0.delivery_address_country,oe1_0.order_number,oe1_0.status,oe1_0.updated_at,oe1_0.username from orders oe1_0 where oe1_0.status=?
2026-08-15T13:12:00.090Z  INFO 1 --- [orderservice] [   scheduling-1] [08c55e9e9cc05297a9f4c1961b54ac21-5ca4329d264abe68] c.j.s.orderservice.domain.OrderService   : Found 0 new orders to process
2026-08-15T13:12:00.119Z DEBUG 1 --- [orderservice] [   scheduling-1] [                                                 ] io.opentelemetry.sdk.trace.SdkSpan       : Ignoring setStatus() description since status is not ERROR.
2026-08-15T13:12:00.148Z  INFO 1 --- [orderservice] [   scheduling-1] [2eaa041b582a15c83e817d2eeec0220f-686a0381a86df709] c.j.s.o.jobs.OrderEventsPublishingJob    : Publishing Order Events at 2026-08-15T13:12:00.148441939Z
Hibernate: select oee1_0.id,oee1_0.created_at,oee1_0.event_id,oee1_0.event_type,oee1_0.order_number,oee1_0.payload,oee1_0.updated_at from order_events oee1_0 order by oee1_0.created_at
2026-08-15T13:12:00.154Z  INFO 1 --- [orderservice] [   scheduling-1] [2eaa041b582a15c83e817d2eeec0220f-686a0381a86df709] c.j.s.o.domain.OrderEventService         : Found 0 Order Events to be published
2026-08-15T13:12:00.185Z DEBUG 1 --- [orderservice] [   scheduling-1] [                                                 ] io.opentelemetry.sdk.trace.SdkSpan       : Ignoring setStatus() description since status is not ERROR.
2026-08-15T13:12:03.039Z DEBUG 1 --- [orderservice] [_WorkerThread-1] [                                                 ] i.o.sdk.trace.export.BatchSpanProcessor  : Exporter failed
2026-08-15T13:12:03.257Z DEBUG 1 --- [orderservice] [nio-8082-exec-2] [                                                 ] t.p.B3PropagatorExtractorMultipleHeaders : Invalid TraceId in B3 header: null'. Returning INVALID span context.
2026-08-15T13:12:03.258Z DEBUG 1 --- [orderservice] [nio-8082-exec-2] [                                                 ] t.p.B3PropagatorExtractorMultipleHeaders : Invalid TraceId in B3 header: null'. Returning INVALID span context.
2026-08-15T13:12:03.262Z DEBUG 1 --- [orderservice] [nio-8082-exec-2] [e2d7ccedbfb132080b9b01d8454c2d75-074c89355b200f15] io.opentelemetry.sdk.trace.SdkSpan       : Ignoring setStatus() description since status is not ERROR.
2026-08-15T13:12:03.263Z DEBUG 1 --- [orderservice] [nio-8082-exec-2] [e2d7ccedbfb132080b9b01d8454c2d75-8301ea6631fff273] io.opentelemetry.sdk.trace.SdkSpan       : Ignoring setStatus() description since status is not ERROR.
2026-08-15T13:12:03.284Z DEBUG 1 --- [orderservice] [nio-8082-exec-2] [e2d7ccedbfb132080b9b01d8454c2d75-8301ea6631fff273] io.opentelemetry.sdk.trace.SdkSpan       : Ignoring setStatus() description since status is not ERROR.
2026-08-15T13:12:03.285Z DEBUG 1 --- [orderservice] [nio-8082-exec-2] [e2d7ccedbfb132080b9b01d8454c2d75-8301ea6631fff273] io.opentelemetry.sdk.trace.SdkSpan       : Ignoring setStatus() description since status is not ERROR.
2026-08-15T13:12:05.051Z  INFO 1 --- [orderservice] [   scheduling-1] [bb9527baee6a5d04e97241aa987ad595-b0293037541b0165] c.j.s.o.jobs.OrderEventsPublishingJob    : Publishing Order Events at 2026-08-15T13:12:05.051021513Z
Hibernate: select oee1_0.id,oee1_0.created_at,oee1_0.event_id,oee1_0.event_type,oee1_0.order_number,oee1_0.payload,oee1_0.updated_at from order_events oee1_0 order by oee1_0.created_at
2026-08-15T13:12:05.060Z  INFO 1 --- [orderservice] [   scheduling-1] [bb9527baee6a5d04e97241aa987ad595-b0293037541b0165] c.j.s.o.domain.OrderEventService         : Found 0 Order Events to be published
2026-08-15T13:12:05.074Z DEBUG 1 --- [orderservice] [   scheduling-1] [                                                 ] io.opentelemetry.sdk.trace.SdkSpan       : Ignoring setStatus() description since status is not ERROR.
2026-08-15T13:12:08.049Z DEBUG 1 --- [orderservice] [_WorkerThread-1] [                                                 ] i.o.sdk.trace.export.BatchSpanProcessor  : Exporter failed
2026-08-15T13:12:08.259Z DEBUG 1 --- [orderservice] [nio-8082-exec-3] [                                                 ] t.p.B3PropagatorExtractorMultipleHeaders : Invalid TraceId in B3 header: null'. Returning INVALID span context.
2026-08-15T13:12:08.259Z DEBUG 1 --- [orderservice] [nio-8082-exec-3] [                                                 ] t.p.B3PropagatorExtractorMultipleHeaders : Invalid TraceId in B3 header: null'. Returning INVALID span context.
2026-08-15T13:12:08.264Z DEBUG 1 --- [orderservice] [nio-8082-exec-3] [3627ddac4df5fa7669f57e8269ea317a-c2cb94a8fa4991a8] io.opentelemetry.sdk.trace.SdkSpan       : Ignoring setStatus() description since status is not ERROR.
2026-08-15T13:12:08.265Z DEBUG 1 --- [orderservice] [nio-8082-exec-3] [3627ddac4df5fa7669f57e8269ea317a-18d344c557125f48] io.opentelemetry.sdk.trace.SdkSpan       : Ignoring setStatus() description since status is not ERROR.
2026-08-15T13:12:08.291Z DEBUG 1 --- [orderservice] [nio-8082-exec-3] [3627ddac4df5fa7669f57e8269ea317a-18d344c557125f48] io.opentelemetry.sdk.trace.SdkSpan       : Ignoring setStatus() description since status is not ERROR.
2026-08-15T13:12:08.293Z DEBUG 1 --- [orderservice] [nio-8082-exec-3] [3627ddac4df5fa7669f57e8269ea317a-18d344c557125f48] io.opentelemetry.sdk.trace.SdkSpan       : Ignoring setStatus() description since status is not ERROR.
2026-08-15T13:12:10.013Z  INFO 1 --- [orderservice] [   scheduling-1] [c02c938fd5a83dbd3bc22d6ed650b056-36f0a410dbab2d8d] c.j.s.o.jobs.OrderProcessingJob          : Processing New Orders at 2026-08-15T13:12:10.013933703Z
Hibernate: select oe1_0.id,oe1_0.comments,oe1_0.created_at,oe1_0.customer_name,oe1_0.customer_email,oe1_0.customer_phone,oe1_0.delivery_address_line1,oe1_0.delivery_address_line2,oe1_0.delivery_address_city,oe1_0.delivery_address_state,oe1_0.delivery_address_zip_code,oe1_0.delivery_address_country,oe1_0.order_number,oe1_0.status,oe1_0.updated_at,oe1_0.username from orders oe1_0 where oe1_0.status=?
2026-08-15T13:12:10.022Z  INFO 1 --- [orderservice] [   scheduling-1] [c02c938fd5a83dbd3bc22d6ed650b056-36f0a410dbab2d8d] c.j.s.orderservice.domain.OrderService   : Found 0 new orders to process
2026-08-15T13:12:10.037Z DEBUG 1 --- [orderservice] [   scheduling-1] [                                                 ] io.opentelemetry.sdk.trace.SdkSpan       : Ignoring setStatus() description since status is not ERROR.
2026-08-15T13:12:10.050Z  INFO 1 --- [orderservice] [   scheduling-1] [6bc3d57407f74645055a705bcc4bf19c-74c8b0b141dc5b22] c.j.s.o.jobs.OrderEventsPublishingJob    : Publishing Order Events at 2026-08-15T13:12:10.050519552Z
Hibernate: select oee1_0.id,oee1_0.created_at,oee1_0.event_id,oee1_0.event_type,oee1_0.order_number,oee1_0.payload,oee1_0.updated_at from order_events oee1_0 order by oee1_0.created_at
2026-08-15T13:12:10.060Z  INFO 1 --- [orderservice] [   scheduling-1] [6bc3d57407f74645055a705bcc4bf19c-74c8b0b141dc5b22] c.j.s.o.domain.OrderEventService         : Found 0 Order Events to be published
2026-08-15T13:12:10.073Z DEBUG 1 --- [orderservice] [   scheduling-1] [                                                 ] io.opentelemetry.sdk.trace.SdkSpan       : Ignoring setStatus() description since status is not ERROR.
2026-08-15T13:12:13.061Z DEBUG 1 --- [orderservice] [_WorkerThread-1] [                                                 ] i.o.sdk.trace.export.BatchSpanProcessor  : Exporter failed
2026-08-15T13:12:13.257Z DEBUG 1 --- [orderservice] [nio-8082-exec-4] [                                                 ] t.p.B3PropagatorExtractorMultipleHeaders : Invalid TraceId in B3 header: null'. Returning INVALID span context.
2026-08-15T13:12:13.257Z DEBUG 1 --- [orderservice] [nio-8082-exec-4] [                                                 ] t.p.B3PropagatorExtractorMultipleHeaders : Invalid TraceId in B3 header: null'. Returning INVALID span context.
2026-08-15T13:12:13.259Z DEBUG 1 --- [orderservice] [nio-8082-exec-4] [c04618e906709875109cb015bba45e91-b41bbf7392efab5b] io.opentelemetry.sdk.trace.SdkSpan       : Ignoring setStatus() description since status is not ERROR.
2026-08-15T13:12:13.259Z DEBUG 1 --- [orderservice] [nio-8082-exec-4] [c04618e906709875109cb015bba45e91-1ec1bd17b7e9b032] io.opentelemetry.sdk.trace.SdkSpan       : Ignoring setStatus() description since status is not ERROR.
2026-08-15T13:12:13.273Z DEBUG 1 --- [orderservice] [nio-8082-exec-4] [c04618e906709875109cb015bba45e91-1ec1bd17b7e9b032] io.opentelemetry.sdk.trace.SdkSpan       : Ignoring setStatus() description since status is not ERROR.
2026-08-15T13:12:13.274Z DEBUG 1 --- [orderservice] [nio-8082-exec-4] [c04618e906709875109cb015bba45e91-1ec1bd17b7e9b032] io.opentelemetry.sdk.trace.SdkSpan       : Ignoring setStatus() description since status is not ERROR.
2026-08-15T13:12:15.049Z  INFO 1 --- [orderservice] [   scheduling-1] [7e55705bd85dc4bc96e1481025bd0837-9f2e865ccc17c5ac] c.j.s.o.jobs.OrderEventsPublishingJob    : Publishing Order Events at 2026-08-15T13:12:15.049406263Z
Hibernate: select oee1_0.id,oee1_0.created_at,oee1_0.event_id,oee1_0.event_type,oee1_0.order_number,oee1_0.payload,oee1_0.updated_at from order_events oee1_0 order by oee1_0.created_at
2026-08-15T13:12:15.060Z  INFO 1 --- [orderservice] [   scheduling-1] [7e55705bd85dc4bc96e1481025bd0837-9f2e865ccc17c5ac] c.j.s.o.domain.OrderEventService         : Found 0 Order Events to be published
2026-08-15T13:12:15.074Z DEBUG 1 --- [orderservice] [   scheduling-1] [                                                 ] io.opentelemetry.sdk.trace.SdkSpan       : Ignoring setStatus() description since status is not ERROR.
2026-08-15T13:12:18.065Z DEBUG 1 --- [orderservice] [_WorkerThread-1] [                                                 ] i.o.sdk.trace.export.BatchSpanProcessor  : Exporter failed
2026-08-15T13:12:18.257Z DEBUG 1 --- [orderservice] [nio-8082-exec-6] [                                                 ] t.p.B3PropagatorExtractorMultipleHeaders : Invalid TraceId in B3 header: null'. Returning INVALID span context.
2026-08-15T13:12:18.257Z DEBUG 1 --- [orderservice] [nio-8082-exec-6] [                                                 ] t.p.B3PropagatorExtractorMultipleHeaders : Invalid TraceId in B3 header: null'. Returning INVALID span context.
2026-08-15T13:12:18.259Z DEBUG 1 --- [orderservice] [nio-8082-exec-6] [6e71a80c05b682b923fc22f4560dfd4f-def9fc4718fba336] io.opentelemetry.sdk.trace.SdkSpan       : Ignoring setStatus() description since status is not ERROR.
2026-08-15T13:12:18.259Z DEBUG 1 --- [orderservice] [nio-8082-exec-6] [6e71a80c05b682b923fc22f4560dfd4f-af4563462988d356] io.opentelemetry.sdk.trace.SdkSpan       : Ignoring setStatus() description since status is not ERROR.
2026-08-15T13:12:18.271Z DEBUG 1 --- [orderservice] [nio-8082-exec-6] [6e71a80c05b682b923fc22f4560dfd4f-af4563462988d356] io.opentelemetry.sdk.trace.SdkSpan       : Ignoring setStatus() description since status is not ERROR.
2026-08-15T13:12:18.272Z DEBUG 1 --- [orderservice] [nio-8082-exec-6] [6e71a80c05b682b923fc22f4560dfd4f-af4563462988d356] io.opentelemetry.sdk.trace.SdkSpan       : Ignoring setStatus() description since status is not ERROR.
2026-08-15T13:12:20.007Z  INFO 1 --- [orderservice] [   scheduling-1] [012139134da79a431d9445e58c5c29e0-23fdc0d4ec2f0b18] c.j.s.o.jobs.OrderEventsPublishingJob    : Publishing Order Events at 2026-08-15T13:12:20.007153771Z
Hibernate: select oee1_0.id,oee1_0.created_at,oee1_0.event_id,oee1_0.event_type,oee1_0.order_number,oee1_0.payload,oee1_0.updated_at from order_events oee1_0 order by oee1_0.created_at
2026-08-15T13:12:20.011Z  INFO 1 --- [orderservice] [   scheduling-1] [012139134da79a431d9445e58c5c29e0-23fdc0d4ec2f0b18] c.j.s.o.domain.OrderEventService         : Found 0 Order Events to be published
2026-08-15T13:12:20.018Z DEBUG 1 --- [orderservice] [   scheduling-1] [                                                 ] io.opentelemetry.sdk.trace.SdkSpan       : Ignoring setStatus() description since status is not ERROR.
2026-08-15T13:12:20.024Z  INFO 1 --- [orderservice] [   scheduling-1] [18ed95910c15af8877024c9e7f919ff4-41c5031cedc1e063] c.j.s.o.jobs.OrderProcessingJob          : Processing New Orders at 2026-08-15T13:12:20.024686823Z
Hibernate: select oe1_0.id,oe1_0.comments,oe1_0.created_at,oe1_0.customer_name,oe1_0.customer_email,oe1_0.customer_phone,oe1_0.delivery_address_line1,oe1_0.delivery_address_line2,oe1_0.delivery_address_city,oe1_0.delivery_address_state,oe1_0.delivery_address_zip_code,oe1_0.delivery_address_country,oe1_0.order_number,oe1_0.status,oe1_0.updated_at,oe1_0.username from orders oe1_0 where oe1_0.status=?
2026-08-15T13:12:20.027Z  INFO 1 --- [orderservice] [   scheduling-1] [18ed95910c15af8877024c9e7f919ff4-41c5031cedc1e063] c.j.s.orderservice.domain.OrderService   : Found 0 new orders to process
2026-08-15T13:12:20.034Z DEBUG 1 --- [orderservice] [   scheduling-1] [                                                 ] io.opentelemetry.sdk.trace.SdkSpan       : Ignoring setStatus() description since status is not ERROR.
2026-08-15T13:12:23.067Z DEBUG 1 --- [orderservice] [_WorkerThread-1] [                                                 ] i.o.sdk.trace.export.BatchSpanProcessor  : Exporter failed
2026-08-15T13:12:23.255Z DEBUG 1 --- [orderservice] [nio-8082-exec-7] [                                                 ] t.p.B3PropagatorExtractorMultipleHeaders : Invalid TraceId in B3 header: null'. Returning INVALID span context.
2026-08-15T13:12:23.255Z DEBUG 1 --- [orderservice] [nio-8082-exec-7] [                                                 ] t.p.B3PropagatorExtractorMultipleHeaders : Invalid TraceId in B3 header: null'. Returning INVALID span context.
2026-08-15T13:12:23.257Z DEBUG 1 --- [orderservice] [nio-8082-exec-7] [e42257ce30ab5a17ac4f897b34cd398b-ae1108a0b74c61f8] io.opentelemetry.sdk.trace.SdkSpan       : Ignoring setStatus() description since status is not ERROR.
2026-08-15T13:12:23.257Z DEBUG 1 --- [orderservice] [nio-8082-exec-7] [e42257ce30ab5a17ac4f897b34cd398b-e78bd784ce858507] io.opentelemetry.sdk.trace.SdkSpan       : Ignoring setStatus() description since status is not ERROR.
2026-08-15T13:12:23.265Z DEBUG 1 --- [orderservice] [nio-8082-exec-7] [e42257ce30ab5a17ac4f897b34cd398b-e78bd784ce858507] io.opentelemetry.sdk.trace.SdkSpan       : Ignoring setStatus() description since status is not ERROR.
2026-08-15T13:12:23.265Z DEBUG 1 --- [orderservice] [nio-8082-exec-7] [e42257ce30ab5a17ac4f897b34cd398b-e78bd784ce858507] io.opentelemetry.sdk.trace.SdkSpan       : Ignoring setStatus() description since status is not ERROR.
2026-08-15T13:12:25.006Z  INFO 1 --- [orderservice] [   scheduling-1] [4ccedee34e21ac938f9475b238907bfa-99bddbc0b80eeaf9] c.j.s.o.jobs.OrderEventsPublishingJob    : Publishing Order Events at 2026-08-15T13:12:25.006680115Z
Hibernate: select oee1_0.id,oee1_0.created_at,oee1_0.event_id,oee1_0.event_type,oee1_0.order_number,oee1_0.payload,oee1_0.updated_at from order_events oee1_0 order by oee1_0.created_at
2026-08-15T13:12:25.012Z  INFO 1 --- [orderservice] [   scheduling-1] [4ccedee34e21ac938f9475b238907bfa-99bddbc0b80eeaf9] c.j.s.o.domain.OrderEventService         : Found 0 Order Events to be published
2026-08-15T13:12:25.020Z DEBUG 1 --- [orderservice] [   scheduling-1] [                                                 ] io.opentelemetry.sdk.trace.SdkSpan       : Ignoring setStatus() description since status is not ERROR.
2026-08-15T13:12:28.077Z DEBUG 1 --- [orderservice] [_WorkerThread-1] [                                                 ] i.o.sdk.trace.export.BatchSpanProcessor  : Exporter failed
2026-08-15T13:12:28.255Z DEBUG 1 --- [orderservice] [nio-8082-exec-5] [                                                 ] t.p.B3PropagatorExtractorMultipleHeaders : Invalid TraceId in B3 header: null'. Returning INVALID span context.
2026-08-15T13:12:28.255Z DEBUG 1 --- [orderservice] [nio-8082-exec-5] [                                                 ] t.p.B3PropagatorExtractorMultipleHeaders : Invalid TraceId in B3 header: null'. Returning INVALID span context.
2026-08-15T13:12:28.256Z DEBUG 1 --- [orderservice] [nio-8082-exec-5] [6526dcd02d2b2a55cb3f73769c1dfa2e-e07c6855cb3425d2] io.opentelemetry.sdk.trace.SdkSpan       : Ignoring setStatus() description since status is not ERROR.
2026-08-15T13:12:28.256Z DEBUG 1 --- [orderservice] [nio-8082-exec-5] [6526dcd02d2b2a55cb3f73769c1dfa2e-b55decc385786039] io.opentelemetry.sdk.trace.SdkSpan       : Ignoring setStatus() description since status is not ERROR.
2026-08-15T13:12:28.265Z DEBUG 1 --- [orderservice] [nio-8082-exec-5] [6526dcd02d2b2a55cb3f73769c1dfa2e-b55decc385786039] io.opentelemetry.sdk.trace.SdkSpan       : Ignoring setStatus() description since status is not ERROR.
2026-08-15T13:12:28.265Z DEBUG 1 --- [orderservice] [nio-8082-exec-5] [6526dcd02d2b2a55cb3f73769c1dfa2e-b55decc385786039] io.opentelemetry.sdk.trace.SdkSpan       : Ignoring setStatus() description since status is not ERROR.
2026-08-15T13:12:30.007Z  INFO 1 --- [orderservice] [   scheduling-1] [4cba61f4fcff6e52da64fb364b9541ae-48d63135f50d1627] c.j.s.o.jobs.OrderProcessingJob          : Processing New Orders at 2026-08-15T13:12:30.007043003Z
Hibernate: select oe1_0.id,oe1_0.comments,oe1_0.created_at,oe1_0.customer_name,oe1_0.customer_email,oe1_0.customer_phone,oe1_0.delivery_address_line1,oe1_0.delivery_address_line2,oe1_0.delivery_address_city,oe1_0.delivery_address_state,oe1_0.delivery_address_zip_code,oe1_0.delivery_address_country,oe1_0.order_number,oe1_0.status,oe1_0.updated_at,oe1_0.username from orders oe1_0 where oe1_0.status=?
2026-08-15T13:12:30.009Z  INFO 1 --- [orderservice] [   scheduling-1] [4cba61f4fcff6e52da64fb364b9541ae-48d63135f50d1627] c.j.s.orderservice.domain.OrderService   : Found 0 new orders to process
2026-08-15T13:12:30.017Z DEBUG 1 --- [orderservice] [   scheduling-1] [                                                 ] io.opentelemetry.sdk.trace.SdkSpan       : Ignoring setStatus() description since status is not ERROR.
2026-08-15T13:12:30.025Z  INFO 1 --- [orderservice] [   scheduling-1] [16cf4ce1cd804b5cff0ff9c01b7dfe44-c79a9a586aeb241e] c.j.s.o.jobs.OrderEventsPublishingJob    : Publishing Order Events at 2026-08-15T13:12:30.025222792Z
Hibernate: select oee1_0.id,oee1_0.created_at,oee1_0.event_id,oee1_0.event_type,oee1_0.order_number,oee1_0.payload,oee1_0.updated_at from order_events oee1_0 order by oee1_0.created_at
2026-08-15T13:12:30.028Z  INFO 1 --- [orderservice] [   scheduling-1] [16cf4ce1cd804b5cff0ff9c01b7dfe44-c79a9a586aeb241e] c.j.s.o.domain.OrderEventService         : Found 0 Order Events to be published
2026-08-15T13:12:30.036Z DEBUG 1 --- [orderservice] [   scheduling-1] [                                                 ] io.opentelemetry.sdk.trace.SdkSpan       : Ignoring setStatus() description since status is not ERROR.
2026-08-15T13:12:33.080Z  WARN 1 --- [orderservice] [_WorkerThread-1] [                                                 ] i.o.exporter.zipkin.ZipkinSpanExporter   : Failed to export spans

java.net.ConnectException: Connection refused
	at java.net.http/jdk.internal.net.http.HttpClientImpl.send(Unknown Source) ~[java.net.http:na]
	at java.net.http/jdk.internal.net.http.HttpClientFacade.send(Unknown Source) ~[java.net.http:na]
	at org.springframework.boot.zipkin.autoconfigure.ZipkinHttpClientSender.postSpans(ZipkinHttpClientSender.java:59) ~[spring-boot-zipkin-4.1.0.jar:4.1.0]
	at org.springframework.boot.zipkin.autoconfigure.HttpSender.postSpans(HttpSender.java:69) ~[spring-boot-zipkin-4.1.0.jar:4.1.0]
	at org.springframework.boot.zipkin.autoconfigure.HttpSender.postSpans(HttpSender.java:41) ~[spring-boot-zipkin-4.1.0.jar:4.1.0]
	at zipkin2.reporter.BaseHttpSender.send(BaseHttpSender.java:123) ~[zipkin-reporter-3.5.3.jar:na]
	at io.opentelemetry.exporter.zipkin.ZipkinSpanExporter.lambda$export$0(ZipkinSpanExporter.java:104) ~[opentelemetry-exporter-zipkin-1.62.0.jar:1.62.0]
	at io.opentelemetry.context.Context.lambda$wrap$1(Context.java:241) ~[opentelemetry-context-1.62.0.jar:1.62.0]
	at io.opentelemetry.api.internal.InstrumentationUtil.suppressInstrumentation(InstrumentationUtil.java:28) ~[opentelemetry-api-1.62.0.jar:1.62.0]
	at io.opentelemetry.exporter.zipkin.ZipkinSpanExporter.export(ZipkinSpanExporter.java:101) ~[opentelemetry-exporter-zipkin-1.62.0.jar:1.62.0]
	at io.micrometer.tracing.otel.bridge.CompositeSpanExporter.lambda$export$3(CompositeSpanExporter.java:90) ~[micrometer-tracing-bridge-otel-1.7.0.jar:1.7.0]
	at java.base/java.util.ImmutableCollections$List12.forEach(Unknown Source) ~[na:na]
	at io.micrometer.tracing.otel.bridge.CompositeSpanExporter.export(CompositeSpanExporter.java:90) ~[micrometer-tracing-bridge-otel-1.7.0.jar:1.7.0]
	at io.opentelemetry.sdk.trace.export.BatchSpanProcessor$Worker.exportCurrentBatch(BatchSpanProcessor.java:334) ~[opentelemetry-sdk-trace-1.62.0.jar:1.62.0]
	at io.opentelemetry.sdk.trace.export.BatchSpanProcessor$Worker.run(BatchSpanProcessor.java:235) ~[opentelemetry-sdk-trace-1.62.0.jar:1.62.0]
	at java.base/java.lang.Thread.run(Unknown Source) ~[na:na]
Caused by: java.net.ConnectException: Connection refused
	at java.base/sun.nio.ch.Net.pollConnect(Native Method) ~[na:na]
	at java.base/sun.nio.ch.Net.pollConnectNow(Unknown Source) ~[na:na]
	at java.base/sun.nio.ch.SocketChannelImpl.finishConnect(Unknown Source) ~[na:na]
	at java.net.http/jdk.internal.net.http.PlainHttpConnection$ConnectEvent.handle(Unknown Source) ~[java.net.http:na]
	at java.net.http/jdk.internal.net.http.HttpClientImpl$SelectorManager.handleEvent(Unknown Source) ~[java.net.http:na]
	at java.net.http/jdk.internal.net.http.HttpClientImpl$SelectorManager.lambda$run$3(Unknown Source) ~[java.net.http:na]
	at java.base/java.util.ArrayList.forEach(Unknown Source) ~[na:na]
	at java.net.http/jdk.internal.net.http.HttpClientImpl$SelectorManager.run(Unknown Source) ~[java.net.http:na]
	at java.base/java.lang.VirtualThread.run(Unknown Source) ~[na:na]

2026-08-15T13:12:33.081Z DEBUG 1 --- [orderservice] [_WorkerThread-1] [                                                 ] i.o.sdk.trace.export.BatchSpanProcessor  : Exporter failed
2026-08-15T13:12:33.256Z DEBUG 1 --- [orderservice] [nio-8082-exec-8] [                                                 ] t.p.B3PropagatorExtractorMultipleHeaders : Invalid TraceId in B3 header: null'. Returning INVALID span context.
2026-08-15T13:12:33.257Z DEBUG 1 --- [orderservice] [nio-8082-exec-8] [                                                 ] t.p.B3PropagatorExtractorMultipleHeaders : Invalid TraceId in B3 header: null'. Returning INVALID span context.
2026-08-15T13:12:33.259Z DEBUG 1 --- [orderservice] [nio-8082-exec-8] [86eb51cac4cc5ab790c006d1b95d9b9a-d3f6bb08d4748835] io.opentelemetry.sdk.trace.SdkSpan       : Ignoring setStatus() description since status is not ERROR.
2026-08-15T13:12:33.259Z DEBUG 1 --- [orderservice] [nio-8082-exec-8] [86eb51cac4cc5ab790c006d1b95d9b9a-38087fe599cf78eb] io.opentelemetry.sdk.trace.SdkSpan       : Ignoring setStatus() description since status is not ERROR.
2026-08-15T13:12:33.267Z DEBUG 1 --- [orderservice] [nio-8082-exec-8] [86eb51cac4cc5ab790c006d1b95d9b9a-38087fe599cf78eb] io.opentelemetry.sdk.trace.SdkSpan       : Ignoring setStatus() description since status is not ERROR.
2026-08-15T13:12:33.267Z DEBUG 1 --- [orderservice] [nio-8082-exec-8] [86eb51cac4cc5ab790c006d1b95d9b9a-38087fe599cf78eb] io.opentelemetry.sdk.trace.SdkSpan       : Ignoring setStatus() description since status is not ERROR.
2026-08-15T13:12:35.010Z  INFO 1 --- [orderservice] [   scheduling-1] [e14e716edad50d4cec6e0b27db54a971-271535dfec12f0c5] c.j.s.o.jobs.OrderEventsPublishingJob    : Publishing Order Events at 2026-08-15T13:12:35.010707226Z
Hibernate: select oee1_0.id,oee1_0.created_at,oee1_0.event_id,oee1_0.event_type,oee1_0.order_number,oee1_0.payload,oee1_0.updated_at from order_events oee1_0 order by oee1_0.created_at
2026-08-15T13:12:35.014Z  INFO 1 --- [orderservice] [   scheduling-1] [e14e716edad50d4cec6e0b27db54a971-271535dfec12f0c5] c.j.s.o.domain.OrderEventService         : Found 0 Order Events to be published
2026-08-15T13:12:35.021Z DEBUG 1 --- [orderservice] [   scheduling-1] [                                                 ] io.opentelemetry.sdk.trace.SdkSpan       : Ignoring setStatus() description since status is not ERROR.
2026-08-15T13:12:38.084Z DEBUG 1 --- [orderservice] [_WorkerThread-1] [                                                 ] i.o.sdk.trace.export.BatchSpanProcessor  : Exporter failed
2026-08-15T13:12:38.255Z DEBUG 1 --- [orderservice] [nio-8082-exec-9] [                                                 ] t.p.B3PropagatorExtractorMultipleHeaders : Invalid TraceId in B3 header: null'. Returning INVALID span context.
2026-08-15T13:12:38.255Z DEBUG 1 --- [orderservice] [nio-8082-exec-9] [                                                 ] t.p.B3PropagatorExtractorMultipleHeaders : Invalid TraceId in B3 header: null'. Returning INVALID span context.
2026-08-15T13:12:38.256Z DEBUG 1 --- [orderservice] [nio-8082-exec-9] [78a7202264d46d2ded175bc87e75d73e-ee7b12a5a335e034] io.opentelemetry.sdk.trace.SdkSpan       : Ignoring setStatus() description since status is not ERROR.
2026-08-15T13:12:38.257Z DEBUG 1 --- [orderservice] [nio-8082-exec-9] [78a7202264d46d2ded175bc87e75d73e-17f6a7cd010f4134] io.opentelemetry.sdk.trace.SdkSpan       : Ignoring setStatus() description since status is not ERROR.
2026-08-15T13:12:38.265Z DEBUG 1 --- [orderservice] [nio-8082-exec-9] [78a7202264d46d2ded175bc87e75d73e-17f6a7cd010f4134] io.opentelemetry.sdk.trace.SdkSpan       : Ignoring setStatus() description since status is not ERROR.
2026-08-15T13:12:38.266Z DEBUG 1 --- [orderservice] [nio-8082-exec-9] [78a7202264d46d2ded175bc87e75d73e-17f6a7cd010f4134] io.opentelemetry.sdk.trace.SdkSpan       : Ignoring setStatus() description since status is not ERROR.
2026-08-15T13:12:40.006Z  INFO 1 --- [orderservice] [   scheduling-1] [2308ffbfad1a95f0f39d0784148eb5d4-01c72745a3deb02b] c.j.s.o.jobs.OrderEventsPublishingJob    : Publishing Order Events at 2026-08-15T13:12:40.006509556Z
Hibernate: select oee1_0.id,oee1_0.created_at,oee1_0.event_id,oee1_0.event_type,oee1_0.order_number,oee1_0.payload,oee1_0.updated_at from order_events oee1_0 order by oee1_0.created_at
2026-08-15T13:12:40.009Z  INFO 1 --- [orderservice] [   scheduling-1] [2308ffbfad1a95f0f39d0784148eb5d4-01c72745a3deb02b] c.j.s.o.domain.OrderEventService         : Found 0 Order Events to be published
2026-08-15T13:12:40.015Z DEBUG 1 --- [orderservice] [   scheduling-1] [                                                 ] io.opentelemetry.sdk.trace.SdkSpan       : Ignoring setStatus() description since status is not ERROR.
2026-08-15T13:12:40.019Z  INFO 1 --- [orderservice] [   scheduling-1] [d2f9a223b1ad675cd6a7926e5293a0e5-0636a25b7b7fd770] c.j.s.o.jobs.OrderProcessingJob          : Processing New Orders at 2026-08-15T13:12:40.019573777Z
Hibernate: select oe1_0.id,oe1_0.comments,oe1_0.created_at,oe1_0.customer_name,oe1_0.customer_email,oe1_0.customer_phone,oe1_0.delivery_address_line1,oe1_0.delivery_address_line2,oe1_0.delivery_address_city,oe1_0.delivery_address_state,oe1_0.delivery_address_zip_code,oe1_0.delivery_address_country,oe1_0.order_number,oe1_0.status,oe1_0.updated_at,oe1_0.username from orders oe1_0 where oe1_0.status=?
2026-08-15T13:12:40.021Z  INFO 1 --- [orderservice] [   scheduling-1] [d2f9a223b1ad675cd6a7926e5293a0e5-0636a25b7b7fd770] c.j.s.orderservice.domain.OrderService   : Found 0 new orders to process
2026-08-15T13:12:40.026Z DEBUG 1 --- [orderservice] [   scheduling-1] [                                                 ] io.opentelemetry.sdk.trace.SdkSpan       : Ignoring setStatus() description since status is not ERROR.
2026-08-15T13:12:43.094Z DEBUG 1 --- [orderservice] [_WorkerThread-1] [                                                 ] i.o.sdk.trace.export.BatchSpanProcessor  : Exporter failed
2026-08-15T13:12:43.254Z DEBUG 1 --- [orderservice] [io-8082-exec-10] [                                                 ] t.p.B3PropagatorExtractorMultipleHeaders : Invalid TraceId in B3 header: null'. Returning INVALID span context.
2026-08-15T13:12:43.254Z DEBUG 1 --- [orderservice] [io-8082-exec-10] [                                                 ] t.p.B3PropagatorExtractorMultipleHeaders : Invalid TraceId in B3 header: null'. Returning INVALID span context.
2026-08-15T13:12:43.255Z DEBUG 1 --- [orderservice] [io-8082-exec-10] [2dfe71d677e79c62e9e59bd4d4beb9e5-e458fd17f300215a] io.opentelemetry.sdk.trace.SdkSpan       : Ignoring setStatus() description since status is not ERROR.
2026-08-15T13:12:43.256Z DEBUG 1 --- [orderservice] [io-8082-exec-10] [2dfe71d677e79c62e9e59bd4d4beb9e5-8ee93bebfb3510c9] io.opentelemetry.sdk.trace.SdkSpan       : Ignoring setStatus() description since status is not ERROR.
2026-08-15T13:12:43.263Z DEBUG 1 --- [orderservice] [io-8082-exec-10] [2dfe71d677e79c62e9e59bd4d4beb9e5-8ee93bebfb3510c9] io.opentelemetry.sdk.trace.SdkSpan       : Ignoring setStatus() description since status is not ERROR.
2026-08-15T13:12:43.263Z DEBUG 1 --- [orderservice] [io-8082-exec-10] [2dfe71d677e79c62e9e59bd4d4beb9e5-8ee93bebfb3510c9] io.opentelemetry.sdk.trace.SdkSpan       : Ignoring setStatus() description since status is not ERROR.
2026-08-15T13:12:45.007Z  INFO 1 --- [orderservice] [   scheduling-1] [2149936602485513eebf43f445ee0ce5-99179d98855a9180] c.j.s.o.jobs.OrderEventsPublishingJob    : Publishing Order Events at 2026-08-15T13:12:45.007873083Z
Hibernate: select oee1_0.id,oee1_0.created_at,oee1_0.event_id,oee1_0.event_type,oee1_0.order_number,oee1_0.payload,oee1_0.updated_at from order_events oee1_0 order by oee1_0.created_at
2026-08-15T13:12:45.012Z  INFO 1 --- [orderservice] [   scheduling-1] [2149936602485513eebf43f445ee0ce5-99179d98855a9180] c.j.s.o.domain.OrderEventService         : Found 0 Order Events to be published
2026-08-15T13:12:45.018Z DEBUG 1 --- [orderservice] [   scheduling-1] [                                                 ] io.opentelemetry.sdk.trace.SdkSpan       : Ignoring setStatus() description since status is not ERROR.
2026-08-15T13:12:48.097Z DEBUG 1 --- [orderservice] [_WorkerThread-1] [                                                 ] i.o.sdk.trace.export.BatchSpanProcessor  : Exporter failed
2026-08-15T13:12:48.255Z DEBUG 1 --- [orderservice] [nio-8082-exec-1] [                                                 ] t.p.B3PropagatorExtractorMultipleHeaders : Invalid TraceId in B3 header: null'. Returning INVALID span context.
2026-08-15T13:12:48.255Z DEBUG 1 --- [orderservice] [nio-8082-exec-1] [                                                 ] t.p.B3PropagatorExtractorMultipleHeaders : Invalid TraceId in B3 header: null'. Returning INVALID span context.
2026-08-15T13:12:48.256Z DEBUG 1 --- [orderservice] [nio-8082-exec-1] [7cae63d11e61790fc585ac1d87650481-cc82ceb8923d360d] io.opentelemetry.sdk.trace.SdkSpan       : Ignoring setStatus() description since status is not ERROR.
2026-08-15T13:12:48.256Z DEBUG 1 --- [orderservice] [nio-8082-exec-1] [7cae63d11e61790fc585ac1d87650481-689ed966172864ff] io.opentelemetry.sdk.trace.SdkSpan       : Ignoring setStatus() description since status is not ERROR.
2026-08-15T13:12:48.263Z DEBUG 1 --- [orderservice] [nio-8082-exec-1] [7cae63d11e61790fc585ac1d87650481-689ed966172864ff] io.opentelemetry.sdk.trace.SdkSpan       : Ignoring setStatus() description since status is not ERROR.
2026-08-15T13:12:48.264Z DEBUG 1 --- [orderservice] [nio-8082-exec-1] [7cae63d11e61790fc585ac1d87650481-689ed966172864ff] io.opentelemetry.sdk.trace.SdkSpan       : Ignoring setStatus() description since status is not ERROR.
2026-08-15T13:12:50.010Z  INFO 1 --- [orderservice] [   scheduling-1] [7288bccf3e365ac6506c2593d7e9e1d8-f871929a161ac146] c.j.s.o.jobs.OrderProcessingJob          : Processing New Orders at 2026-08-15T13:12:50.010969935Z
Hibernate: select oe1_0.id,oe1_0.comments,oe1_0.created_at,oe1_0.customer_name,oe1_0.customer_email,oe1_0.customer_phone,oe1_0.delivery_address_line1,oe1_0.delivery_address_line2,oe1_0.delivery_address_city,oe1_0.delivery_address_state,oe1_0.delivery_address_zip_code,oe1_0.delivery_address_country,oe1_0.order_number,oe1_0.status,oe1_0.updated_at,oe1_0.username from orders oe1_0 where oe1_0.status=?
2026-08-15T13:12:50.015Z  INFO 1 --- [orderservice] [   scheduling-1] [7288bccf3e365ac6506c2593d7e9e1d8-f871929a161ac146] c.j.s.orderservice.domain.OrderService   : Found 0 new orders to process
2026-08-15T13:12:50.023Z DEBUG 1 --- [orderservice] [   scheduling-1] [                                                 ] io.opentelemetry.sdk.trace.SdkSpan       : Ignoring setStatus() description since status is not ERROR.
2026-08-15T13:12:50.028Z  INFO 1 --- [orderservice] [   scheduling-1] [f88020d0e3c7439b7d8fbbd65bc768a0-f7b6d99885878659] c.j.s.o.jobs.OrderEventsPublishingJob    : Publishing Order Events at 2026-08-15T13:12:50.028692370Z
Hibernate: select oee1_0.id,oee1_0.created_at,oee1_0.event_id,oee1_0.event_type,oee1_0.order_number,oee1_0.payload,oee1_0.updated_at from order_events oee1_0 order by oee1_0.created_at
2026-08-15T13:12:50.031Z  INFO 1 --- [orderservice] [   scheduling-1] [f88020d0e3c7439b7d8fbbd65bc768a0-f7b6d99885878659] c.j.s.o.domain.OrderEventService         : Found 0 Order Events to be published
2026-08-15T13:12:50.036Z DEBUG 1 --- [orderservice] [   scheduling-1] [                                                 ] io.opentelemetry.sdk.trace.SdkSpan       : Ignoring setStatus() description since status is not ERROR.
2026-08-15T13:12:53.100Z DEBUG 1 --- [orderservice] [_WorkerThread-1] [                                                 ] i.o.sdk.trace.export.BatchSpanProcessor  : Exporter failed
2026-08-15T13:12:53.254Z DEBUG 1 --- [orderservice] [nio-8082-exec-2] [                                                 ] t.p.B3PropagatorExtractorMultipleHeaders : Invalid TraceId in B3 header: null'. Returning INVALID span context.
2026-08-15T13:12:53.254Z DEBUG 1 --- [orderservice] [nio-8082-exec-2] [                                                 ] t.p.B3PropagatorExtractorMultipleHeaders : Invalid TraceId in B3 header: null'. Returning INVALID span context.
2026-08-15T13:12:53.258Z DEBUG 1 --- [orderservice] [nio-8082-exec-2] [28a2c9f838fe9fd3f4022d03639a68a8-92f741e39d55b7d5] io.opentelemetry.sdk.trace.SdkSpan       : Ignoring setStatus() description since status is not ERROR.
2026-08-15T13:12:53.259Z DEBUG 1 --- [orderservice] [nio-8082-exec-2] [28a2c9f838fe9fd3f4022d03639a68a8-4137e7f9b149c6e6] io.opentelemetry.sdk.trace.SdkSpan       : Ignoring setStatus() description since status is not ERROR.
2026-08-15T13:12:53.275Z DEBUG 1 --- [orderservice] [nio-8082-exec-2] [28a2c9f838fe9fd3f4022d03639a68a8-4137e7f9b149c6e6] io.opentelemetry.sdk.trace.SdkSpan       : Ignoring setStatus() description since status is not ERROR.
2026-08-15T13:12:53.276Z DEBUG 1 --- [orderservice] [nio-8082-exec-2] [28a2c9f838fe9fd3f4022d03639a68a8-4137e7f9b149c6e6] io.opentelemetry.sdk.trace.SdkSpan       : Ignoring setStatus() description since status is not ERROR.
2026-08-15T13:12:55.003Z  INFO 1 --- [orderservice] [   scheduling-1] [11c9d7e748b58b3eaddd87dadef5c598-8770546a16ec0f7f] c.j.s.o.jobs.OrderEventsPublishingJob    : Publishing Order Events at 2026-08-15T13:12:55.003496760Z
Hibernate: select oee1_0.id,oee1_0.created_at,oee1_0.event_id,oee1_0.event_type,oee1_0.order_number,oee1_0.payload,oee1_0.updated_at from order_events oee1_0 order by oee1_0.created_at
2026-08-15T13:12:55.007Z  INFO 1 --- [orderservice] [   scheduling-1] [11c9d7e748b58b3eaddd87dadef5c598-8770546a16ec0f7f] c.j.s.o.domain.OrderEventService         : Found 0 Order Events to be published
2026-08-15T13:12:55.012Z DEBUG 1 --- [orderservice] [   scheduling-1] [                                                 ] io.opentelemetry.sdk.trace.SdkSpan       : Ignoring setStatus() description since status is not ERROR.
2026-08-15T13:12:58.104Z DEBUG 1 --- [orderservice] [_WorkerThread-1] [                                                 ] i.o.sdk.trace.export.BatchSpanProcessor  : Exporter failed
2026-08-15T13:12:58.252Z DEBUG 1 --- [orderservice] [nio-8082-exec-3] [                                                 ] t.p.B3PropagatorExtractorMultipleHeaders : Invalid TraceId in B3 header: null'. Returning INVALID span context.
2026-08-15T13:12:58.252Z DEBUG 1 --- [orderservice] [nio-8082-exec-3] [                                                 ] t.p.B3PropagatorExtractorMultipleHeaders : Invalid TraceId in B3 header: null'. Returning INVALID span context.
2026-08-15T13:12:58.253Z DEBUG 1 --- [orderservice] [nio-8082-exec-3] [276af274969be010d2c2d5c5d5aca09f-319788cc19e757bb] io.opentelemetry.sdk.trace.SdkSpan       : Ignoring setStatus() description since status is not ERROR.
2026-08-15T13:12:58.253Z DEBUG 1 --- [orderservice] [nio-8082-exec-3] [276af274969be010d2c2d5c5d5aca09f-3e516c62eb9e5871] io.opentelemetry.sdk.trace.SdkSpan       : Ignoring setStatus() description since status is not ERROR.
2026-08-15T13:12:58.261Z DEBUG 1 --- [orderservice] [nio-8082-exec-3] [276af274969be010d2c2d5c5d5aca09f-3e516c62eb9e5871] io.opentelemetry.sdk.trace.SdkSpan       : Ignoring setStatus() description since status is not ERROR.
2026-08-15T13:12:58.261Z DEBUG 1 --- [orderservice] [nio-8082-exec-3] [276af274969be010d2c2d5c5d5aca09f-3e516c62eb9e5871] io.opentelemetry.sdk.trace.SdkSpan       : Ignoring setStatus() description since status is not ERROR.
2026-08-15T13:13:00.004Z  INFO 1 --- [orderservice] [   scheduling-1] [918f90d2ba66b0c82068588f9698cd22-e5b19a8fd56e4f2a] c.j.s.o.jobs.OrderProcessingJob          : Processing New Orders at 2026-08-15T13:13:00.004411983Z
Hibernate: select oe1_0.id,oe1_0.comments,oe1_0.created_at,oe1_0.customer_name,oe1_0.customer_email,oe1_0.customer_phone,oe1_0.delivery_address_line1,oe1_0.delivery_address_line2,oe1_0.delivery_address_city,oe1_0.delivery_address_state,oe1_0.delivery_address_zip_code,oe1_0.delivery_address_country,oe1_0.order_number,oe1_0.status,oe1_0.updated_at,oe1_0.username from orders oe1_0 where oe1_0.status=?
2026-08-15T13:13:00.007Z  INFO 1 --- [orderservice] [   scheduling-1] [918f90d2ba66b0c82068588f9698cd22-e5b19a8fd56e4f2a] c.j.s.orderservice.domain.OrderService   : Found 0 new orders to process
2026-08-15T13:13:00.013Z DEBUG 1 --- [orderservice] [   scheduling-1] [                                                 ] io.opentelemetry.sdk.trace.SdkSpan       : Ignoring setStatus() description since status is not ERROR.
2026-08-15T13:13:00.019Z  INFO 1 --- [orderservice] [   scheduling-1] [2667dcac1d10661d4cdd66b8b9eab545-a7538d5f8c6ba139] c.j.s.o.jobs.OrderEventsPublishingJob    : Publishing Order Events at 2026-08-15T13:13:00.019387159Z
Hibernate: select oee1_0.id,oee1_0.created_at,oee1_0.event_id,oee1_0.event_type,oee1_0.order_number,oee1_0.payload,oee1_0.updated_at from order_events oee1_0 order by oee1_0.created_at
2026-08-15T13:13:00.024Z  INFO 1 --- [orderservice] [   scheduling-1] [2667dcac1d10661d4cdd66b8b9eab545-a7538d5f8c6ba139] c.j.s.o.domain.OrderEventService         : Found 0 Order Events to be published
2026-08-15T13:13:00.030Z DEBUG 1 --- [orderservice] [   scheduling-1] [                                                 ] io.opentelemetry.sdk.trace.SdkSpan       : Ignoring setStatus() description since status is not ERROR.
2026-08-15T13:13:03.108Z DEBUG 1 --- [orderservice] [_WorkerThread-1] [                                                 ] i.o.sdk.trace.export.BatchSpanProcessor  : Exporter failed
2026-08-15T13:13:03.252Z DEBUG 1 --- [orderservice] [nio-8082-exec-4] [                                                 ] t.p.B3PropagatorExtractorMultipleHeaders : Invalid TraceId in B3 header: null'. Returning INVALID span context.
2026-08-15T13:13:03.252Z DEBUG 1 --- [orderservice] [nio-8082-exec-4] [                                                 ] t.p.B3PropagatorExtractorMultipleHeaders : Invalid TraceId in B3 header: null'. Returning INVALID span context.
2026-08-15T13:13:03.253Z DEBUG 1 --- [orderservice] [nio-8082-exec-4] [58d7dcaaf80e097561c23650781667fc-cc11e1004fc9fc3e] io.opentelemetry.sdk.trace.SdkSpan       : Ignoring setStatus() description since status is not ERROR.
2026-08-15T13:13:03.254Z DEBUG 1 --- [orderservice] [nio-8082-exec-4] [58d7dcaaf80e097561c23650781667fc-8689dac1fe07860d] io.opentelemetry.sdk.trace.SdkSpan       : Ignoring setStatus() description since status is not ERROR.
2026-08-15T13:13:03.266Z DEBUG 1 --- [orderservice] [nio-8082-exec-4] [58d7dcaaf80e097561c23650781667fc-8689dac1fe07860d] io.opentelemetry.sdk.trace.SdkSpan       : Ignoring setStatus() description since status is not ERROR.
2026-08-15T13:13:03.266Z DEBUG 1 --- [orderservice] [nio-8082-exec-4] [58d7dcaaf80e097561c23650781667fc-8689dac1fe07860d] io.opentelemetry.sdk.trace.SdkSpan       : Ignoring setStatus() description since status is not ERROR.
2026-08-15T13:13:05.007Z  INFO 1 --- [orderservice] [   scheduling-1] [270c3b852c0e0f67acd6ff120021c86d-7ea71d035e9a2303] c.j.s.o.jobs.OrderEventsPublishingJob    : Publishing Order Events at 2026-08-15T13:13:05.007164471Z
Hibernate: select oee1_0.id,oee1_0.created_at,oee1_0.event_id,oee1_0.event_type,oee1_0.order_number,oee1_0.payload,oee1_0.updated_at from order_events oee1_0 order by oee1_0.created_at
2026-08-15T13:13:05.011Z  INFO 1 --- [orderservice] [   scheduling-1] [270c3b852c0e0f67acd6ff120021c86d-7ea71d035e9a2303] c.j.s.o.domain.OrderEventService         : Found 0 Order Events to be published
2026-08-15T13:13:05.017Z DEBUG 1 --- [orderservice] [   scheduling-1] [                                                 ] io.opentelemetry.sdk.trace.SdkSpan       : Ignoring setStatus() description since status is not ERROR.
2026-08-15T13:13:08.113Z DEBUG 1 --- [orderservice] [_WorkerThread-1] [                                                 ] i.o.sdk.trace.export.BatchSpanProcessor  : Exporter failed
2026-08-15T13:13:08.252Z DEBUG 1 --- [orderservice] [nio-8082-exec-6] [                                                 ] t.p.B3PropagatorExtractorMultipleHeaders : Invalid TraceId in B3 header: null'. Returning INVALID span context.
2026-08-15T13:13:08.252Z DEBUG 1 --- [orderservice] [nio-8082-exec-6] [                                                 ] t.p.B3PropagatorExtractorMultipleHeaders : Invalid TraceId in B3 header: null'. Returning INVALID span context.
2026-08-15T13:13:08.253Z DEBUG 1 --- [orderservice] [nio-8082-exec-6] [a7e20d4b245c5cb21257d52ce4fb93a0-6ab98730a219eed0] io.opentelemetry.sdk.trace.SdkSpan       : Ignoring setStatus() description since status is not ERROR.
2026-08-15T13:13:08.254Z DEBUG 1 --- [orderservice] [nio-8082-exec-6] [a7e20d4b245c5cb21257d52ce4fb93a0-4ebccab92f9e9687] io.opentelemetry.sdk.trace.SdkSpan       : Ignoring setStatus() description since status is not ERROR.
2026-08-15T13:13:08.266Z DEBUG 1 --- [orderservice] [nio-8082-exec-6] [a7e20d4b245c5cb21257d52ce4fb93a0-4ebccab92f9e9687] io.opentelemetry.sdk.trace.SdkSpan       : Ignoring setStatus() description since status is not ERROR.
2026-08-15T13:13:08.267Z DEBUG 1 --- [orderservice] [nio-8082-exec-6] [a7e20d4b245c5cb21257d52ce4fb93a0-4ebccab92f9e9687] io.opentelemetry.sdk.trace.SdkSpan       : Ignoring setStatus() description since status is not ERROR.
2026-08-15T13:13:10.006Z  INFO 1 --- [orderservice] [   scheduling-1] [2631f96ff1f319c7dc021e44c1d05f0c-58ebb5ecf3b1ecbe] c.j.s.o.jobs.OrderEventsPublishingJob    : Publishing Order Events at 2026-08-15T13:13:10.006087823Z
Hibernate: select oee1_0.id,oee1_0.created_at,oee1_0.event_id,oee1_0.event_type,oee1_0.order_number,oee1_0.payload,oee1_0.updated_at from order_events oee1_0 order by oee1_0.created_at
2026-08-15T13:13:10.010Z  INFO 1 --- [orderservice] [   scheduling-1] [2631f96ff1f319c7dc021e44c1d05f0c-58ebb5ecf3b1ecbe] c.j.s.o.domain.OrderEventService         : Found 0 Order Events to be published
2026-08-15T13:13:10.015Z DEBUG 1 --- [orderservice] [   scheduling-1] [                                                 ] io.opentelemetry.sdk.trace.SdkSpan       : Ignoring setStatus() description since status is not ERROR.
2026-08-15T13:13:10.020Z  INFO 1 --- [orderservice] [   scheduling-1] [a1caa8eac8c10aa38d30adbb2d8f7aa3-994d0883d09b7ff1] c.j.s.o.jobs.OrderProcessingJob          : Processing New Orders at 2026-08-15T13:13:10.020382120Z
Hibernate: select oe1_0.id,oe1_0.comments,oe1_0.created_at,oe1_0.customer_name,oe1_0.customer_email,oe1_0.customer_phone,oe1_0.delivery_address_line1,oe1_0.delivery_address_line2,oe1_0.delivery_address_city,oe1_0.delivery_address_state,oe1_0.delivery_address_zip_code,oe1_0.delivery_address_country,oe1_0.order_number,oe1_0.status,oe1_0.updated_at,oe1_0.username from orders oe1_0 where oe1_0.status=?
2026-08-15T13:13:10.022Z  INFO 1 --- [orderservice] [   scheduling-1] [a1caa8eac8c10aa38d30adbb2d8f7aa3-994d0883d09b7ff1] c.j.s.orderservice.domain.OrderService   : Found 0 new orders to process
2026-08-15T13:13:10.028Z DEBUG 1 --- [orderservice] [   scheduling-1] [                                                 ] io.opentelemetry.sdk.trace.SdkSpan       : Ignoring setStatus() description since status is not ERROR.
2026-08-15T13:13:13.116Z DEBUG 1 --- [orderservice] [_WorkerThread-1] [                                                 ] i.o.sdk.trace.export.BatchSpanProcessor  : Exporter failed
2026-08-15T13:13:13.252Z DEBUG 1 --- [orderservice] [nio-8082-exec-7] [                                                 ] t.p.B3PropagatorExtractorMultipleHeaders : Invalid TraceId in B3 header: null'. Returning INVALID span context.
2026-08-15T13:13:13.252Z DEBUG 1 --- [orderservice] [nio-8082-exec-7] [                                                 ] t.p.B3PropagatorExtractorMultipleHeaders : Invalid TraceId in B3 header: null'. Returning INVALID span context.
2026-08-15T13:13:13.254Z DEBUG 1 --- [orderservice] [nio-8082-exec-7] [f24bb8e50f52d9bde0490c1b12de59b7-131149185e0786af] io.opentelemetry.sdk.trace.SdkSpan       : Ignoring setStatus() description since status is not ERROR.
2026-08-15T13:13:13.254Z DEBUG 1 --- [orderservice] [nio-8082-exec-7] [f24bb8e50f52d9bde0490c1b12de59b7-e821f10eac99d1cd] io.opentelemetry.sdk.trace.SdkSpan       : Ignoring setStatus() description since status is not ERROR.
2026-08-15T13:13:13.263Z DEBUG 1 --- [orderservice] [nio-8082-exec-7] [f24bb8e50f52d9bde0490c1b12de59b7-e821f10eac99d1cd] io.opentelemetry.sdk.trace.SdkSpan       : Ignoring setStatus() description since status is not ERROR.
2026-08-15T13:13:13.263Z DEBUG 1 --- [orderservice] [nio-8082-exec-7] [f24bb8e50f52d9bde0490c1b12de59b7-e821f10eac99d1cd] io.opentelemetry.sdk.trace.SdkSpan       : Ignoring setStatus() description since status is not ERROR.
2026-08-15T13:13:15.007Z  INFO 1 --- [orderservice] [   scheduling-1] [1ee07499e859033b2194ed4f865b76fa-71b0715107d55b33] c.j.s.o.jobs.OrderEventsPublishingJob    : Publishing Order Events at 2026-08-15T13:13:15.007278985Z
Hibernate: select oee1_0.id,oee1_0.created_at,oee1_0.event_id,oee1_0.event_type,oee1_0.order_number,oee1_0.payload,oee1_0.updated_at from order_events oee1_0 order by oee1_0.created_at
2026-08-15T13:13:15.012Z  INFO 1 --- [orderservice] [   scheduling-1] [1ee07499e859033b2194ed4f865b76fa-71b0715107d55b33] c.j.s.o.domain.OrderEventService         : Found 0 Order Events to be published
2026-08-15T13:13:15.018Z DEBUG 1 --- [orderservice] [   scheduling-1] [                                                 ] io.opentelemetry.sdk.trace.SdkSpan       : Ignoring setStatus() description since status is not ERROR.
2026-08-15T13:13:18.127Z DEBUG 1 --- [orderservice] [_WorkerThread-1] [                                                 ] i.o.sdk.trace.export.BatchSpanProcessor  : Exporter failed
2026-08-15T13:13:18.252Z DEBUG 1 --- [orderservice] [nio-8082-exec-5] [                                                 ] t.p.B3PropagatorExtractorMultipleHeaders : Invalid TraceId in B3 header: null'. Returning INVALID span context.
2026-08-15T13:13:18.252Z DEBUG 1 --- [orderservice] [nio-8082-exec-5] [                                                 ] t.p.B3PropagatorExtractorMultipleHeaders : Invalid TraceId in B3 header: null'. Returning INVALID span context.
2026-08-15T13:13:18.253Z DEBUG 1 --- [orderservice] [nio-8082-exec-5] [cb857055eef28540718d48bdf6502595-1898f6cdf3e67e04] io.opentelemetry.sdk.trace.SdkSpan       : Ignoring setStatus() description since status is not ERROR.
2026-08-15T13:13:18.253Z DEBUG 1 --- [orderservice] [nio-8082-exec-5] [cb857055eef28540718d48bdf6502595-c7f2931b23962f3a] io.opentelemetry.sdk.trace.SdkSpan       : Ignoring setStatus() description since status is not ERROR.
2026-08-15T13:13:18.262Z DEBUG 1 --- [orderservice] [nio-8082-exec-5] [cb857055eef28540718d48bdf6502595-c7f2931b23962f3a] io.opentelemetry.sdk.trace.SdkSpan       : Ignoring setStatus() description since status is not ERROR.
2026-08-15T13:13:18.263Z DEBUG 1 --- [orderservice] [nio-8082-exec-5] [cb857055eef28540718d48bdf6502595-c7f2931b23962f3a] io.opentelemetry.sdk.trace.SdkSpan       : Ignoring setStatus() description since status is not ERROR.
2026-08-15T13:13:20.006Z  INFO 1 --- [orderservice] [   scheduling-1] [337c3a4d5c33fe6ca9a03bf21855e395-294972d1dfd1c23b] c.j.s.o.jobs.OrderProcessingJob          : Processing New Orders at 2026-08-15T13:13:20.006979630Z
Hibernate: select oe1_0.id,oe1_0.comments,oe1_0.created_at,oe1_0.customer_name,oe1_0.customer_email,oe1_0.customer_phone,oe1_0.delivery_address_line1,oe1_0.delivery_address_line2,oe1_0.delivery_address_city,oe1_0.delivery_address_state,oe1_0.delivery_address_zip_code,oe1_0.delivery_address_country,oe1_0.order_number,oe1_0.status,oe1_0.updated_at,oe1_0.username from orders oe1_0 where oe1_0.status=?
2026-08-15T13:13:20.009Z  INFO 1 --- [orderservice] [   scheduling-1] [337c3a4d5c33fe6ca9a03bf21855e395-294972d1dfd1c23b] c.j.s.orderservice.domain.OrderService   : Found 0 new orders to process
2026-08-15T13:13:20.015Z DEBUG 1 --- [orderservice] [   scheduling-1] [                                                 ] io.opentelemetry.sdk.trace.SdkSpan       : Ignoring setStatus() description since status is not ERROR.
2026-08-15T13:13:20.020Z  INFO 1 --- [orderservice] [   scheduling-1] [622aab313c04fb46ae4a3e9cea0fa312-2a1395e1619fc3e0] c.j.s.o.jobs.OrderEventsPublishingJob    : Publishing Order Events at 2026-08-15T13:13:20.020374339Z
Hibernate: select oee1_0.id,oee1_0.created_at,oee1_0.event_id,oee1_0.event_type,oee1_0.order_number,oee1_0.payload,oee1_0.updated_at from order_events oee1_0 order by oee1_0.created_at
2026-08-15T13:13:20.024Z  INFO 1 --- [orderservice] [   scheduling-1] [622aab313c04fb46ae4a3e9cea0fa312-2a1395e1619fc3e0] c.j.s.o.domain.OrderEventService         : Found 0 Order Events to be published
2026-08-15T13:13:20.029Z DEBUG 1 --- [orderservice] [   scheduling-1] [                                                 ] io.opentelemetry.sdk.trace.SdkSpan       : Ignoring setStatus() description since status is not ERROR.
2026-08-15T13:13:23.129Z DEBUG 1 --- [orderservice] [_WorkerThread-1] [                                                 ] i.o.sdk.trace.export.BatchSpanProcessor  : Exporter failed
2026-08-15T13:13:23.251Z DEBUG 1 --- [orderservice] [nio-8082-exec-8] [                                                 ] t.p.B3PropagatorExtractorMultipleHeaders : Invalid TraceId in B3 header: null'. Returning INVALID span context.
2026-08-15T13:13:23.251Z DEBUG 1 --- [orderservice] [nio-8082-exec-8] [                                                 ] t.p.B3PropagatorExtractorMultipleHeaders : Invalid TraceId in B3 header: null'. Returning INVALID span context.
2026-08-15T13:13:23.255Z DEBUG 1 --- [orderservice] [nio-8082-exec-8] [12cc785cda49937fbb371289de70cb8d-a748789c0971119d] io.opentelemetry.sdk.trace.SdkSpan       : Ignoring setStatus() description since status is not ERROR.
2026-08-15T13:13:23.256Z DEBUG 1 --- [orderservice] [nio-8082-exec-8] [12cc785cda49937fbb371289de70cb8d-7ce6e1b7e3d6d317] io.opentelemetry.sdk.trace.SdkSpan       : Ignoring setStatus() description since status is not ERROR.
2026-08-15T13:13:23.266Z DEBUG 1 --- [orderservice] [nio-8082-exec-8] [12cc785cda49937fbb371289de70cb8d-7ce6e1b7e3d6d317] io.opentelemetry.sdk.trace.SdkSpan       : Ignoring setStatus() description since status is not ERROR.
2026-08-15T13:13:23.267Z DEBUG 1 --- [orderservice] [nio-8082-exec-8] [12cc785cda49937fbb371289de70cb8d-7ce6e1b7e3d6d317] io.opentelemetry.sdk.trace.SdkSpan       : Ignoring setStatus() description since status is not ERROR.
2026-08-15T13:13:25.004Z  INFO 1 --- [orderservice] [   scheduling-1] [907a623ac75ee11ac7061cd5e487385a-ba59d6c6b99c468f] c.j.s.o.jobs.OrderEventsPublishingJob    : Publishing Order Events at 2026-08-15T13:13:25.004414131Z
Hibernate: select oee1_0.id,oee1_0.created_at,oee1_0.event_id,oee1_0.event_type,oee1_0.order_number,oee1_0.payload,oee1_0.updated_at from order_events oee1_0 order by oee1_0.created_at
2026-08-15T13:13:25.009Z  INFO 1 --- [orderservice] [   scheduling-1] [907a623ac75ee11ac7061cd5e487385a-ba59d6c6b99c468f] c.j.s.o.domain.OrderEventService         : Found 0 Order Events to be published
2026-08-15T13:13:25.015Z DEBUG 1 --- [orderservice] [   scheduling-1] [                                                 ] io.opentelemetry.sdk.trace.SdkSpan       : Ignoring setStatus() description since status is not ERROR.
2026-08-15T13:13:28.133Z DEBUG 1 --- [orderservice] [_WorkerThread-1] [                                                 ] i.o.sdk.trace.export.BatchSpanProcessor  : Exporter failed
2026-08-15T13:13:28.250Z DEBUG 1 --- [orderservice] [nio-8082-exec-9] [                                                 ] t.p.B3PropagatorExtractorMultipleHeaders : Invalid TraceId in B3 header: null'. Returning INVALID span context.
2026-08-15T13:13:28.250Z DEBUG 1 --- [orderservice] [nio-8082-exec-9] [                                                 ] t.p.B3PropagatorExtractorMultipleHeaders : Invalid TraceId in B3 header: null'. Returning INVALID span context.
2026-08-15T13:13:28.251Z DEBUG 1 --- [orderservice] [nio-8082-exec-9] [68f27740fc64b4e4dbc9bae77958f166-272fec552c5b41c8] io.opentelemetry.sdk.trace.SdkSpan       : Ignoring setStatus() description since status is not ERROR.
2026-08-15T13:13:28.252Z DEBUG 1 --- [orderservice] [nio-8082-exec-9] [68f27740fc64b4e4dbc9bae77958f166-bd760c78620e0aab] io.opentelemetry.sdk.trace.SdkSpan       : Ignoring setStatus() description since status is not ERROR.
2026-08-15T13:13:28.260Z DEBUG 1 --- [orderservice] [nio-8082-exec-9] [68f27740fc64b4e4dbc9bae77958f166-bd760c78620e0aab] io.opentelemetry.sdk.trace.SdkSpan       : Ignoring setStatus() description since status is not ERROR.
2026-08-15T13:13:28.261Z DEBUG 1 --- [orderservice] [nio-8082-exec-9] [68f27740fc64b4e4dbc9bae77958f166-bd760c78620e0aab] io.opentelemetry.sdk.trace.SdkSpan       : Ignoring setStatus() description since status is not ERROR.
2026-08-15T13:13:30.004Z  INFO 1 --- [orderservice] [   scheduling-1] [22592b4ddf3a10523781d362ea752ec2-2c42e8543f4e4eef] c.j.s.o.jobs.OrderProcessingJob          : Processing New Orders at 2026-08-15T13:13:30.004399678Z
Hibernate: select oe1_0.id,oe1_0.comments,oe1_0.created_at,oe1_0.customer_name,oe1_0.customer_email,oe1_0.customer_phone,oe1_0.delivery_address_line1,oe1_0.delivery_address_line2,oe1_0.delivery_address_city,oe1_0.delivery_address_state,oe1_0.delivery_address_zip_code,oe1_0.delivery_address_country,oe1_0.order_number,oe1_0.status,oe1_0.updated_at,oe1_0.username from orders oe1_0 where oe1_0.status=?
2026-08-15T13:13:30.007Z  INFO 1 --- [orderservice] [   scheduling-1] [22592b4ddf3a10523781d362ea752ec2-2c42e8543f4e4eef] c.j.s.orderservice.domain.OrderService   : Found 0 new orders to process
2026-08-15T13:13:30.012Z DEBUG 1 --- [orderservice] [   scheduling-1] [                                                 ] io.opentelemetry.sdk.trace.SdkSpan       : Ignoring setStatus() description since status is not ERROR.
2026-08-15T13:13:30.017Z  INFO 1 --- [orderservice] [   scheduling-1] [dd1b05569f6d67e574414b72a72b8902-294ea54a53dcc9b4] c.j.s.o.jobs.OrderEventsPublishingJob    : Publishing Order Events at 2026-08-15T13:13:30.017325228Z
Hibernate: select oee1_0.id,oee1_0.created_at,oee1_0.event_id,oee1_0.event_type,oee1_0.order_number,oee1_0.payload,oee1_0.updated_at from order_events oee1_0 order by oee1_0.created_at
2026-08-15T13:13:30.021Z  INFO 1 --- [orderservice] [   scheduling-1] [dd1b05569f6d67e574414b72a72b8902-294ea54a53dcc9b4] c.j.s.o.domain.OrderEventService         : Found 0 Order Events to be published
2026-08-15T13:13:30.027Z DEBUG 1 --- [orderservice] [   scheduling-1] [                                                 ] io.opentelemetry.sdk.trace.SdkSpan       : Ignoring setStatus() description since status is not ERROR.
2026-08-15T13:13:33.136Z  WARN 1 --- [orderservice] [_WorkerThread-1] [                                                 ] i.o.exporter.zipkin.ZipkinSpanExporter   : Failed to export spans

java.net.ConnectException: Connection refused
	at java.net.http/jdk.internal.net.http.HttpClientImpl.send(Unknown Source) ~[java.net.http:na]
	at java.net.http/jdk.internal.net.http.HttpClientFacade.send(Unknown Source) ~[java.net.http:na]
	at org.springframework.boot.zipkin.autoconfigure.ZipkinHttpClientSender.postSpans(ZipkinHttpClientSender.java:59) ~[spring-boot-zipkin-4.1.0.jar:4.1.0]
	at org.springframework.boot.zipkin.autoconfigure.HttpSender.postSpans(HttpSender.java:69) ~[spring-boot-zipkin-4.1.0.jar:4.1.0]
	at org.springframework.boot.zipkin.autoconfigure.HttpSender.postSpans(HttpSender.java:41) ~[spring-boot-zipkin-4.1.0.jar:4.1.0]
	at zipkin2.reporter.BaseHttpSender.send(BaseHttpSender.java:123) ~[zipkin-reporter-3.5.3.jar:na]
	at io.opentelemetry.exporter.zipkin.ZipkinSpanExporter.lambda$export$0(ZipkinSpanExporter.java:104) ~[opentelemetry-exporter-zipkin-1.62.0.jar:1.62.0]
	at io.opentelemetry.context.Context.lambda$wrap$1(Context.java:241) ~[opentelemetry-context-1.62.0.jar:1.62.0]
	at io.opentelemetry.api.internal.InstrumentationUtil.suppressInstrumentation(InstrumentationUtil.java:28) ~[opentelemetry-api-1.62.0.jar:1.62.0]
	at io.opentelemetry.exporter.zipkin.ZipkinSpanExporter.export(ZipkinSpanExporter.java:101) ~[opentelemetry-exporter-zipkin-1.62.0.jar:1.62.0]
	at io.micrometer.tracing.otel.bridge.CompositeSpanExporter.lambda$export$3(CompositeSpanExporter.java:90) ~[micrometer-tracing-bridge-otel-1.7.0.jar:1.7.0]
	at java.base/java.util.ImmutableCollections$List12.forEach(Unknown Source) ~[na:na]
	at io.micrometer.tracing.otel.bridge.CompositeSpanExporter.export(CompositeSpanExporter.java:90) ~[micrometer-tracing-bridge-otel-1.7.0.jar:1.7.0]
	at io.opentelemetry.sdk.trace.export.BatchSpanProcessor$Worker.exportCurrentBatch(BatchSpanProcessor.java:334) ~[opentelemetry-sdk-trace-1.62.0.jar:1.62.0]
	at io.opentelemetry.sdk.trace.export.BatchSpanProcessor$Worker.run(BatchSpanProcessor.java:235) ~[opentelemetry-sdk-trace-1.62.0.jar:1.62.0]
	at java.base/java.lang.Thread.run(Unknown Source) ~[na:na]
Caused by: java.net.ConnectException: Connection refused
	at java.base/sun.nio.ch.Net.pollConnect(Native Method) ~[na:na]
	at java.base/sun.nio.ch.Net.pollConnectNow(Unknown Source) ~[na:na]
	at java.base/sun.nio.ch.SocketChannelImpl.finishConnect(Unknown Source) ~[na:na]
	at java.net.http/jdk.internal.net.http.PlainHttpConnection$ConnectEvent.handle(Unknown Source) ~[java.net.http:na]
	at java.net.http/jdk.internal.net.http.HttpClientImpl$SelectorManager.handleEvent(Unknown Source) ~[java.net.http:na]
	at java.net.http/jdk.internal.net.http.HttpClientImpl$SelectorManager.lambda$run$3(Unknown Source) ~[java.net.http:na]
	at java.base/java.util.ArrayList.forEach(Unknown Source) ~[na:na]
	at java.net.http/jdk.internal.net.http.HttpClientImpl$SelectorManager.run(Unknown Source) ~[java.net.http:na]
	at java.base/java.lang.VirtualThread.run(Unknown Source) ~[na:na]

2026-08-15T13:13:33.137Z DEBUG 1 --- [orderservice] [_WorkerThread-1] [                                                 ] i.o.sdk.trace.export.BatchSpanProcessor  : Exporter failed
2026-08-15T13:13:33.249Z DEBUG 1 --- [orderservice] [io-8082-exec-10] [                                                 ] t.p.B3PropagatorExtractorMultipleHeaders : Invalid TraceId in B3 header: null'. Returning INVALID span context.
2026-08-15T13:13:33.250Z DEBUG 1 --- [orderservice] [io-8082-exec-10] [                                                 ] t.p.B3PropagatorExtractorMultipleHeaders : Invalid TraceId in B3 header: null'. Returning INVALID span context.
2026-08-15T13:13:33.251Z DEBUG 1 --- [orderservice] [io-8082-exec-10] [7459509e57ee29fb363048f979406083-c0c4d7338897e9db] io.opentelemetry.sdk.trace.SdkSpan       : Ignoring setStatus() description since status is not ERROR.
2026-08-15T13:13:33.251Z DEBUG 1 --- [orderservice] [io-8082-exec-10] [7459509e57ee29fb363048f979406083-2848b3cb386f54c2] io.opentelemetry.sdk.trace.SdkSpan       : Ignoring setStatus() description since status is not ERROR.
2026-08-15T13:13:33.259Z DEBUG 1 --- [orderservice] [io-8082-exec-10] [7459509e57ee29fb363048f979406083-2848b3cb386f54c2] io.opentelemetry.sdk.trace.SdkSpan       : Ignoring setStatus() description since status is not ERROR.
2026-08-15T13:13:33.259Z DEBUG 1 --- [orderservice] [io-8082-exec-10] [7459509e57ee29fb363048f979406083-2848b3cb386f54c2] io.opentelemetry.sdk.trace.SdkSpan       : Ignoring setStatus() description since status is not ERROR.
2026-08-15T13:13:35.005Z  INFO 1 --- [orderservice] [   scheduling-1] [583318abff09e846b2c357336a3c41dd-0806119da09d7177] c.j.s.o.jobs.OrderEventsPublishingJob    : Publishing Order Events at 2026-08-15T13:13:35.005387948Z
Hibernate: select oee1_0.id,oee1_0.created_at,oee1_0.event_id,oee1_0.event_type,oee1_0.order_number,oee1_0.payload,oee1_0.updated_at from order_events oee1_0 order by oee1_0.created_at
2026-08-15T13:13:35.008Z  INFO 1 --- [orderservice] [   scheduling-1] [583318abff09e846b2c357336a3c41dd-0806119da09d7177] c.j.s.o.domain.OrderEventService         : Found 0 Order Events to be published
2026-08-15T13:13:35.013Z DEBUG 1 --- [orderservice] [   scheduling-1] [                                                 ] io.opentelemetry.sdk.trace.SdkSpan       : Ignoring setStatus() description since status is not ERROR.
2026-08-15T13:13:38.140Z DEBUG 1 --- [orderservice] [_WorkerThread-1] [                                                 ] i.o.sdk.trace.export.BatchSpanProcessor  : Exporter failed
2026-08-15T13:13:38.249Z DEBUG 1 --- [orderservice] [nio-8082-exec-1] [                                                 ] t.p.B3PropagatorExtractorMultipleHeaders : Invalid TraceId in B3 header: null'. Returning INVALID span context.
2026-08-15T13:13:38.250Z DEBUG 1 --- [orderservice] [nio-8082-exec-1] [                                                 ] t.p.B3PropagatorExtractorMultipleHeaders : Invalid TraceId in B3 header: null'. Returning INVALID span context.
2026-08-15T13:13:38.251Z DEBUG 1 --- [orderservice] [nio-8082-exec-1] [fb913c341c8e0a8613985d2d4897fdfe-f9d222b487218c71] io.opentelemetry.sdk.trace.SdkSpan       : Ignoring setStatus() description since status is not ERROR.
2026-08-15T13:13:38.251Z DEBUG 1 --- [orderservice] [nio-8082-exec-1] [fb913c341c8e0a8613985d2d4897fdfe-6d9bca3d72bb5c7b] io.opentelemetry.sdk.trace.SdkSpan       : Ignoring setStatus() description since status is not ERROR.
2026-08-15T13:13:38.262Z DEBUG 1 --- [orderservice] [nio-8082-exec-1] [fb913c341c8e0a8613985d2d4897fdfe-6d9bca3d72bb5c7b] io.opentelemetry.sdk.trace.SdkSpan       : Ignoring setStatus() description since status is not ERROR.
2026-08-15T13:13:38.263Z DEBUG 1 --- [orderservice] [nio-8082-exec-1] [fb913c341c8e0a8613985d2d4897fdfe-6d9bca3d72bb5c7b] io.opentelemetry.sdk.trace.SdkSpan       : Ignoring setStatus() description since status is not ERROR.
2026-08-15T13:13:40.006Z  INFO 1 --- [orderservice] [   scheduling-1] [37b28dc0f53c18272563b3ba0ee8ec66-441bf7658aa1cedc] c.j.s.o.jobs.OrderProcessingJob          : Processing New Orders at 2026-08-15T13:13:40.006385789Z
Hibernate: select oe1_0.id,oe1_0.comments,oe1_0.created_at,oe1_0.customer_name,oe1_0.customer_email,oe1_0.customer_phone,oe1_0.delivery_address_line1,oe1_0.delivery_address_line2,oe1_0.delivery_address_city,oe1_0.delivery_address_state,oe1_0.delivery_address_zip_code,oe1_0.delivery_address_country,oe1_0.order_number,oe1_0.status,oe1_0.updated_at,oe1_0.username from orders oe1_0 where oe1_0.status=?
2026-08-15T13:13:40.008Z  INFO 1 --- [orderservice] [   scheduling-1] [37b28dc0f53c18272563b3ba0ee8ec66-441bf7658aa1cedc] c.j.s.orderservice.domain.OrderService   : Found 0 new orders to process
2026-08-15T13:13:40.013Z DEBUG 1 --- [orderservice] [   scheduling-1] [                                                 ] io.opentelemetry.sdk.trace.SdkSpan       : Ignoring setStatus() description since status is not ERROR.
2026-08-15T13:13:40.018Z  INFO 1 --- [orderservice] [   scheduling-1] [2de886c41de8278636c2c0f6069f261b-1261a437c92ca0cc] c.j.s.o.jobs.OrderEventsPublishingJob    : Publishing Order Events at 2026-08-15T13:13:40.018440163Z
Hibernate: select oee1_0.id,oee1_0.created_at,oee1_0.event_id,oee1_0.event_type,oee1_0.order_number,oee1_0.payload,oee1_0.updated_at from order_events oee1_0 order by oee1_0.created_at
2026-08-15T13:13:40.022Z  INFO 1 --- [orderservice] [   scheduling-1] [2de886c41de8278636c2c0f6069f261b-1261a437c92ca0cc] c.j.s.o.domain.OrderEventService         : Found 0 Order Events to be published
2026-08-15T13:13:40.026Z DEBUG 1 --- [orderservice] [   scheduling-1] [                                                 ] io.opentelemetry.sdk.trace.SdkSpan       : Ignoring setStatus() description since status is not ERROR.
2026-08-15T13:13:43.144Z DEBUG 1 --- [orderservice] [_WorkerThread-1] [                                                 ] i.o.sdk.trace.export.BatchSpanProcessor  : Exporter failed
2026-08-15T13:13:43.251Z DEBUG 1 --- [orderservice] [nio-8082-exec-2] [                                                 ] t.p.B3PropagatorExtractorMultipleHeaders : Invalid TraceId in B3 header: null'. Returning INVALID span context.
2026-08-15T13:13:43.251Z DEBUG 1 --- [orderservice] [nio-8082-exec-2] [                                                 ] t.p.B3PropagatorExtractorMultipleHeaders : Invalid TraceId in B3 header: null'. Returning INVALID span context.
2026-08-15T13:13:43.252Z DEBUG 1 --- [orderservice] [nio-8082-exec-2] [2736ac0ae45d281d3b4df39daa185938-a985aded972996cc] io.opentelemetry.sdk.trace.SdkSpan       : Ignoring setStatus() description since status is not ERROR.
2026-08-15T13:13:43.253Z DEBUG 1 --- [orderservice] [nio-8082-exec-2] [2736ac0ae45d281d3b4df39daa185938-bc94aa31b5a11621] io.opentelemetry.sdk.trace.SdkSpan       : Ignoring setStatus() description since status is not ERROR.
2026-08-15T13:13:43.262Z DEBUG 1 --- [orderservice] [nio-8082-exec-2] [2736ac0ae45d281d3b4df39daa185938-bc94aa31b5a11621] io.opentelemetry.sdk.trace.SdkSpan       : Ignoring setStatus() description since status is not ERROR.
2026-08-15T13:13:43.263Z DEBUG 1 --- [orderservice] [nio-8082-exec-2] [2736ac0ae45d281d3b4df39daa185938-bc94aa31b5a11621] io.opentelemetry.sdk.trace.SdkSpan       : Ignoring setStatus() description since status is not ERROR.
2026-08-15T13:13:45.010Z  INFO 1 --- [orderservice] [   scheduling-1] [5ddf7664eed6933f5201d1207a9b7498-0d8d3606a0f5deea] c.j.s.o.jobs.OrderEventsPublishingJob    : Publishing Order Events at 2026-08-15T13:13:45.010183780Z
Hibernate: select oee1_0.id,oee1_0.created_at,oee1_0.event_id,oee1_0.event_type,oee1_0.order_number,oee1_0.payload,oee1_0.updated_at from order_events oee1_0 order by oee1_0.created_at
2026-08-15T13:13:45.015Z  INFO 1 --- [orderservice] [   scheduling-1] [5ddf7664eed6933f5201d1207a9b7498-0d8d3606a0f5deea] c.j.s.o.domain.OrderEventService         : Found 0 Order Events to be published
2026-08-15T13:13:45.021Z DEBUG 1 --- [orderservice] [   scheduling-1] [                                                 ] io.opentelemetry.sdk.trace.SdkSpan       : Ignoring setStatus() description since status is not ERROR.
2026-08-15T13:13:48.148Z DEBUG 1 --- [orderservice] [_WorkerThread-1] [                                                 ] i.o.sdk.trace.export.BatchSpanProcessor  : Exporter failed
2026-08-15T13:13:48.249Z DEBUG 1 --- [orderservice] [nio-8082-exec-3] [                                                 ] t.p.B3PropagatorExtractorMultipleHeaders : Invalid TraceId in B3 header: null'. Returning INVALID span context.
2026-08-15T13:13:48.249Z DEBUG 1 --- [orderservice] [nio-8082-exec-3] [                                                 ] t.p.B3PropagatorExtractorMultipleHeaders : Invalid TraceId in B3 header: null'. Returning INVALID span context.
2026-08-15T13:13:48.250Z DEBUG 1 --- [orderservice] [nio-8082-exec-3] [3a8c3db8e0a340284f966f2010d90bcf-541fbb320249fcf8] io.opentelemetry.sdk.trace.SdkSpan       : Ignoring setStatus() description since status is not ERROR.
2026-08-15T13:13:48.251Z DEBUG 1 --- [orderservice] [nio-8082-exec-3] [3a8c3db8e0a340284f966f2010d90bcf-4531e09b0afa723f] io.opentelemetry.sdk.trace.SdkSpan       : Ignoring setStatus() description since status is not ERROR.
2026-08-15T13:13:48.258Z DEBUG 1 --- [orderservice] [nio-8082-exec-3] [3a8c3db8e0a340284f966f2010d90bcf-4531e09b0afa723f] io.opentelemetry.sdk.trace.SdkSpan       : Ignoring setStatus() description since status is not ERROR.
2026-08-15T13:13:48.259Z DEBUG 1 --- [orderservice] [nio-8082-exec-3] [3a8c3db8e0a340284f966f2010d90bcf-4531e09b0afa723f] io.opentelemetry.sdk.trace.SdkSpan       : Ignoring setStatus() description since status is not ERROR.
2026-08-15T13:13:50.007Z  INFO 1 --- [orderservice] [   scheduling-1] [937b360314c8ea3aac0b34ab07c7e869-0256bd4808b91fde] c.j.s.o.jobs.OrderEventsPublishingJob    : Publishing Order Events at 2026-08-15T13:13:50.007165597Z
Hibernate: select oee1_0.id,oee1_0.created_at,oee1_0.event_id,oee1_0.event_type,oee1_0.order_number,oee1_0.payload,oee1_0.updated_at from order_events oee1_0 order by oee1_0.created_at
2026-08-15T13:13:50.011Z  INFO 1 --- [orderservice] [   scheduling-1] [937b360314c8ea3aac0b34ab07c7e869-0256bd4808b91fde] c.j.s.o.domain.OrderEventService         : Found 0 Order Events to be published
2026-08-15T13:13:50.016Z DEBUG 1 --- [orderservice] [   scheduling-1] [                                                 ] io.opentelemetry.sdk.trace.SdkSpan       : Ignoring setStatus() description since status is not ERROR.
2026-08-15T13:13:50.021Z  INFO 1 --- [orderservice] [   scheduling-1] [8002cbd4d2f58405498f43602f504600-dac37dbc0524eb41] c.j.s.o.jobs.OrderProcessingJob          : Processing New Orders at 2026-08-15T13:13:50.021784571Z
Hibernate: select oe1_0.id,oe1_0.comments,oe1_0.created_at,oe1_0.customer_name,oe1_0.customer_email,oe1_0.customer_phone,oe1_0.delivery_address_line1,oe1_0.delivery_address_line2,oe1_0.delivery_address_city,oe1_0.delivery_address_state,oe1_0.delivery_address_zip_code,oe1_0.delivery_address_country,oe1_0.order_number,oe1_0.status,oe1_0.updated_at,oe1_0.username from orders oe1_0 where oe1_0.status=?
2026-08-15T13:13:50.024Z  INFO 1 --- [orderservice] [   scheduling-1] [8002cbd4d2f58405498f43602f504600-dac37dbc0524eb41] c.j.s.orderservice.domain.OrderService   : Found 0 new orders to process
2026-08-15T13:13:50.029Z DEBUG 1 --- [orderservice] [   scheduling-1] [                                                 ] io.opentelemetry.sdk.trace.SdkSpan       : Ignoring setStatus() description since status is not ERROR.
2026-08-15T13:13:53.149Z DEBUG 1 --- [orderservice] [_WorkerThread-1] [                                                 ] i.o.sdk.trace.export.BatchSpanProcessor  : Exporter failed
2026-08-15T13:13:53.247Z DEBUG 1 --- [orderservice] [nio-8082-exec-4] [                                                 ] t.p.B3PropagatorExtractorMultipleHeaders : Invalid TraceId in B3 header: null'. Returning INVALID span context.
2026-08-15T13:13:53.247Z DEBUG 1 --- [orderservice] [nio-8082-exec-4] [                                                 ] t.p.B3PropagatorExtractorMultipleHeaders : Invalid TraceId in B3 header: null'. Returning INVALID span context.
2026-08-15T13:13:53.248Z DEBUG 1 --- [orderservice] [nio-8082-exec-4] [063ae0bf2e6cb78b22d2b62833673f4b-971f581cfb71ac0b] io.opentelemetry.sdk.trace.SdkSpan       : Ignoring setStatus() description since status is not ERROR.
2026-08-15T13:13:53.248Z DEBUG 1 --- [orderservice] [nio-8082-exec-4] [063ae0bf2e6cb78b22d2b62833673f4b-ca22c650d39b3b6a] io.opentelemetry.sdk.trace.SdkSpan       : Ignoring setStatus() description since status is not ERROR.
2026-08-15T13:13:53.255Z DEBUG 1 --- [orderservice] [nio-8082-exec-4] [063ae0bf2e6cb78b22d2b62833673f4b-ca22c650d39b3b6a] io.opentelemetry.sdk.trace.SdkSpan       : Ignoring setStatus() description since status is not ERROR.
2026-08-15T13:13:53.255Z DEBUG 1 --- [orderservice] [nio-8082-exec-4] [063ae0bf2e6cb78b22d2b62833673f4b-ca22c650d39b3b6a] io.opentelemetry.sdk.trace.SdkSpan       : Ignoring setStatus() description since status is not ERROR.
2026-08-15T13:13:55.004Z  INFO 1 --- [orderservice] [   scheduling-1] [d5402b844d69df8f1d8ed121036cd844-ea5e22d4956a5758] c.j.s.o.jobs.OrderEventsPublishingJob    : Publishing Order Events at 2026-08-15T13:13:55.004574105Z
Hibernate: select oee1_0.id,oee1_0.created_at,oee1_0.event_id,oee1_0.event_type,oee1_0.order_number,oee1_0.payload,oee1_0.updated_at from order_events oee1_0 order by oee1_0.created_at
2026-08-15T13:13:55.008Z  INFO 1 --- [orderservice] [   scheduling-1] [d5402b844d69df8f1d8ed121036cd844-ea5e22d4956a5758] c.j.s.o.domain.OrderEventService         : Found 0 Order Events to be published
2026-08-15T13:13:55.014Z DEBUG 1 --- [orderservice] [   scheduling-1] [                                                 ] io.opentelemetry.sdk.trace.SdkSpan       : Ignoring setStatus() description since status is not ERROR.
2026-08-15T13:13:58.156Z DEBUG 1 --- [orderservice] [_WorkerThread-1] [                                                 ] i.o.sdk.trace.export.BatchSpanProcessor  : Exporter failed
2026-08-15T13:13:58.247Z DEBUG 1 --- [orderservice] [nio-8082-exec-6] [                                                 ] t.p.B3PropagatorExtractorMultipleHeaders : Invalid TraceId in B3 header: null'. Returning INVALID span context.
2026-08-15T13:13:58.247Z DEBUG 1 --- [orderservice] [nio-8082-exec-6] [                                                 ] t.p.B3PropagatorExtractorMultipleHeaders : Invalid TraceId in B3 header: null'. Returning INVALID span context.
2026-08-15T13:13:58.248Z DEBUG 1 --- [orderservice] [nio-8082-exec-6] [658cc69bd168c11bf747bde935b2da3e-f884427ec850362d] io.opentelemetry.sdk.trace.SdkSpan       : Ignoring setStatus() description since status is not ERROR.
2026-08-15T13:13:58.249Z DEBUG 1 --- [orderservice] [nio-8082-exec-6] [658cc69bd168c11bf747bde935b2da3e-65d26d73c118f63c] io.opentelemetry.sdk.trace.SdkSpan       : Ignoring setStatus() description since status is not ERROR.
2026-08-15T13:13:58.256Z DEBUG 1 --- [orderservice] [nio-8082-exec-6] [658cc69bd168c11bf747bde935b2da3e-65d26d73c118f63c] io.opentelemetry.sdk.trace.SdkSpan       : Ignoring setStatus() description since status is not ERROR.
2026-08-15T13:13:58.257Z DEBUG 1 --- [orderservice] [nio-8082-exec-6] [658cc69bd168c11bf747bde935b2da3e-65d26d73c118f63c] io.opentelemetry.sdk.trace.SdkSpan       : Ignoring setStatus() description since status is not ERROR.
2026-08-15T13:14:00.004Z  INFO 1 --- [orderservice] [   scheduling-1] [3c196c943414a67132391189a15bdb89-9832c98508623291] c.j.s.o.jobs.OrderProcessingJob          : Processing New Orders at 2026-08-15T13:14:00.004832653Z
Hibernate: select oe1_0.id,oe1_0.comments,oe1_0.created_at,oe1_0.customer_name,oe1_0.customer_email,oe1_0.customer_phone,oe1_0.delivery_address_line1,oe1_0.delivery_address_line2,oe1_0.delivery_address_city,oe1_0.delivery_address_state,oe1_0.delivery_address_zip_code,oe1_0.delivery_address_country,oe1_0.order_number,oe1_0.status,oe1_0.updated_at,oe1_0.username from orders oe1_0 where oe1_0.status=?
2026-08-15T13:14:00.008Z  INFO 1 --- [orderservice] [   scheduling-1] [3c196c943414a67132391189a15bdb89-9832c98508623291] c.j.s.orderservice.domain.OrderService   : Found 0 new orders to process
2026-08-15T13:14:00.014Z DEBUG 1 --- [orderservice] [   scheduling-1] [                                                 ] io.opentelemetry.sdk.trace.SdkSpan       : Ignoring setStatus() description since status is not ERROR.
2026-08-15T13:14:00.019Z  INFO 1 --- [orderservice] [   scheduling-1] [1f4109933ae006ab589ebf2777bc7e90-ab96bed007fb02c0] c.j.s.o.jobs.OrderEventsPublishingJob    : Publishing Order Events at 2026-08-15T13:14:00.019440034Z
Hibernate: select oee1_0.id,oee1_0.created_at,oee1_0.event_id,oee1_0.event_type,oee1_0.order_number,oee1_0.payload,oee1_0.updated_at from order_events oee1_0 order by oee1_0.created_at
2026-08-15T13:14:00.023Z  INFO 1 --- [orderservice] [   scheduling-1] [1f4109933ae006ab589ebf2777bc7e90-ab96bed007fb02c0] c.j.s.o.domain.OrderEventService         : Found 0 Order Events to be published
2026-08-15T13:14:00.028Z DEBUG 1 --- [orderservice] [   scheduling-1] [                                                 ] io.opentelemetry.sdk.trace.SdkSpan       : Ignoring setStatus() description since status is not ERROR.
2026-08-15T13:14:00.459Z DEBUG 1 --- [orderservice] [nio-8082-exec-7] [                                                 ] t.p.B3PropagatorExtractorMultipleHeaders : Invalid TraceId in B3 header: null'. Returning INVALID span context.
2026-08-15T13:14:00.459Z DEBUG 1 --- [orderservice] [nio-8082-exec-7] [                                                 ] t.p.B3PropagatorExtractorMultipleHeaders : Invalid TraceId in B3 header: null'. Returning INVALID span context.
2026-08-15T13:14:00.461Z DEBUG 1 --- [orderservice] [nio-8082-exec-7] [6da404233e48f3e071973b2e8b246234-55356ea4a84829e5] io.opentelemetry.sdk.trace.SdkSpan       : Ignoring setStatus() description since status is not ERROR.
2026-08-15T13:14:00.461Z DEBUG 1 --- [orderservice] [nio-8082-exec-7] [6da404233e48f3e071973b2e8b246234-b6f98db380272ea7] io.opentelemetry.sdk.trace.SdkSpan       : Ignoring setStatus() description since status is not ERROR.
2026-08-15T13:14:00.776Z DEBUG 1 --- [orderservice] [nio-8082-exec-7] [6da404233e48f3e071973b2e8b246234-b6f98db380272ea7] io.opentelemetry.sdk.trace.SdkSpan       : Ignoring setStatus() description since status is not ERROR.
2026-08-15T13:14:00.777Z DEBUG 1 --- [orderservice] [nio-8082-exec-7] [6da404233e48f3e071973b2e8b246234-b6f98db380272ea7] io.opentelemetry.sdk.trace.SdkSpan       : Ignoring setStatus() description since status is not ERROR.
2026-08-15T13:14:03.161Z DEBUG 1 --- [orderservice] [_WorkerThread-1] [                                                 ] i.o.sdk.trace.export.BatchSpanProcessor  : Exporter failed
2026-08-15T13:14:03.247Z DEBUG 1 --- [orderservice] [nio-8082-exec-5] [                                                 ] t.p.B3PropagatorExtractorMultipleHeaders : Invalid TraceId in B3 header: null'. Returning INVALID span context.
2026-08-15T13:14:03.248Z DEBUG 1 --- [orderservice] [nio-8082-exec-5] [                                                 ] t.p.B3PropagatorExtractorMultipleHeaders : Invalid TraceId in B3 header: null'. Returning INVALID span context.
2026-08-15T13:14:03.250Z DEBUG 1 --- [orderservice] [nio-8082-exec-5] [c6af745574c0089bbff8e85d1a259ebb-4e46b0b0507ee558] io.opentelemetry.sdk.trace.SdkSpan       : Ignoring setStatus() description since status is not ERROR.
2026-08-15T13:14:03.251Z DEBUG 1 --- [orderservice] [nio-8082-exec-5] [c6af745574c0089bbff8e85d1a259ebb-c89cee019192b752] io.opentelemetry.sdk.trace.SdkSpan       : Ignoring setStatus() description since status is not ERROR.
2026-08-15T13:14:03.263Z DEBUG 1 --- [orderservice] [nio-8082-exec-5] [c6af745574c0089bbff8e85d1a259ebb-c89cee019192b752] io.opentelemetry.sdk.trace.SdkSpan       : Ignoring setStatus() description since status is not ERROR.
2026-08-15T13:14:03.263Z DEBUG 1 --- [orderservice] [nio-8082-exec-5] [c6af745574c0089bbff8e85d1a259ebb-c89cee019192b752] io.opentelemetry.sdk.trace.SdkSpan       : Ignoring setStatus() description since status is not ERROR.
2026-08-15T13:14:05.007Z  INFO 1 --- [orderservice] [   scheduling-1] [4c73997eb848fc395e04b467f8b9a7be-a9141f2ef62e5514] c.j.s.o.jobs.OrderEventsPublishingJob    : Publishing Order Events at 2026-08-15T13:14:05.007078981Z
Hibernate: select oee1_0.id,oee1_0.created_at,oee1_0.event_id,oee1_0.event_type,oee1_0.order_number,oee1_0.payload,oee1_0.updated_at from order_events oee1_0 order by oee1_0.created_at
2026-08-15T13:14:05.012Z  INFO 1 --- [orderservice] [   scheduling-1] [4c73997eb848fc395e04b467f8b9a7be-a9141f2ef62e5514] c.j.s.o.domain.OrderEventService         : Found 0 Order Events to be published
2026-08-15T13:14:05.017Z DEBUG 1 --- [orderservice] [   scheduling-1] [                                                 ] io.opentelemetry.sdk.trace.SdkSpan       : Ignoring setStatus() description since status is not ERROR.
2026-08-15T13:14:08.165Z DEBUG 1 --- [orderservice] [_WorkerThread-1] [                                                 ] i.o.sdk.trace.export.BatchSpanProcessor  : Exporter failed
2026-08-15T13:14:08.247Z DEBUG 1 --- [orderservice] [nio-8082-exec-8] [                                                 ] t.p.B3PropagatorExtractorMultipleHeaders : Invalid TraceId in B3 header: null'. Returning INVALID span context.
2026-08-15T13:14:08.247Z DEBUG 1 --- [orderservice] [nio-8082-exec-8] [                                                 ] t.p.B3PropagatorExtractorMultipleHeaders : Invalid TraceId in B3 header: null'. Returning INVALID span context.
2026-08-15T13:14:08.249Z DEBUG 1 --- [orderservice] [nio-8082-exec-8] [c683136615ab8a07ef557ae7b82c1011-7f4c3795ecb3096a] io.opentelemetry.sdk.trace.SdkSpan       : Ignoring setStatus() description since status is not ERROR.
2026-08-15T13:14:08.249Z DEBUG 1 --- [orderservice] [nio-8082-exec-8] [c683136615ab8a07ef557ae7b82c1011-a801a7caedd570bb] io.opentelemetry.sdk.trace.SdkSpan       : Ignoring setStatus() description since status is not ERROR.
2026-08-15T13:14:08.256Z DEBUG 1 --- [orderservice] [nio-8082-exec-8] [c683136615ab8a07ef557ae7b82c1011-a801a7caedd570bb] io.opentelemetry.sdk.trace.SdkSpan       : Ignoring setStatus() description since status is not ERROR.
2026-08-15T13:14:08.257Z DEBUG 1 --- [orderservice] [nio-8082-exec-8] [c683136615ab8a07ef557ae7b82c1011-a801a7caedd570bb] io.opentelemetry.sdk.trace.SdkSpan       : Ignoring setStatus() description since status is not ERROR.
2026-08-15T13:14:10.006Z  INFO 1 --- [orderservice] [   scheduling-1] [6ab9e3bf246a600e5ccf89208b4f3005-53cb177f3bb587fb] c.j.s.o.jobs.OrderEventsPublishingJob    : Publishing Order Events at 2026-08-15T13:14:10.006139437Z
Hibernate: select oee1_0.id,oee1_0.created_at,oee1_0.event_id,oee1_0.event_type,oee1_0.order_number,oee1_0.payload,oee1_0.updated_at from order_events oee1_0 order by oee1_0.created_at
2026-08-15T13:14:10.009Z  INFO 1 --- [orderservice] [   scheduling-1] [6ab9e3bf246a600e5ccf89208b4f3005-53cb177f3bb587fb] c.j.s.o.domain.OrderEventService         : Found 0 Order Events to be published
2026-08-15T13:14:10.014Z DEBUG 1 --- [orderservice] [   scheduling-1] [                                                 ] io.opentelemetry.sdk.trace.SdkSpan       : Ignoring setStatus() description since status is not ERROR.
2026-08-15T13:14:10.019Z  INFO 1 --- [orderservice] [   scheduling-1] [b364e2f970ed25b04d03627cefaf69a3-e06b4bf486c4a30c] c.j.s.o.jobs.OrderProcessingJob          : Processing New Orders at 2026-08-15T13:14:10.019352203Z
Hibernate: select oe1_0.id,oe1_0.comments,oe1_0.created_at,oe1_0.customer_name,oe1_0.customer_email,oe1_0.customer_phone,oe1_0.delivery_address_line1,oe1_0.delivery_address_line2,oe1_0.delivery_address_city,oe1_0.delivery_address_state,oe1_0.delivery_address_zip_code,oe1_0.delivery_address_country,oe1_0.order_number,oe1_0.status,oe1_0.updated_at,oe1_0.username from orders oe1_0 where oe1_0.status=?
2026-08-15T13:14:10.022Z  INFO 1 --- [orderservice] [   scheduling-1] [b364e2f970ed25b04d03627cefaf69a3-e06b4bf486c4a30c] c.j.s.orderservice.domain.OrderService   : Found 0 new orders to process
2026-08-15T13:14:10.028Z DEBUG 1 --- [orderservice] [   scheduling-1] [                                                 ] io.opentelemetry.sdk.trace.SdkSpan       : Ignoring setStatus() description since status is not ERROR.
2026-08-15T13:14:13.168Z DEBUG 1 --- [orderservice] [_WorkerThread-1] [                                                 ] i.o.sdk.trace.export.BatchSpanProcessor  : Exporter failed
2026-08-15T13:14:13.248Z DEBUG 1 --- [orderservice] [nio-8082-exec-9] [                                                 ] t.p.B3PropagatorExtractorMultipleHeaders : Invalid TraceId in B3 header: null'. Returning INVALID span context.
2026-08-15T13:14:13.248Z DEBUG 1 --- [orderservice] [nio-8082-exec-9] [                                                 ] t.p.B3PropagatorExtractorMultipleHeaders : Invalid TraceId in B3 header: null'. Returning INVALID span context.
2026-08-15T13:14:13.250Z DEBUG 1 --- [orderservice] [nio-8082-exec-9] [7dd91bb4199939e1b79259e0d434f1ee-ca9402ede8c9a694] io.opentelemetry.sdk.trace.SdkSpan       : Ignoring setStatus() description since status is not ERROR.
2026-08-15T13:14:13.250Z DEBUG 1 --- [orderservice] [nio-8082-exec-9] [7dd91bb4199939e1b79259e0d434f1ee-37ac2ab7071a5e8b] io.opentelemetry.sdk.trace.SdkSpan       : Ignoring setStatus() description since status is not ERROR.
2026-08-15T13:14:13.265Z DEBUG 1 --- [orderservice] [nio-8082-exec-9] [7dd91bb4199939e1b79259e0d434f1ee-37ac2ab7071a5e8b] io.opentelemetry.sdk.trace.SdkSpan       : Ignoring setStatus() description since status is not ERROR.
2026-08-15T13:14:13.265Z DEBUG 1 --- [orderservice] [nio-8082-exec-9] [7dd91bb4199939e1b79259e0d434f1ee-37ac2ab7071a5e8b] io.opentelemetry.sdk.trace.SdkSpan       : Ignoring setStatus() description since status is not ERROR.
2026-08-15T13:14:15.007Z  INFO 1 --- [orderservice] [   scheduling-1] [8d95ee28051a429c7a94b95983b3c671-97ab0fa2fc4eac84] c.j.s.o.jobs.OrderEventsPublishingJob    : Publishing Order Events at 2026-08-15T13:14:15.007130397Z
Hibernate: select oee1_0.id,oee1_0.created_at,oee1_0.event_id,oee1_0.event_type,oee1_0.order_number,oee1_0.payload,oee1_0.updated_at from order_events oee1_0 order by oee1_0.created_at
2026-08-15T13:14:15.012Z  INFO 1 --- [orderservice] [   scheduling-1] [8d95ee28051a429c7a94b95983b3c671-97ab0fa2fc4eac84] c.j.s.o.domain.OrderEventService         : Found 0 Order Events to be published
2026-08-15T13:14:15.017Z DEBUG 1 --- [orderservice] [   scheduling-1] [                                                 ] io.opentelemetry.sdk.trace.SdkSpan       : Ignoring setStatus() description since status is not ERROR.
2026-08-15T13:14:18.176Z DEBUG 1 --- [orderservice] [_WorkerThread-1] [                                                 ] i.o.sdk.trace.export.BatchSpanProcessor  : Exporter failed
2026-08-15T13:14:18.247Z DEBUG 1 --- [orderservice] [io-8082-exec-10] [                                                 ] t.p.B3PropagatorExtractorMultipleHeaders : Invalid TraceId in B3 header: null'. Returning INVALID span context.
2026-08-15T13:14:18.247Z DEBUG 1 --- [orderservice] [io-8082-exec-10] [                                                 ] t.p.B3PropagatorExtractorMultipleHeaders : Invalid TraceId in B3 header: null'. Returning INVALID span context.
2026-08-15T13:14:18.248Z DEBUG 1 --- [orderservice] [io-8082-exec-10] [7d3647c7add2ed90f7a1174fe0b007a4-6b8d31bb46bd9f35] io.opentelemetry.sdk.trace.SdkSpan       : Ignoring setStatus() description since status is not ERROR.
2026-08-15T13:14:18.248Z DEBUG 1 --- [orderservice] [io-8082-exec-10] [7d3647c7add2ed90f7a1174fe0b007a4-562e88e989662bff] io.opentelemetry.sdk.trace.SdkSpan       : Ignoring setStatus() description since status is not ERROR.
2026-08-15T13:14:18.256Z DEBUG 1 --- [orderservice] [io-8082-exec-10] [7d3647c7add2ed90f7a1174fe0b007a4-562e88e989662bff] io.opentelemetry.sdk.trace.SdkSpan       : Ignoring setStatus() description since status is not ERROR.
2026-08-15T13:14:18.257Z DEBUG 1 --- [orderservice] [io-8082-exec-10] [7d3647c7add2ed90f7a1174fe0b007a4-562e88e989662bff] io.opentelemetry.sdk.trace.SdkSpan       : Ignoring setStatus() description since status is not ERROR.
2026-08-15T13:14:20.006Z  INFO 1 --- [orderservice] [   scheduling-1] [e233a8c1713670e870735ae9572f3c88-d12957cfe8f6ac23] c.j.s.o.jobs.OrderProcessingJob          : Processing New Orders at 2026-08-15T13:14:20.006736028Z
Hibernate: select oe1_0.id,oe1_0.comments,oe1_0.created_at,oe1_0.customer_name,oe1_0.customer_email,oe1_0.customer_phone,oe1_0.delivery_address_line1,oe1_0.delivery_address_line2,oe1_0.delivery_address_city,oe1_0.delivery_address_state,oe1_0.delivery_address_zip_code,oe1_0.delivery_address_country,oe1_0.order_number,oe1_0.status,oe1_0.updated_at,oe1_0.username from orders oe1_0 where oe1_0.status=?
2026-08-15T13:14:20.009Z  INFO 1 --- [orderservice] [   scheduling-1] [e233a8c1713670e870735ae9572f3c88-d12957cfe8f6ac23] c.j.s.orderservice.domain.OrderService   : Found 0 new orders to process
2026-08-15T13:14:20.014Z DEBUG 1 --- [orderservice] [   scheduling-1] [                                                 ] io.opentelemetry.sdk.trace.SdkSpan       : Ignoring setStatus() description since status is not ERROR.
2026-08-15T13:14:20.019Z  INFO 1 --- [orderservice] [   scheduling-1] [95eaea22a0cae1298692e96b0c51ff64-8cd7731e1f7e644b] c.j.s.o.jobs.OrderEventsPublishingJob    : Publishing Order Events at 2026-08-15T13:14:20.019718515Z
Hibernate: select oee1_0.id,oee1_0.created_at,oee1_0.event_id,oee1_0.event_type,oee1_0.order_number,oee1_0.payload,oee1_0.updated_at from order_events oee1_0 order by oee1_0.created_at
2026-08-15T13:14:20.023Z  INFO 1 --- [orderservice] [   scheduling-1] [95eaea22a0cae1298692e96b0c51ff64-8cd7731e1f7e644b] c.j.s.o.domain.OrderEventService         : Found 0 Order Events to be published
2026-08-15T13:14:20.028Z DEBUG 1 --- [orderservice] [   scheduling-1] [                                                 ] io.opentelemetry.sdk.trace.SdkSpan       : Ignoring setStatus() description since status is not ERROR.
2026-08-15T13:14:23.182Z DEBUG 1 --- [orderservice] [_WorkerThread-1] [                                                 ] i.o.sdk.trace.export.BatchSpanProcessor  : Exporter failed
2026-08-15T13:14:23.245Z DEBUG 1 --- [orderservice] [nio-8082-exec-1] [                                                 ] t.p.B3PropagatorExtractorMultipleHeaders : Invalid TraceId in B3 header: null'. Returning INVALID span context.
2026-08-15T13:14:23.245Z DEBUG 1 --- [orderservice] [nio-8082-exec-1] [                                                 ] t.p.B3PropagatorExtractorMultipleHeaders : Invalid TraceId in B3 header: null'. Returning INVALID span context.
2026-08-15T13:14:23.246Z DEBUG 1 --- [orderservice] [nio-8082-exec-1] [ebd5410f6d108acf4c110879aed8fb16-785e59793dc89f42] io.opentelemetry.sdk.trace.SdkSpan       : Ignoring setStatus() description since status is not ERROR.
2026-08-15T13:14:23.246Z DEBUG 1 --- [orderservice] [nio-8082-exec-1] [ebd5410f6d108acf4c110879aed8fb16-9702eaf61aa1c8d4] io.opentelemetry.sdk.trace.SdkSpan       : Ignoring setStatus() description since status is not ERROR.
2026-08-15T13:14:23.253Z DEBUG 1 --- [orderservice] [nio-8082-exec-1] [ebd5410f6d108acf4c110879aed8fb16-9702eaf61aa1c8d4] io.opentelemetry.sdk.trace.SdkSpan       : Ignoring setStatus() description since status is not ERROR.
2026-08-15T13:14:23.253Z DEBUG 1 --- [orderservice] [nio-8082-exec-1] [ebd5410f6d108acf4c110879aed8fb16-9702eaf61aa1c8d4] io.opentelemetry.sdk.trace.SdkSpan       : Ignoring setStatus() description since status is not ERROR.
2026-08-15T13:14:25.007Z  INFO 1 --- [orderservice] [   scheduling-1] [eece2850df894159d204e933ef2a7f00-0f3e5281fa6a4d51] c.j.s.o.jobs.OrderEventsPublishingJob    : Publishing Order Events at 2026-08-15T13:14:25.007083632Z
Hibernate: select oee1_0.id,oee1_0.created_at,oee1_0.event_id,oee1_0.event_type,oee1_0.order_number,oee1_0.payload,oee1_0.updated_at from order_events oee1_0 order by oee1_0.created_at
2026-08-15T13:14:25.015Z  INFO 1 --- [orderservice] [   scheduling-1] [eece2850df894159d204e933ef2a7f00-0f3e5281fa6a4d51] c.j.s.o.domain.OrderEventService         : Found 0 Order Events to be published
2026-08-15T13:14:25.023Z DEBUG 1 --- [orderservice] [   scheduling-1] [                                                 ] io.opentelemetry.sdk.trace.SdkSpan       : Ignoring setStatus() description since status is not ERROR.
2026-08-15T13:14:28.186Z DEBUG 1 --- [orderservice] [_WorkerThread-1] [                                                 ] i.o.sdk.trace.export.BatchSpanProcessor  : Exporter failed
2026-08-15T13:14:28.245Z DEBUG 1 --- [orderservice] [nio-8082-exec-2] [                                                 ] t.p.B3PropagatorExtractorMultipleHeaders : Invalid TraceId in B3 header: null'. Returning INVALID span context.
2026-08-15T13:14:28.245Z DEBUG 1 --- [orderservice] [nio-8082-exec-2] [                                                 ] t.p.B3PropagatorExtractorMultipleHeaders : Invalid TraceId in B3 header: null'. Returning INVALID span context.
2026-08-15T13:14:28.247Z DEBUG 1 --- [orderservice] [nio-8082-exec-2] [c0cd870e5afc33c7f464b16bf8e5e96a-4824247e64e2d4ea] io.opentelemetry.sdk.trace.SdkSpan       : Ignoring setStatus() description since status is not ERROR.
2026-08-15T13:14:28.248Z DEBUG 1 --- [orderservice] [nio-8082-exec-2] [c0cd870e5afc33c7f464b16bf8e5e96a-d74190d5fdc8bdac] io.opentelemetry.sdk.trace.SdkSpan       : Ignoring setStatus() description since status is not ERROR.
2026-08-15T13:14:28.258Z DEBUG 1 --- [orderservice] [nio-8082-exec-2] [c0cd870e5afc33c7f464b16bf8e5e96a-d74190d5fdc8bdac] io.opentelemetry.sdk.trace.SdkSpan       : Ignoring setStatus() description since status is not ERROR.
2026-08-15T13:14:28.258Z DEBUG 1 --- [orderservice] [nio-8082-exec-2] [c0cd870e5afc33c7f464b16bf8e5e96a-d74190d5fdc8bdac] io.opentelemetry.sdk.trace.SdkSpan       : Ignoring setStatus() description since status is not ERROR.
2026-08-15T13:14:30.003Z  INFO 1 --- [orderservice] [   scheduling-1] [c0026d6930175f3fa004f48b69a01404-5277417e11e6032b] c.j.s.o.jobs.OrderProcessingJob          : Processing New Orders at 2026-08-15T13:14:30.003365032Z
Hibernate: select oe1_0.id,oe1_0.comments,oe1_0.created_at,oe1_0.customer_name,oe1_0.customer_email,oe1_0.customer_phone,oe1_0.delivery_address_line1,oe1_0.delivery_address_line2,oe1_0.delivery_address_city,oe1_0.delivery_address_state,oe1_0.delivery_address_zip_code,oe1_0.delivery_address_country,oe1_0.order_number,oe1_0.status,oe1_0.updated_at,oe1_0.username from orders oe1_0 where oe1_0.status=?
2026-08-15T13:14:30.005Z  INFO 1 --- [orderservice] [   scheduling-1] [c0026d6930175f3fa004f48b69a01404-5277417e11e6032b] c.j.s.orderservice.domain.OrderService   : Found 0 new orders to process
2026-08-15T13:14:30.011Z DEBUG 1 --- [orderservice] [   scheduling-1] [                                                 ] io.opentelemetry.sdk.trace.SdkSpan       : Ignoring setStatus() description since status is not ERROR.
2026-08-15T13:14:30.016Z  INFO 1 --- [orderservice] [   scheduling-1] [cd6b7300d06af1a3df68d9c7a327f6f3-b85258bfa168c2a9] c.j.s.o.jobs.OrderEventsPublishingJob    : Publishing Order Events at 2026-08-15T13:14:30.016061551Z
Hibernate: select oee1_0.id,oee1_0.created_at,oee1_0.event_id,oee1_0.event_type,oee1_0.order_number,oee1_0.payload,oee1_0.updated_at from order_events oee1_0 order by oee1_0.created_at
2026-08-15T13:14:30.019Z  INFO 1 --- [orderservice] [   scheduling-1] [cd6b7300d06af1a3df68d9c7a327f6f3-b85258bfa168c2a9] c.j.s.o.domain.OrderEventService         : Found 0 Order Events to be published
2026-08-15T13:14:30.024Z DEBUG 1 --- [orderservice] [   scheduling-1] [                                                 ] io.opentelemetry.sdk.trace.SdkSpan       : Ignoring setStatus() description since status is not ERROR.
2026-08-15T13:14:33.192Z  WARN 1 --- [orderservice] [_WorkerThread-1] [                                                 ] i.o.exporter.zipkin.ZipkinSpanExporter   : Failed to export spans

java.net.ConnectException: Connection refused
	at java.net.http/jdk.internal.net.http.HttpClientImpl.send(Unknown Source) ~[java.net.http:na]
	at java.net.http/jdk.internal.net.http.HttpClientFacade.send(Unknown Source) ~[java.net.http:na]
	at org.springframework.boot.zipkin.autoconfigure.ZipkinHttpClientSender.postSpans(ZipkinHttpClientSender.java:59) ~[spring-boot-zipkin-4.1.0.jar:4.1.0]
	at org.springframework.boot.zipkin.autoconfigure.HttpSender.postSpans(HttpSender.java:69) ~[spring-boot-zipkin-4.1.0.jar:4.1.0]
	at org.springframework.boot.zipkin.autoconfigure.HttpSender.postSpans(HttpSender.java:41) ~[spring-boot-zipkin-4.1.0.jar:4.1.0]
	at zipkin2.reporter.BaseHttpSender.send(BaseHttpSender.java:123) ~[zipkin-reporter-3.5.3.jar:na]
	at io.opentelemetry.exporter.zipkin.ZipkinSpanExporter.lambda$export$0(ZipkinSpanExporter.java:104) ~[opentelemetry-exporter-zipkin-1.62.0.jar:1.62.0]
	at io.opentelemetry.context.Context.lambda$wrap$1(Context.java:241) ~[opentelemetry-context-1.62.0.jar:1.62.0]
	at io.opentelemetry.api.internal.InstrumentationUtil.suppressInstrumentation(InstrumentationUtil.java:28) ~[opentelemetry-api-1.62.0.jar:1.62.0]
	at io.opentelemetry.exporter.zipkin.ZipkinSpanExporter.export(ZipkinSpanExporter.java:101) ~[opentelemetry-exporter-zipkin-1.62.0.jar:1.62.0]
	at io.micrometer.tracing.otel.bridge.CompositeSpanExporter.lambda$export$3(CompositeSpanExporter.java:90) ~[micrometer-tracing-bridge-otel-1.7.0.jar:1.7.0]
	at java.base/java.util.ImmutableCollections$List12.forEach(Unknown Source) ~[na:na]
	at io.micrometer.tracing.otel.bridge.CompositeSpanExporter.export(CompositeSpanExporter.java:90) ~[micrometer-tracing-bridge-otel-1.7.0.jar:1.7.0]
	at io.opentelemetry.sdk.trace.export.BatchSpanProcessor$Worker.exportCurrentBatch(BatchSpanProcessor.java:334) ~[opentelemetry-sdk-trace-1.62.0.jar:1.62.0]
	at io.opentelemetry.sdk.trace.export.BatchSpanProcessor$Worker.run(BatchSpanProcessor.java:235) ~[opentelemetry-sdk-trace-1.62.0.jar:1.62.0]
	at java.base/java.lang.Thread.run(Unknown Source) ~[na:na]
Caused by: java.net.ConnectException: Connection refused
	at java.base/sun.nio.ch.Net.pollConnect(Native Method) ~[na:na]
	at java.base/sun.nio.ch.Net.pollConnectNow(Unknown Source) ~[na:na]
	at java.base/sun.nio.ch.SocketChannelImpl.finishConnect(Unknown Source) ~[na:na]
	at java.net.http/jdk.internal.net.http.PlainHttpConnection$ConnectEvent.handle(Unknown Source) ~[java.net.http:na]
	at java.net.http/jdk.internal.net.http.HttpClientImpl$SelectorManager.handleEvent(Unknown Source) ~[java.net.http:na]
	at java.net.http/jdk.internal.net.http.HttpClientImpl$SelectorManager.lambda$run$3(Unknown Source) ~[java.net.http:na]
	at java.base/java.util.ArrayList.forEach(Unknown Source) ~[na:na]
	at java.net.http/jdk.internal.net.http.HttpClientImpl$SelectorManager.run(Unknown Source) ~[java.net.http:na]
	at java.base/java.lang.VirtualThread.run(Unknown Source) ~[na:na]

2026-08-15T13:14:33.193Z DEBUG 1 --- [orderservice] [_WorkerThread-1] [                                                 ] i.o.sdk.trace.export.BatchSpanProcessor  : Exporter failed
2026-08-15T13:14:33.245Z DEBUG 1 --- [orderservice] [nio-8082-exec-3] [                                                 ] t.p.B3PropagatorExtractorMultipleHeaders : Invalid TraceId in B3 header: null'. Returning INVALID span context.
2026-08-15T13:14:33.245Z DEBUG 1 --- [orderservice] [nio-8082-exec-3] [                                                 ] t.p.B3PropagatorExtractorMultipleHeaders : Invalid TraceId in B3 header: null'. Returning INVALID span context.
2026-08-15T13:14:33.246Z DEBUG 1 --- [orderservice] [nio-8082-exec-3] [3ec72d1788e9e0566ef1845b309f0ab9-a3f69b87342f47cb] io.opentelemetry.sdk.trace.SdkSpan       : Ignoring setStatus() description since status is not ERROR.
2026-08-15T13:14:33.246Z DEBUG 1 --- [orderservice] [nio-8082-exec-3] [3ec72d1788e9e0566ef1845b309f0ab9-0cd7cb72bf364470] io.opentelemetry.sdk.trace.SdkSpan       : Ignoring setStatus() description since status is not ERROR.
2026-08-15T13:14:33.256Z DEBUG 1 --- [orderservice] [nio-8082-exec-3] [3ec72d1788e9e0566ef1845b309f0ab9-0cd7cb72bf364470] io.opentelemetry.sdk.trace.SdkSpan       : Ignoring setStatus() description since status is not ERROR.
2026-08-15T13:14:33.256Z DEBUG 1 --- [orderservice] [nio-8082-exec-3] [3ec72d1788e9e0566ef1845b309f0ab9-0cd7cb72bf364470] io.opentelemetry.sdk.trace.SdkSpan       : Ignoring setStatus() description since status is not ERROR.
2026-08-15T13:14:35.007Z  INFO 1 --- [orderservice] [   scheduling-1] [16b22cd5b5f6a59d2d6e3b9e71174814-1fe502ae6fe7ba09] c.j.s.o.jobs.OrderEventsPublishingJob    : Publishing Order Events at 2026-08-15T13:14:35.007206018Z
Hibernate: select oee1_0.id,oee1_0.created_at,oee1_0.event_id,oee1_0.event_type,oee1_0.order_number,oee1_0.payload,oee1_0.updated_at from order_events oee1_0 order by oee1_0.created_at
2026-08-15T13:14:35.010Z  INFO 1 --- [orderservice] [   scheduling-1] [16b22cd5b5f6a59d2d6e3b9e71174814-1fe502ae6fe7ba09] c.j.s.o.domain.OrderEventService         : Found 0 Order Events to be published
2026-08-15T13:14:35.016Z DEBUG 1 --- [orderservice] [   scheduling-1] [                                                 ] io.opentelemetry.sdk.trace.SdkSpan       : Ignoring setStatus() description since status is not ERROR.
2026-08-15T13:14:38.197Z DEBUG 1 --- [orderservice] [_WorkerThread-1] [                                                 ] i.o.sdk.trace.export.BatchSpanProcessor  : Exporter failed
2026-08-15T13:14:38.244Z DEBUG 1 --- [orderservice] [nio-8082-exec-4] [                                                 ] t.p.B3PropagatorExtractorMultipleHeaders : Invalid TraceId in B3 header: null'. Returning INVALID span context.
2026-08-15T13:14:38.244Z DEBUG 1 --- [orderservice] [nio-8082-exec-4] [                                                 ] t.p.B3PropagatorExtractorMultipleHeaders : Invalid TraceId in B3 header: null'. Returning INVALID span context.
2026-08-15T13:14:38.245Z DEBUG 1 --- [orderservice] [nio-8082-exec-4] [4da34677c291ecf1bbfc0762a15003c8-93b4be05d76c8723] io.opentelemetry.sdk.trace.SdkSpan       : Ignoring setStatus() description since status is not ERROR.
2026-08-15T13:14:38.246Z DEBUG 1 --- [orderservice] [nio-8082-exec-4] [4da34677c291ecf1bbfc0762a15003c8-96b52451ee00cbbc] io.opentelemetry.sdk.trace.SdkSpan       : Ignoring setStatus() description since status is not ERROR.
2026-08-15T13:14:38.253Z DEBUG 1 --- [orderservice] [nio-8082-exec-4] [4da34677c291ecf1bbfc0762a15003c8-96b52451ee00cbbc] io.opentelemetry.sdk.trace.SdkSpan       : Ignoring setStatus() description since status is not ERROR.
2026-08-15T13:14:38.254Z DEBUG 1 --- [orderservice] [nio-8082-exec-4] [4da34677c291ecf1bbfc0762a15003c8-96b52451ee00cbbc] io.opentelemetry.sdk.trace.SdkSpan       : Ignoring setStatus() description since status is not ERROR.
2026-08-15T13:14:40.007Z  INFO 1 --- [orderservice] [   scheduling-1] [2b05dbea728ffcbd56b02fadb7f47ac0-ea7546ba1dc145d9] c.j.s.o.jobs.OrderProcessingJob          : Processing New Orders at 2026-08-15T13:14:40.007298878Z
Hibernate: select oe1_0.id,oe1_0.comments,oe1_0.created_at,oe1_0.customer_name,oe1_0.customer_email,oe1_0.customer_phone,oe1_0.delivery_address_line1,oe1_0.delivery_address_line2,oe1_0.delivery_address_city,oe1_0.delivery_address_state,oe1_0.delivery_address_zip_code,oe1_0.delivery_address_country,oe1_0.order_number,oe1_0.status,oe1_0.updated_at,oe1_0.username from orders oe1_0 where oe1_0.status=?
2026-08-15T13:14:40.010Z  INFO 1 --- [orderservice] [   scheduling-1] [2b05dbea728ffcbd56b02fadb7f47ac0-ea7546ba1dc145d9] c.j.s.orderservice.domain.OrderService   : Found 0 new orders to process
2026-08-15T13:14:40.015Z DEBUG 1 --- [orderservice] [   scheduling-1] [                                                 ] io.opentelemetry.sdk.trace.SdkSpan       : Ignoring setStatus() description since status is not ERROR.
2026-08-15T13:14:40.021Z  INFO 1 --- [orderservice] [   scheduling-1] [5ea10dcba50c80855e0ccc3e22efaa19-10348e0af9e5747b] c.j.s.o.jobs.OrderEventsPublishingJob    : Publishing Order Events at 2026-08-15T13:14:40.021543517Z
Hibernate: select oee1_0.id,oee1_0.created_at,oee1_0.event_id,oee1_0.event_type,oee1_0.order_number,oee1_0.payload,oee1_0.updated_at from order_events oee1_0 order by oee1_0.created_at
2026-08-15T13:14:40.024Z  INFO 1 --- [orderservice] [   scheduling-1] [5ea10dcba50c80855e0ccc3e22efaa19-10348e0af9e5747b] c.j.s.o.domain.OrderEventService         : Found 0 Order Events to be published
2026-08-15T13:14:40.029Z DEBUG 1 --- [orderservice] [   scheduling-1] [                                                 ] io.opentelemetry.sdk.trace.SdkSpan       : Ignoring setStatus() description since status is not ERROR.
2026-08-15T13:14:43.203Z DEBUG 1 --- [orderservice] [_WorkerThread-1] [                                                 ] i.o.sdk.trace.export.BatchSpanProcessor  : Exporter failed
2026-08-15T13:14:43.244Z DEBUG 1 --- [orderservice] [nio-8082-exec-6] [                                                 ] t.p.B3PropagatorExtractorMultipleHeaders : Invalid TraceId in B3 header: null'. Returning INVALID span context.
2026-08-15T13:14:43.245Z DEBUG 1 --- [orderservice] [nio-8082-exec-6] [                                                 ] t.p.B3PropagatorExtractorMultipleHeaders : Invalid TraceId in B3 header: null'. Returning INVALID span context.
2026-08-15T13:14:43.245Z DEBUG 1 --- [orderservice] [nio-8082-exec-6] [f5e807ba4ecec3c4eed5877d5bda759a-fdbc6f90986e3318] io.opentelemetry.sdk.trace.SdkSpan       : Ignoring setStatus() description since status is not ERROR.
2026-08-15T13:14:43.246Z DEBUG 1 --- [orderservice] [nio-8082-exec-6] [f5e807ba4ecec3c4eed5877d5bda759a-e92e829a8cbb1750] io.opentelemetry.sdk.trace.SdkSpan       : Ignoring setStatus() description since status is not ERROR.
2026-08-15T13:14:43.252Z DEBUG 1 --- [orderservice] [nio-8082-exec-6] [f5e807ba4ecec3c4eed5877d5bda759a-e92e829a8cbb1750] io.opentelemetry.sdk.trace.SdkSpan       : Ignoring setStatus() description since status is not ERROR.
2026-08-15T13:14:43.253Z DEBUG 1 --- [orderservice] [nio-8082-exec-6] [f5e807ba4ecec3c4eed5877d5bda759a-e92e829a8cbb1750] io.opentelemetry.sdk.trace.SdkSpan       : Ignoring setStatus() description since status is not ERROR.
2026-08-15T13:14:45.006Z  INFO 1 --- [orderservice] [   scheduling-1] [dd0b864dbfb97b21eb3eb3046d172611-f29e821736f198e2] c.j.s.o.jobs.OrderEventsPublishingJob    : Publishing Order Events at 2026-08-15T13:14:45.006510299Z
Hibernate: select oee1_0.id,oee1_0.created_at,oee1_0.event_id,oee1_0.event_type,oee1_0.order_number,oee1_0.payload,oee1_0.updated_at from order_events oee1_0 order by oee1_0.created_at
2026-08-15T13:14:45.009Z  INFO 1 --- [orderservice] [   scheduling-1] [dd0b864dbfb97b21eb3eb3046d172611-f29e821736f198e2] c.j.s.o.domain.OrderEventService         : Found 0 Order Events to be published
2026-08-15T13:14:45.014Z DEBUG 1 --- [orderservice] [   scheduling-1] [                                                 ] io.opentelemetry.sdk.trace.SdkSpan       : Ignoring setStatus() description since status is not ERROR.
2026-08-15T13:14:48.206Z DEBUG 1 --- [orderservice] [_WorkerThread-1] [                                                 ] i.o.sdk.trace.export.BatchSpanProcessor  : Exporter failed
2026-08-15T13:14:48.244Z DEBUG 1 --- [orderservice] [nio-8082-exec-7] [                                                 ] t.p.B3PropagatorExtractorMultipleHeaders : Invalid TraceId in B3 header: null'. Returning INVALID span context.
2026-08-15T13:14:48.244Z DEBUG 1 --- [orderservice] [nio-8082-exec-7] [                                                 ] t.p.B3PropagatorExtractorMultipleHeaders : Invalid TraceId in B3 header: null'. Returning INVALID span context.
2026-08-15T13:14:48.245Z DEBUG 1 --- [orderservice] [nio-8082-exec-7] [512ab48a7f6f81b96aeca0a2746d6c86-e1a322ec03b92b05] io.opentelemetry.sdk.trace.SdkSpan       : Ignoring setStatus() description since status is not ERROR.
2026-08-15T13:14:48.246Z DEBUG 1 --- [orderservice] [nio-8082-exec-7] [512ab48a7f6f81b96aeca0a2746d6c86-09cc0bfc017e95b2] io.opentelemetry.sdk.trace.SdkSpan       : Ignoring setStatus() description since status is not ERROR.
2026-08-15T13:14:48.253Z DEBUG 1 --- [orderservice] [nio-8082-exec-7] [512ab48a7f6f81b96aeca0a2746d6c86-09cc0bfc017e95b2] io.opentelemetry.sdk.trace.SdkSpan       : Ignoring setStatus() description since status is not ERROR.
2026-08-15T13:14:48.253Z DEBUG 1 --- [orderservice] [nio-8082-exec-7] [512ab48a7f6f81b96aeca0a2746d6c86-09cc0bfc017e95b2] io.opentelemetry.sdk.trace.SdkSpan       : Ignoring setStatus() description since status is not ERROR.
2026-08-15T13:14:50.007Z  INFO 1 --- [orderservice] [   scheduling-1] [2568e21ef49f3318b099c937dc9dbe87-0ad90d5638f72ebc] c.j.s.o.jobs.OrderProcessingJob          : Processing New Orders at 2026-08-15T13:14:50.007548106Z
Hibernate: select oe1_0.id,oe1_0.comments,oe1_0.created_at,oe1_0.customer_name,oe1_0.customer_email,oe1_0.customer_phone,oe1_0.delivery_address_line1,oe1_0.delivery_address_line2,oe1_0.delivery_address_city,oe1_0.delivery_address_state,oe1_0.delivery_address_zip_code,oe1_0.delivery_address_country,oe1_0.order_number,oe1_0.status,oe1_0.updated_at,oe1_0.username from orders oe1_0 where oe1_0.status=?
2026-08-15T13:14:50.010Z  INFO 1 --- [orderservice] [   scheduling-1] [2568e21ef49f3318b099c937dc9dbe87-0ad90d5638f72ebc] c.j.s.orderservice.domain.OrderService   : Found 0 new orders to process
2026-08-15T13:14:50.015Z DEBUG 1 --- [orderservice] [   scheduling-1] [                                                 ] io.opentelemetry.sdk.trace.SdkSpan       : Ignoring setStatus() description since status is not ERROR.
2026-08-15T13:14:50.020Z  INFO 1 --- [orderservice] [   scheduling-1] [5362f7d2cb007a95b373106939706809-75953e4f67a531d3] c.j.s.o.jobs.OrderEventsPublishingJob    : Publishing Order Events at 2026-08-15T13:14:50.020689816Z
Hibernate: select oee1_0.id,oee1_0.created_at,oee1_0.event_id,oee1_0.event_type,oee1_0.order_number,oee1_0.payload,oee1_0.updated_at from order_events oee1_0 order by oee1_0.created_at
2026-08-15T13:14:50.023Z  INFO 1 --- [orderservice] [   scheduling-1] [5362f7d2cb007a95b373106939706809-75953e4f67a531d3] c.j.s.o.domain.OrderEventService         : Found 0 Order Events to be published
2026-08-15T13:14:50.028Z DEBUG 1 --- [orderservice] [   scheduling-1] [                                                 ] io.opentelemetry.sdk.trace.SdkSpan       : Ignoring setStatus() description since status is not ERROR.
2026-08-15T13:14:53.207Z DEBUG 1 --- [orderservice] [_WorkerThread-1] [                                                 ] i.o.sdk.trace.export.BatchSpanProcessor  : Exporter failed
2026-08-15T13:14:53.241Z DEBUG 1 --- [orderservice] [nio-8082-exec-5] [                                                 ] t.p.B3PropagatorExtractorMultipleHeaders : Invalid TraceId in B3 header: null'. Returning INVALID span context.
2026-08-15T13:14:53.241Z DEBUG 1 --- [orderservice] [nio-8082-exec-5] [                                                 ] t.p.B3PropagatorExtractorMultipleHeaders : Invalid TraceId in B3 header: null'. Returning INVALID span context.
2026-08-15T13:14:53.242Z DEBUG 1 --- [orderservice] [nio-8082-exec-5] [464d0266da506ed978020d40e8eeafd1-9a0cb4742e6db668] io.opentelemetry.sdk.trace.SdkSpan       : Ignoring setStatus() description since status is not ERROR.
2026-08-15T13:14:53.242Z DEBUG 1 --- [orderservice] [nio-8082-exec-5] [464d0266da506ed978020d40e8eeafd1-c5e6291c7999cc23] io.opentelemetry.sdk.trace.SdkSpan       : Ignoring setStatus() description since status is not ERROR.
2026-08-15T13:14:53.250Z DEBUG 1 --- [orderservice] [nio-8082-exec-5] [464d0266da506ed978020d40e8eeafd1-c5e6291c7999cc23] io.opentelemetry.sdk.trace.SdkSpan       : Ignoring setStatus() description since status is not ERROR.
2026-08-15T13:14:53.250Z DEBUG 1 --- [orderservice] [nio-8082-exec-5] [464d0266da506ed978020d40e8eeafd1-c5e6291c7999cc23] io.opentelemetry.sdk.trace.SdkSpan       : Ignoring setStatus() description since status is not ERROR.
2026-08-15T13:14:55.003Z  INFO 1 --- [orderservice] [   scheduling-1] [8f35cb707db72d1ddf47c19b12bef9ae-4fc03a4b8b440468] c.j.s.o.jobs.OrderEventsPublishingJob    : Publishing Order Events at 2026-08-15T13:14:55.003752650Z
Hibernate: select oee1_0.id,oee1_0.created_at,oee1_0.event_id,oee1_0.event_type,oee1_0.order_number,oee1_0.payload,oee1_0.updated_at from order_events oee1_0 order by oee1_0.created_at
2026-08-15T13:14:55.006Z  INFO 1 --- [orderservice] [   scheduling-1] [8f35cb707db72d1ddf47c19b12bef9ae-4fc03a4b8b440468] c.j.s.o.domain.OrderEventService         : Found 0 Order Events to be published
2026-08-15T13:14:55.011Z DEBUG 1 --- [orderservice] [   scheduling-1] [                                                 ] io.opentelemetry.sdk.trace.SdkSpan       : Ignoring setStatus() description since status is not ERROR.
2026-08-15T13:14:58.212Z DEBUG 1 --- [orderservice] [_WorkerThread-1] [                                                 ] i.o.sdk.trace.export.BatchSpanProcessor  : Exporter failed
2026-08-15T13:14:58.244Z DEBUG 1 --- [orderservice] [nio-8082-exec-8] [                                                 ] t.p.B3PropagatorExtractorMultipleHeaders : Invalid TraceId in B3 header: null'. Returning INVALID span context.
2026-08-15T13:14:58.244Z DEBUG 1 --- [orderservice] [nio-8082-exec-8] [                                                 ] t.p.B3PropagatorExtractorMultipleHeaders : Invalid TraceId in B3 header: null'. Returning INVALID span context.
2026-08-15T13:14:58.246Z DEBUG 1 --- [orderservice] [nio-8082-exec-8] [b4266df53a682450a4dac4f5b6bc685e-f9b65dfd8ba5f279] io.opentelemetry.sdk.trace.SdkSpan       : Ignoring setStatus() description since status is not ERROR.
2026-08-15T13:14:58.247Z DEBUG 1 --- [orderservice] [nio-8082-exec-8] [b4266df53a682450a4dac4f5b6bc685e-8d546b73638d58ef] io.opentelemetry.sdk.trace.SdkSpan       : Ignoring setStatus() description since status is not ERROR.
2026-08-15T13:14:58.264Z DEBUG 1 --- [orderservice] [nio-8082-exec-8] [b4266df53a682450a4dac4f5b6bc685e-8d546b73638d58ef] io.opentelemetry.sdk.trace.SdkSpan       : Ignoring setStatus() description since status is not ERROR.
2026-08-15T13:14:58.265Z DEBUG 1 --- [orderservice] [nio-8082-exec-8] [b4266df53a682450a4dac4f5b6bc685e-8d546b73638d58ef] io.opentelemetry.sdk.trace.SdkSpan       : Ignoring setStatus() description since status is not ERROR.
2026-08-15T13:15:00.004Z  INFO 1 --- [orderservice] [   scheduling-1] [9395836a9b3be97be08be15af8dd5e5c-c8a8cc6c7eeef3b7] c.j.s.o.jobs.OrderProcessingJob          : Processing New Orders at 2026-08-15T13:15:00.004204010Z
Hibernate: select oe1_0.id,oe1_0.comments,oe1_0.created_at,oe1_0.customer_name,oe1_0.customer_email,oe1_0.customer_phone,oe1_0.delivery_address_line1,oe1_0.delivery_address_line2,oe1_0.delivery_address_city,oe1_0.delivery_address_state,oe1_0.delivery_address_zip_code,oe1_0.delivery_address_country,oe1_0.order_number,oe1_0.status,oe1_0.updated_at,oe1_0.username from orders oe1_0 where oe1_0.status=?
2026-08-15T13:15:00.006Z  INFO 1 --- [orderservice] [   scheduling-1] [9395836a9b3be97be08be15af8dd5e5c-c8a8cc6c7eeef3b7] c.j.s.orderservice.domain.OrderService   : Found 0 new orders to process
2026-08-15T13:15:00.011Z DEBUG 1 --- [orderservice] [   scheduling-1] [                                                 ] io.opentelemetry.sdk.trace.SdkSpan       : Ignoring setStatus() description since status is not ERROR.
2026-08-15T13:15:00.017Z  INFO 1 --- [orderservice] [   scheduling-1] [81cbd37605a58cbf806cf4851759903c-da15744a1709d4be] c.j.s.o.jobs.OrderEventsPublishingJob    : Publishing Order Events at 2026-08-15T13:15:00.017692541Z
Hibernate: select oee1_0.id,oee1_0.created_at,oee1_0.event_id,oee1_0.event_type,oee1_0.order_number,oee1_0.payload,oee1_0.updated_at from order_events oee1_0 order by oee1_0.created_at
2026-08-15T13:15:00.021Z  INFO 1 --- [orderservice] [   scheduling-1] [81cbd37605a58cbf806cf4851759903c-da15744a1709d4be] c.j.s.o.domain.OrderEventService         : Found 0 Order Events to be published
2026-08-15T13:15:00.027Z DEBUG 1 --- [orderservice] [   scheduling-1] [                                                 ] io.opentelemetry.sdk.trace.SdkSpan       : Ignoring setStatus() description since status is not ERROR.
2026-08-15T13:15:03.216Z DEBUG 1 --- [orderservice] [_WorkerThread-1] [                                                 ] i.o.sdk.trace.export.BatchSpanProcessor  : Exporter failed
2026-08-15T13:15:03.241Z DEBUG 1 --- [orderservice] [io-8082-exec-10] [                                                 ] t.p.B3PropagatorExtractorMultipleHeaders : Invalid TraceId in B3 header: null'. Returning INVALID span context.
2026-08-15T13:15:03.242Z DEBUG 1 --- [orderservice] [io-8082-exec-10] [                                                 ] t.p.B3PropagatorExtractorMultipleHeaders : Invalid TraceId in B3 header: null'. Returning INVALID span context.
2026-08-15T13:15:03.242Z DEBUG 1 --- [orderservice] [io-8082-exec-10] [a876378cbae09fbb1311daf505676d82-45c496c6683f7f41] io.opentelemetry.sdk.trace.SdkSpan       : Ignoring setStatus() description since status is not ERROR.
2026-08-15T13:15:03.243Z DEBUG 1 --- [orderservice] [io-8082-exec-10] [a876378cbae09fbb1311daf505676d82-52aa20cc2cd54ba5] io.opentelemetry.sdk.trace.SdkSpan       : Ignoring setStatus() description since status is not ERROR.
2026-08-15T13:15:03.251Z DEBUG 1 --- [orderservice] [io-8082-exec-10] [a876378cbae09fbb1311daf505676d82-52aa20cc2cd54ba5] io.opentelemetry.sdk.trace.SdkSpan       : Ignoring setStatus() description since status is not ERROR.
2026-08-15T13:15:03.251Z DEBUG 1 --- [orderservice] [io-8082-exec-10] [a876378cbae09fbb1311daf505676d82-52aa20cc2cd54ba5] io.opentelemetry.sdk.trace.SdkSpan       : Ignoring setStatus() description since status is not ERROR.
2026-08-15T13:15:05.006Z  INFO 1 --- [orderservice] [   scheduling-1] [b9f1be0a23eeeda6e726870001515a86-05a11e22b94c290a] c.j.s.o.jobs.OrderEventsPublishingJob    : Publishing Order Events at 2026-08-15T13:15:05.006667797Z
Hibernate: select oee1_0.id,oee1_0.created_at,oee1_0.event_id,oee1_0.event_type,oee1_0.order_number,oee1_0.payload,oee1_0.updated_at from order_events oee1_0 order by oee1_0.created_at
2026-08-15T13:15:05.009Z  INFO 1 --- [orderservice] [   scheduling-1] [b9f1be0a23eeeda6e726870001515a86-05a11e22b94c290a] c.j.s.o.domain.OrderEventService         : Found 0 Order Events to be published
2026-08-15T13:15:05.014Z DEBUG 1 --- [orderservice] [   scheduling-1] [                                                 ] io.opentelemetry.sdk.trace.SdkSpan       : Ignoring setStatus() description since status is not ERROR.
2026-08-15T13:15:08.219Z DEBUG 1 --- [orderservice] [_WorkerThread-1] [                                                 ] i.o.sdk.trace.export.BatchSpanProcessor  : Exporter failed
2026-08-15T13:15:08.241Z DEBUG 1 --- [orderservice] [nio-8082-exec-1] [                                                 ] t.p.B3PropagatorExtractorMultipleHeaders : Invalid TraceId in B3 header: null'. Returning INVALID span context.
2026-08-15T13:15:08.241Z DEBUG 1 --- [orderservice] [nio-8082-exec-1] [                                                 ] t.p.B3PropagatorExtractorMultipleHeaders : Invalid TraceId in B3 header: null'. Returning INVALID span context.
2026-08-15T13:15:08.243Z DEBUG 1 --- [orderservice] [nio-8082-exec-1] [a0d9fefc08dcc3d147a75a28c40b08d1-e28e67b534b35b55] io.opentelemetry.sdk.trace.SdkSpan       : Ignoring setStatus() description since status is not ERROR.
2026-08-15T13:15:08.243Z DEBUG 1 --- [orderservice] [nio-8082-exec-1] [a0d9fefc08dcc3d147a75a28c40b08d1-9c801154091a4b29] io.opentelemetry.sdk.trace.SdkSpan       : Ignoring setStatus() description since status is not ERROR.
2026-08-15T13:15:08.252Z DEBUG 1 --- [orderservice] [nio-8082-exec-1] [a0d9fefc08dcc3d147a75a28c40b08d1-9c801154091a4b29] io.opentelemetry.sdk.trace.SdkSpan       : Ignoring setStatus() description since status is not ERROR.
2026-08-15T13:15:08.252Z DEBUG 1 --- [orderservice] [nio-8082-exec-1] [a0d9fefc08dcc3d147a75a28c40b08d1-9c801154091a4b29] io.opentelemetry.sdk.trace.SdkSpan       : Ignoring setStatus() description since status is not ERROR.
2026-08-15T13:15:10.005Z  INFO 1 --- [orderservice] [   scheduling-1] [b0d6e2c3fd93189c039a82cac154b1ba-5aad681a78f3b00a] c.j.s.o.jobs.OrderProcessingJob          : Processing New Orders at 2026-08-15T13:15:10.005220087Z
Hibernate: select oe1_0.id,oe1_0.comments,oe1_0.created_at,oe1_0.customer_name,oe1_0.customer_email,oe1_0.customer_phone,oe1_0.delivery_address_line1,oe1_0.delivery_address_line2,oe1_0.delivery_address_city,oe1_0.delivery_address_state,oe1_0.delivery_address_zip_code,oe1_0.delivery_address_country,oe1_0.order_number,oe1_0.status,oe1_0.updated_at,oe1_0.username from orders oe1_0 where oe1_0.status=?
2026-08-15T13:15:10.007Z  INFO 1 --- [orderservice] [   scheduling-1] [b0d6e2c3fd93189c039a82cac154b1ba-5aad681a78f3b00a] c.j.s.orderservice.domain.OrderService   : Found 0 new orders to process
2026-08-15T13:15:10.011Z DEBUG 1 --- [orderservice] [   scheduling-1] [                                                 ] io.opentelemetry.sdk.trace.SdkSpan       : Ignoring setStatus() description since status is not ERROR.
2026-08-15T13:15:10.016Z  INFO 1 --- [orderservice] [   scheduling-1] [8870b165f4fc19bf2936e8ccbf6be9a6-c6b3cd8e13e947f5] c.j.s.o.jobs.OrderEventsPublishingJob    : Publishing Order Events at 2026-08-15T13:15:10.016427704Z
Hibernate: select oee1_0.id,oee1_0.created_at,oee1_0.event_id,oee1_0.event_type,oee1_0.order_number,oee1_0.payload,oee1_0.updated_at from order_events oee1_0 order by oee1_0.created_at
2026-08-15T13:15:10.019Z  INFO 1 --- [orderservice] [   scheduling-1] [8870b165f4fc19bf2936e8ccbf6be9a6-c6b3cd8e13e947f5] c.j.s.o.domain.OrderEventService         : Found 0 Order Events to be published
2026-08-15T13:15:10.024Z DEBUG 1 --- [orderservice] [   scheduling-1] [                                                 ] io.opentelemetry.sdk.trace.SdkSpan       : Ignoring setStatus() description since status is not ERROR.
2026-08-15T13:15:13.223Z DEBUG 1 --- [orderservice] [_WorkerThread-1] [                                                 ] i.o.sdk.trace.export.BatchSpanProcessor  : Exporter failed
2026-08-15T13:15:13.242Z DEBUG 1 --- [orderservice] [nio-8082-exec-2] [                                                 ] t.p.B3PropagatorExtractorMultipleHeaders : Invalid TraceId in B3 header: null'. Returning INVALID span context.
2026-08-15T13:15:13.242Z DEBUG 1 --- [orderservice] [nio-8082-exec-2] [                                                 ] t.p.B3PropagatorExtractorMultipleHeaders : Invalid TraceId in B3 header: null'. Returning INVALID span context.
2026-08-15T13:15:13.243Z DEBUG 1 --- [orderservice] [nio-8082-exec-2] [6ff9b5f7870e899fad9691b5ca11c5ce-58b9103f7a65e6c2] io.opentelemetry.sdk.trace.SdkSpan       : Ignoring setStatus() description since status is not ERROR.
2026-08-15T13:15:13.243Z DEBUG 1 --- [orderservice] [nio-8082-exec-2] [6ff9b5f7870e899fad9691b5ca11c5ce-e94377427f6ec09b] io.opentelemetry.sdk.trace.SdkSpan       : Ignoring setStatus() description since status is not ERROR.
2026-08-15T13:15:13.251Z DEBUG 1 --- [orderservice] [nio-8082-exec-2] [6ff9b5f7870e899fad9691b5ca11c5ce-e94377427f6ec09b] io.opentelemetry.sdk.trace.SdkSpan       : Ignoring setStatus() description since status is not ERROR.
2026-08-15T13:15:13.252Z DEBUG 1 --- [orderservice] [nio-8082-exec-2] [6ff9b5f7870e899fad9691b5ca11c5ce-e94377427f6ec09b] io.opentelemetry.sdk.trace.SdkSpan       : Ignoring setStatus() description since status is not ERROR.
2026-08-15T13:15:15.006Z  INFO 1 --- [orderservice] [   scheduling-1] [97fcdbd0996158d596657ed91af8dcec-e751ab68ef2937a0] c.j.s.o.jobs.OrderEventsPublishingJob    : Publishing Order Events at 2026-08-15T13:15:15.006886019Z
Hibernate: select oee1_0.id,oee1_0.created_at,oee1_0.event_id,oee1_0.event_type,oee1_0.order_number,oee1_0.payload,oee1_0.updated_at from order_events oee1_0 order by oee1_0.created_at
2026-08-15T13:15:15.010Z  INFO 1 --- [orderservice] [   scheduling-1] [97fcdbd0996158d596657ed91af8dcec-e751ab68ef2937a0] c.j.s.o.domain.OrderEventService         : Found 0 Order Events to be published
2026-08-15T13:15:15.015Z DEBUG 1 --- [orderservice] [   scheduling-1] [                                                 ] io.opentelemetry.sdk.trace.SdkSpan       : Ignoring setStatus() description since status is not ERROR.
2026-08-15T13:15:18.226Z DEBUG 1 --- [orderservice] [_WorkerThread-1] [                                                 ] i.o.sdk.trace.export.BatchSpanProcessor  : Exporter failed
2026-08-15T13:15:18.242Z DEBUG 1 --- [orderservice] [nio-8082-exec-3] [                                                 ] t.p.B3PropagatorExtractorMultipleHeaders : Invalid TraceId in B3 header: null'. Returning INVALID span context.
2026-08-15T13:15:18.242Z DEBUG 1 --- [orderservice] [nio-8082-exec-3] [                                                 ] t.p.B3PropagatorExtractorMultipleHeaders : Invalid TraceId in B3 header: null'. Returning INVALID span context.
2026-08-15T13:15:18.243Z DEBUG 1 --- [orderservice] [nio-8082-exec-3] [fdc3e119e0a69b2d081a6389c2afd115-a21953d9b6ee0343] io.opentelemetry.sdk.trace.SdkSpan       : Ignoring setStatus() description since status is not ERROR.
2026-08-15T13:15:18.244Z DEBUG 1 --- [orderservice] [nio-8082-exec-3] [fdc3e119e0a69b2d081a6389c2afd115-7468b504b65ad8a9] io.opentelemetry.sdk.trace.SdkSpan       : Ignoring setStatus() description since status is not ERROR.
2026-08-15T13:15:18.250Z DEBUG 1 --- [orderservice] [nio-8082-exec-3] [fdc3e119e0a69b2d081a6389c2afd115-7468b504b65ad8a9] io.opentelemetry.sdk.trace.SdkSpan       : Ignoring setStatus() description since status is not ERROR.
2026-08-15T13:15:18.251Z DEBUG 1 --- [orderservice] [nio-8082-exec-3] [fdc3e119e0a69b2d081a6389c2afd115-7468b504b65ad8a9] io.opentelemetry.sdk.trace.SdkSpan       : Ignoring setStatus() description since status is not ERROR.
2026-08-15T13:15:20.007Z  INFO 1 --- [orderservice] [   scheduling-1] [2d6ecf85f827dc3ea4cd70d9f13c1f81-157d91e89f2073e7] c.j.s.o.jobs.OrderProcessingJob          : Processing New Orders at 2026-08-15T13:15:20.007059809Z
Hibernate: select oe1_0.id,oe1_0.comments,oe1_0.created_at,oe1_0.customer_name,oe1_0.customer_email,oe1_0.customer_phone,oe1_0.delivery_address_line1,oe1_0.delivery_address_line2,oe1_0.delivery_address_city,oe1_0.delivery_address_state,oe1_0.delivery_address_zip_code,oe1_0.delivery_address_country,oe1_0.order_number,oe1_0.status,oe1_0.updated_at,oe1_0.username from orders oe1_0 where oe1_0.status=?
2026-08-15T13:15:20.009Z  INFO 1 --- [orderservice] [   scheduling-1] [2d6ecf85f827dc3ea4cd70d9f13c1f81-157d91e89f2073e7] c.j.s.orderservice.domain.OrderService   : Found 0 new orders to process
2026-08-15T13:15:20.014Z DEBUG 1 --- [orderservice] [   scheduling-1] [                                                 ] io.opentelemetry.sdk.trace.SdkSpan       : Ignoring setStatus() description since status is not ERROR.
2026-08-15T13:15:20.019Z  INFO 1 --- [orderservice] [   scheduling-1] [eff3da05b9c3da7b999131f7d026b360-560190c83b30add9] c.j.s.o.jobs.OrderEventsPublishingJob    : Publishing Order Events at 2026-08-15T13:15:20.019620821Z
Hibernate: select oee1_0.id,oee1_0.created_at,oee1_0.event_id,oee1_0.event_type,oee1_0.order_number,oee1_0.payload,oee1_0.updated_at from order_events oee1_0 order by oee1_0.created_at
2026-08-15T13:15:20.023Z  INFO 1 --- [orderservice] [   scheduling-1] [eff3da05b9c3da7b999131f7d026b360-560190c83b30add9] c.j.s.o.domain.OrderEventService         : Found 0 Order Events to be published
2026-08-15T13:15:20.028Z DEBUG 1 --- [orderservice] [   scheduling-1] [                                                 ] io.opentelemetry.sdk.trace.SdkSpan       : Ignoring setStatus() description since status is not ERROR.
2026-08-15T13:15:23.227Z DEBUG 1 --- [orderservice] [_WorkerThread-1] [                                                 ] i.o.sdk.trace.export.BatchSpanProcessor  : Exporter failed
2026-08-15T13:15:23.238Z DEBUG 1 --- [orderservice] [nio-8082-exec-4] [                                                 ] t.p.B3PropagatorExtractorMultipleHeaders : Invalid TraceId in B3 header: null'. Returning INVALID span context.
2026-08-15T13:15:23.239Z DEBUG 1 --- [orderservice] [nio-8082-exec-4] [                                                 ] t.p.B3PropagatorExtractorMultipleHeaders : Invalid TraceId in B3 header: null'. Returning INVALID span context.
2026-08-15T13:15:23.239Z DEBUG 1 --- [orderservice] [nio-8082-exec-4] [16e2b7c16d03ad8e4832312369589c78-d9be68e9e77f82d7] io.opentelemetry.sdk.trace.SdkSpan       : Ignoring setStatus() description since status is not ERROR.
2026-08-15T13:15:23.240Z DEBUG 1 --- [orderservice] [nio-8082-exec-4] [16e2b7c16d03ad8e4832312369589c78-dedf95361fe55a54] io.opentelemetry.sdk.trace.SdkSpan       : Ignoring setStatus() description since status is not ERROR.
2026-08-15T13:15:23.246Z DEBUG 1 --- [orderservice] [nio-8082-exec-4] [16e2b7c16d03ad8e4832312369589c78-dedf95361fe55a54] io.opentelemetry.sdk.trace.SdkSpan       : Ignoring setStatus() description since status is not ERROR.
2026-08-15T13:15:23.247Z DEBUG 1 --- [orderservice] [nio-8082-exec-4] [16e2b7c16d03ad8e4832312369589c78-dedf95361fe55a54] io.opentelemetry.sdk.trace.SdkSpan       : Ignoring setStatus() description since status is not ERROR.
2026-08-15T13:15:25.003Z  INFO 1 --- [orderservice] [   scheduling-1] [0872617cb9347d6c840b486901259fb1-460ef711c9607343] c.j.s.o.jobs.OrderEventsPublishingJob    : Publishing Order Events at 2026-08-15T13:15:25.003982184Z
Hibernate: select oee1_0.id,oee1_0.created_at,oee1_0.event_id,oee1_0.event_type,oee1_0.order_number,oee1_0.payload,oee1_0.updated_at from order_events oee1_0 order by oee1_0.created_at
2026-08-15T13:15:25.009Z  INFO 1 --- [orderservice] [   scheduling-1] [0872617cb9347d6c840b486901259fb1-460ef711c9607343] c.j.s.o.domain.OrderEventService         : Found 0 Order Events to be published
2026-08-15T13:15:25.015Z DEBUG 1 --- [orderservice] [   scheduling-1] [                                                 ] io.opentelemetry.sdk.trace.SdkSpan       : Ignoring setStatus() description since status is not ERROR.
2026-08-15T13:15:28.230Z DEBUG 1 --- [orderservice] [_WorkerThread-1] [                                                 ] i.o.sdk.trace.export.BatchSpanProcessor  : Exporter failed
2026-08-15T13:15:28.239Z DEBUG 1 --- [orderservice] [nio-8082-exec-6] [                                                 ] t.p.B3PropagatorExtractorMultipleHeaders : Invalid TraceId in B3 header: null'. Returning INVALID span context.
2026-08-15T13:15:28.239Z DEBUG 1 --- [orderservice] [nio-8082-exec-6] [                                                 ] t.p.B3PropagatorExtractorMultipleHeaders : Invalid TraceId in B3 header: null'. Returning INVALID span context.
2026-08-15T13:15:28.241Z DEBUG 1 --- [orderservice] [nio-8082-exec-6] [51b4ce065e731210eedd6db85076e605-35cc2f11bbd321ff] io.opentelemetry.sdk.trace.SdkSpan       : Ignoring setStatus() description since status is not ERROR.
2026-08-15T13:15:28.241Z DEBUG 1 --- [orderservice] [nio-8082-exec-6] [51b4ce065e731210eedd6db85076e605-b3749f3c03209b69] io.opentelemetry.sdk.trace.SdkSpan       : Ignoring setStatus() description since status is not ERROR.
2026-08-15T13:15:28.249Z DEBUG 1 --- [orderservice] [nio-8082-exec-6] [51b4ce065e731210eedd6db85076e605-b3749f3c03209b69] io.opentelemetry.sdk.trace.SdkSpan       : Ignoring setStatus() description since status is not ERROR.
2026-08-15T13:15:28.250Z DEBUG 1 --- [orderservice] [nio-8082-exec-6] [51b4ce065e731210eedd6db85076e605-b3749f3c03209b69] io.opentelemetry.sdk.trace.SdkSpan       : Ignoring setStatus() description since status is not ERROR.
2026-08-15T13:15:30.005Z  INFO 1 --- [orderservice] [   scheduling-1] [d016524571d0654241f6959d60dfcdf5-cfb2dca460a37a6a] c.j.s.o.jobs.OrderProcessingJob          : Processing New Orders at 2026-08-15T13:15:30.005724867Z
Hibernate: select oe1_0.id,oe1_0.comments,oe1_0.created_at,oe1_0.customer_name,oe1_0.customer_email,oe1_0.customer_phone,oe1_0.delivery_address_line1,oe1_0.delivery_address_line2,oe1_0.delivery_address_city,oe1_0.delivery_address_state,oe1_0.delivery_address_zip_code,oe1_0.delivery_address_country,oe1_0.order_number,oe1_0.status,oe1_0.updated_at,oe1_0.username from orders oe1_0 where oe1_0.status=?
2026-08-15T13:15:30.008Z  INFO 1 --- [orderservice] [   scheduling-1] [d016524571d0654241f6959d60dfcdf5-cfb2dca460a37a6a] c.j.s.orderservice.domain.OrderService   : Found 0 new orders to process
2026-08-15T13:15:30.013Z DEBUG 1 --- [orderservice] [   scheduling-1] [                                                 ] io.opentelemetry.sdk.trace.SdkSpan       : Ignoring setStatus() description since status is not ERROR.
2026-08-15T13:15:30.018Z  INFO 1 --- [orderservice] [   scheduling-1] [ac2001202b06df39743edd5027079da7-6c888b6b02acb0b2] c.j.s.o.jobs.OrderEventsPublishingJob    : Publishing Order Events at 2026-08-15T13:15:30.018637226Z
Hibernate: select oee1_0.id,oee1_0.created_at,oee1_0.event_id,oee1_0.event_type,oee1_0.order_number,oee1_0.payload,oee1_0.updated_at from order_events oee1_0 order by oee1_0.created_at
2026-08-15T13:15:30.021Z  INFO 1 --- [orderservice] [   scheduling-1] [ac2001202b06df39743edd5027079da7-6c888b6b02acb0b2] c.j.s.o.domain.OrderEventService         : Found 0 Order Events to be published
2026-08-15T13:15:30.026Z DEBUG 1 --- [orderservice] [   scheduling-1] [                                                 ] io.opentelemetry.sdk.trace.SdkSpan       : Ignoring setStatus() description since status is not ERROR.
2026-08-15T13:15:33.235Z  WARN 1 --- [orderservice] [_WorkerThread-1] [                                                 ] i.o.exporter.zipkin.ZipkinSpanExporter   : Failed to export spans

java.net.ConnectException: Connection refused
	at java.net.http/jdk.internal.net.http.HttpClientImpl.send(Unknown Source) ~[java.net.http:na]
	at java.net.http/jdk.internal.net.http.HttpClientFacade.send(Unknown Source) ~[java.net.http:na]
	at org.springframework.boot.zipkin.autoconfigure.ZipkinHttpClientSender.postSpans(ZipkinHttpClientSender.java:59) ~[spring-boot-zipkin-4.1.0.jar:4.1.0]
	at org.springframework.boot.zipkin.autoconfigure.HttpSender.postSpans(HttpSender.java:69) ~[spring-boot-zipkin-4.1.0.jar:4.1.0]
	at org.springframework.boot.zipkin.autoconfigure.HttpSender.postSpans(HttpSender.java:41) ~[spring-boot-zipkin-4.1.0.jar:4.1.0]
	at zipkin2.reporter.BaseHttpSender.send(BaseHttpSender.java:123) ~[zipkin-reporter-3.5.3.jar:na]
	at io.opentelemetry.exporter.zipkin.ZipkinSpanExporter.lambda$export$0(ZipkinSpanExporter.java:104) ~[opentelemetry-exporter-zipkin-1.62.0.jar:1.62.0]
	at io.opentelemetry.context.Context.lambda$wrap$1(Context.java:241) ~[opentelemetry-context-1.62.0.jar:1.62.0]
	at io.opentelemetry.api.internal.InstrumentationUtil.suppressInstrumentation(InstrumentationUtil.java:28) ~[opentelemetry-api-1.62.0.jar:1.62.0]
	at io.opentelemetry.exporter.zipkin.ZipkinSpanExporter.export(ZipkinSpanExporter.java:101) ~[opentelemetry-exporter-zipkin-1.62.0.jar:1.62.0]
	at io.micrometer.tracing.otel.bridge.CompositeSpanExporter.lambda$export$3(CompositeSpanExporter.java:90) ~[micrometer-tracing-bridge-otel-1.7.0.jar:1.7.0]
	at java.base/java.util.ImmutableCollections$List12.forEach(Unknown Source) ~[na:na]
	at io.micrometer.tracing.otel.bridge.CompositeSpanExporter.export(CompositeSpanExporter.java:90) ~[micrometer-tracing-bridge-otel-1.7.0.jar:1.7.0]
	at io.opentelemetry.sdk.trace.export.BatchSpanProcessor$Worker.exportCurrentBatch(BatchSpanProcessor.java:334) ~[opentelemetry-sdk-trace-1.62.0.jar:1.62.0]
	at io.opentelemetry.sdk.trace.export.BatchSpanProcessor$Worker.run(BatchSpanProcessor.java:235) ~[opentelemetry-sdk-trace-1.62.0.jar:1.62.0]
	at java.base/java.lang.Thread.run(Unknown Source) ~[na:na]
Caused by: java.net.ConnectException: Connection refused
	at java.base/sun.nio.ch.Net.pollConnect(Native Method) ~[na:na]
	at java.base/sun.nio.ch.Net.pollConnectNow(Unknown Source) ~[na:na]
	at java.base/sun.nio.ch.SocketChannelImpl.finishConnect(Unknown Source) ~[na:na]
	at java.net.http/jdk.internal.net.http.PlainHttpConnection$ConnectEvent.handle(Unknown Source) ~[java.net.http:na]
	at java.net.http/jdk.internal.net.http.HttpClientImpl$SelectorManager.handleEvent(Unknown Source) ~[java.net.http:na]
	at java.net.http/jdk.internal.net.http.HttpClientImpl$SelectorManager.lambda$run$3(Unknown Source) ~[java.net.http:na]
	at java.base/java.util.ArrayList.forEach(Unknown Source) ~[na:na]
	at java.net.http/jdk.internal.net.http.HttpClientImpl$SelectorManager.run(Unknown Source) ~[java.net.http:na]
	at java.base/java.lang.VirtualThread.run(Unknown Source) ~[na:na]

2026-08-15T13:15:33.235Z DEBUG 1 --- [orderservice] [_WorkerThread-1] [                                                 ] i.o.sdk.trace.export.BatchSpanProcessor  : Exporter failed
2026-08-15T13:15:33.239Z DEBUG 1 --- [orderservice] [nio-8082-exec-7] [                                                 ] t.p.B3PropagatorExtractorMultipleHeaders : Invalid TraceId in B3 header: null'. Returning INVALID span context.
2026-08-15T13:15:33.240Z DEBUG 1 --- [orderservice] [nio-8082-exec-7] [                                                 ] t.p.B3PropagatorExtractorMultipleHeaders : Invalid TraceId in B3 header: null'. Returning INVALID span context.
2026-08-15T13:15:33.241Z DEBUG 1 --- [orderservice] [nio-8082-exec-7] [d2bcb4b389459d2139a5c3c607ed4da3-ceb741ab1ece2b8d] io.opentelemetry.sdk.trace.SdkSpan       : Ignoring setStatus() description since status is not ERROR.
2026-08-15T13:15:33.241Z DEBUG 1 --- [orderservice] [nio-8082-exec-7] [d2bcb4b389459d2139a5c3c607ed4da3-39e41db63c0618ff] io.opentelemetry.sdk.trace.SdkSpan       : Ignoring setStatus() description since status is not ERROR.
2026-08-15T13:15:33.249Z DEBUG 1 --- [orderservice] [nio-8082-exec-7] [d2bcb4b389459d2139a5c3c607ed4da3-39e41db63c0618ff] io.opentelemetry.sdk.trace.SdkSpan       : Ignoring setStatus() description since status is not ERROR.
2026-08-15T13:15:33.249Z DEBUG 1 --- [orderservice] [nio-8082-exec-7] [d2bcb4b389459d2139a5c3c607ed4da3-39e41db63c0618ff] io.opentelemetry.sdk.trace.SdkSpan       : Ignoring setStatus() description since status is not ERROR.
2026-08-15T13:15:35.006Z  INFO 1 --- [orderservice] [   scheduling-1] [db8bc6156858efe8757850c468a65606-124b88603183d218] c.j.s.o.jobs.OrderEventsPublishingJob    : Publishing Order Events at 2026-08-15T13:15:35.006615836Z
Hibernate: select oee1_0.id,oee1_0.created_at,oee1_0.event_id,oee1_0.event_type,oee1_0.order_number,oee1_0.payload,oee1_0.updated_at from order_events oee1_0 order by oee1_0.created_at
2026-08-15T13:15:35.009Z  INFO 1 --- [orderservice] [   scheduling-1] [db8bc6156858efe8757850c468a65606-124b88603183d218] c.j.s.o.domain.OrderEventService         : Found 0 Order Events to be published
2026-08-15T13:15:35.015Z DEBUG 1 --- [orderservice] [   scheduling-1] [                                                 ] io.opentelemetry.sdk.trace.SdkSpan       : Ignoring setStatus() description since status is not ERROR.
2026-08-15T13:15:38.240Z DEBUG 1 --- [orderservice] [nio-8082-exec-5] [                                                 ] t.p.B3PropagatorExtractorMultipleHeaders : Invalid TraceId in B3 header: null'. Returning INVALID span context.
2026-08-15T13:15:38.241Z DEBUG 1 --- [orderservice] [nio-8082-exec-5] [                                                 ] t.p.B3PropagatorExtractorMultipleHeaders : Invalid TraceId in B3 header: null'. Returning INVALID span context.
2026-08-15T13:15:38.243Z DEBUG 1 --- [orderservice] [nio-8082-exec-5] [47ee15fcb60f15725c2a998622b86d5a-65b995594eb1b32d] io.opentelemetry.sdk.trace.SdkSpan       : Ignoring setStatus() description since status is not ERROR.
2026-08-15T13:15:38.243Z DEBUG 1 --- [orderservice] [_WorkerThread-1] [                                                 ] i.o.sdk.trace.export.BatchSpanProcessor  : Exporter failed
2026-08-15T13:15:38.244Z DEBUG 1 --- [orderservice] [nio-8082-exec-5] [47ee15fcb60f15725c2a998622b86d5a-40ca1f9ff1b6b483] io.opentelemetry.sdk.trace.SdkSpan       : Ignoring setStatus() description since status is not ERROR.
2026-08-15T13:15:38.257Z DEBUG 1 --- [orderservice] [nio-8082-exec-5] [47ee15fcb60f15725c2a998622b86d5a-40ca1f9ff1b6b483] io.opentelemetry.sdk.trace.SdkSpan       : Ignoring setStatus() description since status is not ERROR.
2026-08-15T13:15:38.258Z DEBUG 1 --- [orderservice] [nio-8082-exec-5] [47ee15fcb60f15725c2a998622b86d5a-40ca1f9ff1b6b483] io.opentelemetry.sdk.trace.SdkSpan       : Ignoring setStatus() description since status is not ERROR.
2026-08-15T13:15:40.008Z  INFO 1 --- [orderservice] [   scheduling-1] [c168de45418abc00739a96337d1e9f1b-141d04aa71df854a] c.j.s.o.jobs.OrderEventsPublishingJob    : Publishing Order Events at 2026-08-15T13:15:40.008864893Z
Hibernate: select oee1_0.id,oee1_0.created_at,oee1_0.event_id,oee1_0.event_type,oee1_0.order_number,oee1_0.payload,oee1_0.updated_at from order_events oee1_0 order by oee1_0.created_at
2026-08-15T13:15:40.012Z  INFO 1 --- [orderservice] [   scheduling-1] [c168de45418abc00739a96337d1e9f1b-141d04aa71df854a] c.j.s.o.domain.OrderEventService         : Found 0 Order Events to be published
2026-08-15T13:15:40.018Z DEBUG 1 --- [orderservice] [   scheduling-1] [                                                 ] io.opentelemetry.sdk.trace.SdkSpan       : Ignoring setStatus() description since status is not ERROR.
2026-08-15T13:15:40.023Z  INFO 1 --- [orderservice] [   scheduling-1] [48bcaec9eda2254acc69bf1eeb56ec5e-a408cbde72c84eb2] c.j.s.o.jobs.OrderProcessingJob          : Processing New Orders at 2026-08-15T13:15:40.023108889Z
Hibernate: select oe1_0.id,oe1_0.comments,oe1_0.created_at,oe1_0.customer_name,oe1_0.customer_email,oe1_0.customer_phone,oe1_0.delivery_address_line1,oe1_0.delivery_address_line2,oe1_0.delivery_address_city,oe1_0.delivery_address_state,oe1_0.delivery_address_zip_code,oe1_0.delivery_address_country,oe1_0.order_number,oe1_0.status,oe1_0.updated_at,oe1_0.username from orders oe1_0 where oe1_0.status=?
2026-08-15T13:15:40.025Z  INFO 1 --- [orderservice] [   scheduling-1] [48bcaec9eda2254acc69bf1eeb56ec5e-a408cbde72c84eb2] c.j.s.orderservice.domain.OrderService   : Found 0 new orders to process
2026-08-15T13:15:40.030Z DEBUG 1 --- [orderservice] [   scheduling-1] [                                                 ] io.opentelemetry.sdk.trace.SdkSpan       : Ignoring setStatus() description since status is not ERROR.
2026-08-15T13:15:43.242Z DEBUG 1 --- [orderservice] [nio-8082-exec-8] [                                                 ] t.p.B3PropagatorExtractorMultipleHeaders : Invalid TraceId in B3 header: null'. Returning INVALID span context.
2026-08-15T13:15:43.242Z DEBUG 1 --- [orderservice] [nio-8082-exec-8] [                                                 ] t.p.B3PropagatorExtractorMultipleHeaders : Invalid TraceId in B3 header: null'. Returning INVALID span context.
2026-08-15T13:15:43.246Z DEBUG 1 --- [orderservice] [nio-8082-exec-8] [d8598e816d15084c8e6df3a7192e61ff-cc86c65c6703ba6d] io.opentelemetry.sdk.trace.SdkSpan       : Ignoring setStatus() description since status is not ERROR.
2026-08-15T13:15:43.247Z DEBUG 1 --- [orderservice] [nio-8082-exec-8] [d8598e816d15084c8e6df3a7192e61ff-c8b68be3a13e0612] io.opentelemetry.sdk.trace.SdkSpan       : Ignoring setStatus() description since status is not ERROR.
2026-08-15T13:15:43.416Z DEBUG 1 --- [orderservice] [_WorkerThread-1] [                                                 ] i.o.sdk.trace.export.BatchSpanProcessor  : Exporter failed
2026-08-15T13:15:43.424Z DEBUG 1 --- [orderservice] [nio-8082-exec-8] [d8598e816d15084c8e6df3a7192e61ff-c8b68be3a13e0612] io.opentelemetry.sdk.trace.SdkSpan       : Ignoring setStatus() description since status is not ERROR.
2026-08-15T13:15:43.424Z DEBUG 1 --- [orderservice] [nio-8082-exec-8] [d8598e816d15084c8e6df3a7192e61ff-c8b68be3a13e0612] io.opentelemetry.sdk.trace.SdkSpan       : Ignoring setStatus() description since status is not ERROR.
2026-08-15T13:15:45.007Z  INFO 1 --- [orderservice] [   scheduling-1] [6f51b5dd272b3cdc5e7dc76debdf2784-81a4567d6a49a1bf] c.j.s.o.jobs.OrderEventsPublishingJob    : Publishing Order Events at 2026-08-15T13:15:45.007949505Z
Hibernate: select oee1_0.id,oee1_0.created_at,oee1_0.event_id,oee1_0.event_type,oee1_0.order_number,oee1_0.payload,oee1_0.updated_at from order_events oee1_0 order by oee1_0.created_at
2026-08-15T13:15:45.012Z  INFO 1 --- [orderservice] [   scheduling-1] [6f51b5dd272b3cdc5e7dc76debdf2784-81a4567d6a49a1bf] c.j.s.o.domain.OrderEventService         : Found 0 Order Events to be published
2026-08-15T13:15:45.018Z DEBUG 1 --- [orderservice] [   scheduling-1] [                                                 ] io.opentelemetry.sdk.trace.SdkSpan       : Ignoring setStatus() description since status is not ERROR.
2026-08-15T13:15:48.242Z DEBUG 1 --- [orderservice] [nio-8082-exec-9] [                                                 ] t.p.B3PropagatorExtractorMultipleHeaders : Invalid TraceId in B3 header: null'. Returning INVALID span context.
2026-08-15T13:15:48.243Z DEBUG 1 --- [orderservice] [nio-8082-exec-9] [                                                 ] t.p.B3PropagatorExtractorMultipleHeaders : Invalid TraceId in B3 header: null'. Returning INVALID span context.
2026-08-15T13:15:48.246Z DEBUG 1 --- [orderservice] [nio-8082-exec-9] [8ab44ca5880886eb5d7f9ca5b7d9026f-b3f6f52abd00fafd] io.opentelemetry.sdk.trace.SdkSpan       : Ignoring setStatus() description since status is not ERROR.
2026-08-15T13:15:48.247Z DEBUG 1 --- [orderservice] [nio-8082-exec-9] [8ab44ca5880886eb5d7f9ca5b7d9026f-e02cec5a6d77ecd3] io.opentelemetry.sdk.trace.SdkSpan       : Ignoring setStatus() description since status is not ERROR.
2026-08-15T13:15:48.256Z DEBUG 1 --- [orderservice] [nio-8082-exec-9] [8ab44ca5880886eb5d7f9ca5b7d9026f-e02cec5a6d77ecd3] io.opentelemetry.sdk.trace.SdkSpan       : Ignoring setStatus() description since status is not ERROR.
2026-08-15T13:15:48.257Z DEBUG 1 --- [orderservice] [nio-8082-exec-9] [8ab44ca5880886eb5d7f9ca5b7d9026f-e02cec5a6d77ecd3] io.opentelemetry.sdk.trace.SdkSpan       : Ignoring setStatus() description since status is not ERROR.
2026-08-15T13:15:48.421Z DEBUG 1 --- [orderservice] [_WorkerThread-1] [                                                 ] i.o.sdk.trace.export.BatchSpanProcessor  : Exporter failed
2026-08-15T13:15:50.006Z  INFO 1 --- [orderservice] [   scheduling-1] [0a72bb338027409d15e7049baf9afa31-c9471882aa980fe5] c.j.s.o.jobs.OrderEventsPublishingJob    : Publishing Order Events at 2026-08-15T13:15:50.006778179Z
Hibernate: select oee1_0.id,oee1_0.created_at,oee1_0.event_id,oee1_0.event_type,oee1_0.order_number,oee1_0.payload,oee1_0.updated_at from order_events oee1_0 order by oee1_0.created_at
2026-08-15T13:15:50.009Z  INFO 1 --- [orderservice] [   scheduling-1] [0a72bb338027409d15e7049baf9afa31-c9471882aa980fe5] c.j.s.o.domain.OrderEventService         : Found 0 Order Events to be published
2026-08-15T13:15:50.014Z DEBUG 1 --- [orderservice] [   scheduling-1] [                                                 ] io.opentelemetry.sdk.trace.SdkSpan       : Ignoring setStatus() description since status is not ERROR.
2026-08-15T13:15:50.019Z  INFO 1 --- [orderservice] [   scheduling-1] [8a93b519105e6140530857f2b9cd62b8-42f5a8326fb368b2] c.j.s.o.jobs.OrderProcessingJob          : Processing New Orders at 2026-08-15T13:15:50.019153118Z
Hibernate: select oe1_0.id,oe1_0.comments,oe1_0.created_at,oe1_0.customer_name,oe1_0.customer_email,oe1_0.customer_phone,oe1_0.delivery_address_line1,oe1_0.delivery_address_line2,oe1_0.delivery_address_city,oe1_0.delivery_address_state,oe1_0.delivery_address_zip_code,oe1_0.delivery_address_country,oe1_0.order_number,oe1_0.status,oe1_0.updated_at,oe1_0.username from orders oe1_0 where oe1_0.status=?
2026-08-15T13:15:50.021Z  INFO 1 --- [orderservice] [   scheduling-1] [8a93b519105e6140530857f2b9cd62b8-42f5a8326fb368b2] c.j.s.orderservice.domain.OrderService   : Found 0 new orders to process
2026-08-15T13:15:50.026Z DEBUG 1 --- [orderservice] [   scheduling-1] [                                                 ] io.opentelemetry.sdk.trace.SdkSpan       : Ignoring setStatus() description since status is not ERROR.
2026-08-15T13:15:53.239Z DEBUG 1 --- [orderservice] [io-8082-exec-10] [                                                 ] t.p.B3PropagatorExtractorMultipleHeaders : Invalid TraceId in B3 header: null'. Returning INVALID span context.
2026-08-15T13:15:53.239Z DEBUG 1 --- [orderservice] [io-8082-exec-10] [                                                 ] t.p.B3PropagatorExtractorMultipleHeaders : Invalid TraceId in B3 header: null'. Returning INVALID span context.
2026-08-15T13:15:53.242Z DEBUG 1 --- [orderservice] [io-8082-exec-10] [23a7dd41f3656d29d0c8277029e6a935-b5628cac51800d33] io.opentelemetry.sdk.trace.SdkSpan       : Ignoring setStatus() description since status is not ERROR.
2026-08-15T13:15:53.242Z DEBUG 1 --- [orderservice] [io-8082-exec-10] [23a7dd41f3656d29d0c8277029e6a935-d644d1fce5615df4] io.opentelemetry.sdk.trace.SdkSpan       : Ignoring setStatus() description since status is not ERROR.
2026-08-15T13:15:53.253Z DEBUG 1 --- [orderservice] [io-8082-exec-10] [23a7dd41f3656d29d0c8277029e6a935-d644d1fce5615df4] io.opentelemetry.sdk.trace.SdkSpan       : Ignoring setStatus() description since status is not ERROR.
2026-08-15T13:15:53.253Z DEBUG 1 --- [orderservice] [io-8082-exec-10] [23a7dd41f3656d29d0c8277029e6a935-d644d1fce5615df4] io.opentelemetry.sdk.trace.SdkSpan       : Ignoring setStatus() description since status is not ERROR.
2026-08-15T13:15:53.423Z DEBUG 1 --- [orderservice] [_WorkerThread-1] [                                                 ] i.o.sdk.trace.export.BatchSpanProcessor  : Exporter failed
2026-08-15T13:15:55.004Z  INFO 1 --- [orderservice] [   scheduling-1] [15cb26c52fb519b3d1c9695a57d6bfb6-601061e94126ec7c] c.j.s.o.jobs.OrderEventsPublishingJob    : Publishing Order Events at 2026-08-15T13:15:55.004678807Z
Hibernate: select oee1_0.id,oee1_0.created_at,oee1_0.event_id,oee1_0.event_type,oee1_0.order_number,oee1_0.payload,oee1_0.updated_at from order_events oee1_0 order by oee1_0.created_at
2026-08-15T13:15:55.008Z  INFO 1 --- [orderservice] [   scheduling-1] [15cb26c52fb519b3d1c9695a57d6bfb6-601061e94126ec7c] c.j.s.o.domain.OrderEventService         : Found 0 Order Events to be published
2026-08-15T13:15:55.013Z DEBUG 1 --- [orderservice] [   scheduling-1] [                                                 ] io.opentelemetry.sdk.trace.SdkSpan       : Ignoring setStatus() description since status is not ERROR.
2026-08-15T13:15:58.240Z DEBUG 1 --- [orderservice] [nio-8082-exec-1] [                                                 ] t.p.B3PropagatorExtractorMultipleHeaders : Invalid TraceId in B3 header: null'. Returning INVALID span context.
2026-08-15T13:15:58.240Z DEBUG 1 --- [orderservice] [nio-8082-exec-1] [                                                 ] t.p.B3PropagatorExtractorMultipleHeaders : Invalid TraceId in B3 header: null'. Returning INVALID span context.
2026-08-15T13:15:58.243Z DEBUG 1 --- [orderservice] [nio-8082-exec-1] [61f5aec255b5809c0bf9e3b6b22bca94-cd18683dc465ee41] io.opentelemetry.sdk.trace.SdkSpan       : Ignoring setStatus() description since status is not ERROR.
2026-08-15T13:15:58.244Z DEBUG 1 --- [orderservice] [nio-8082-exec-1] [61f5aec255b5809c0bf9e3b6b22bca94-d889bbb6e6a469d6] io.opentelemetry.sdk.trace.SdkSpan       : Ignoring setStatus() description since status is not ERROR.
2026-08-15T13:15:58.255Z DEBUG 1 --- [orderservice] [nio-8082-exec-1] [61f5aec255b5809c0bf9e3b6b22bca94-d889bbb6e6a469d6] io.opentelemetry.sdk.trace.SdkSpan       : Ignoring setStatus() description since status is not ERROR.
2026-08-15T13:15:58.256Z DEBUG 1 --- [orderservice] [nio-8082-exec-1] [61f5aec255b5809c0bf9e3b6b22bca94-d889bbb6e6a469d6] io.opentelemetry.sdk.trace.SdkSpan       : Ignoring setStatus() description since status is not ERROR.
2026-08-15T13:15:58.426Z DEBUG 1 --- [orderservice] [_WorkerThread-1] [                                                 ] i.o.sdk.trace.export.BatchSpanProcessor  : Exporter failed
2026-08-15T13:16:00.004Z  INFO 1 --- [orderservice] [   scheduling-1] [57983d35e97be267e562cfd4b52643da-209f149c9c3f74d0] c.j.s.o.jobs.OrderProcessingJob          : Processing New Orders at 2026-08-15T13:16:00.004384247Z
Hibernate: select oe1_0.id,oe1_0.comments,oe1_0.created_at,oe1_0.customer_name,oe1_0.customer_email,oe1_0.customer_phone,oe1_0.delivery_address_line1,oe1_0.delivery_address_line2,oe1_0.delivery_address_city,oe1_0.delivery_address_state,oe1_0.delivery_address_zip_code,oe1_0.delivery_address_country,oe1_0.order_number,oe1_0.status,oe1_0.updated_at,oe1_0.username from orders oe1_0 where oe1_0.status=?
2026-08-15T13:16:00.007Z  INFO 1 --- [orderservice] [   scheduling-1] [57983d35e97be267e562cfd4b52643da-209f149c9c3f74d0] c.j.s.orderservice.domain.OrderService   : Found 0 new orders to process
2026-08-15T13:16:00.013Z DEBUG 1 --- [orderservice] [   scheduling-1] [                                                 ] io.opentelemetry.sdk.trace.SdkSpan       : Ignoring setStatus() description since status is not ERROR.
2026-08-15T13:16:00.019Z  INFO 1 --- [orderservice] [   scheduling-1] [afae586e5abc685fd7941703385df77b-e43503d4a2dcdcef] c.j.s.o.jobs.OrderEventsPublishingJob    : Publishing Order Events at 2026-08-15T13:16:00.019152988Z
Hibernate: select oee1_0.id,oee1_0.created_at,oee1_0.event_id,oee1_0.event_type,oee1_0.order_number,oee1_0.payload,oee1_0.updated_at from order_events oee1_0 order by oee1_0.created_at
2026-08-15T13:16:00.023Z  INFO 1 --- [orderservice] [   scheduling-1] [afae586e5abc685fd7941703385df77b-e43503d4a2dcdcef] c.j.s.o.domain.OrderEventService         : Found 0 Order Events to be published
2026-08-15T13:16:00.028Z DEBUG 1 --- [orderservice] [   scheduling-1] [                                                 ] io.opentelemetry.sdk.trace.SdkSpan       : Ignoring setStatus() description since status is not ERROR.
2026-08-15T13:16:03.237Z DEBUG 1 --- [orderservice] [nio-8082-exec-2] [                                                 ] t.p.B3PropagatorExtractorMultipleHeaders : Invalid TraceId in B3 header: null'. Returning INVALID span context.
2026-08-15T13:16:03.237Z DEBUG 1 --- [orderservice] [nio-8082-exec-2] [                                                 ] t.p.B3PropagatorExtractorMultipleHeaders : Invalid TraceId in B3 header: null'. Returning INVALID span context.
2026-08-15T13:16:03.239Z DEBUG 1 --- [orderservice] [nio-8082-exec-2] [0054894fd6f35810fb868d99e98d5fff-ac035cc3e035feb3] io.opentelemetry.sdk.trace.SdkSpan       : Ignoring setStatus() description since status is not ERROR.
2026-08-15T13:16:03.239Z DEBUG 1 --- [orderservice] [nio-8082-exec-2] [0054894fd6f35810fb868d99e98d5fff-261395f5136f8f51] io.opentelemetry.sdk.trace.SdkSpan       : Ignoring setStatus() description since status is not ERROR.
2026-08-15T13:16:03.247Z DEBUG 1 --- [orderservice] [nio-8082-exec-2] [0054894fd6f35810fb868d99e98d5fff-261395f5136f8f51] io.opentelemetry.sdk.trace.SdkSpan       : Ignoring setStatus() description since status is not ERROR.
2026-08-15T13:16:03.247Z DEBUG 1 --- [orderservice] [nio-8082-exec-2] [0054894fd6f35810fb868d99e98d5fff-261395f5136f8f51] io.opentelemetry.sdk.trace.SdkSpan       : Ignoring setStatus() description since status is not ERROR.
2026-08-15T13:16:03.429Z DEBUG 1 --- [orderservice] [_WorkerThread-1] [                                                 ] i.o.sdk.trace.export.BatchSpanProcessor  : Exporter failed
2026-08-15T13:16:05.006Z  INFO 1 --- [orderservice] [   scheduling-1] [64215f9c4828755678fb9919c8b263fa-d20a8e67b09f32e6] c.j.s.o.jobs.OrderEventsPublishingJob    : Publishing Order Events at 2026-08-15T13:16:05.006923070Z
Hibernate: select oee1_0.id,oee1_0.created_at,oee1_0.event_id,oee1_0.event_type,oee1_0.order_number,oee1_0.payload,oee1_0.updated_at from order_events oee1_0 order by oee1_0.created_at
2026-08-15T13:16:05.009Z  INFO 1 --- [orderservice] [   scheduling-1] [64215f9c4828755678fb9919c8b263fa-d20a8e67b09f32e6] c.j.s.o.domain.OrderEventService         : Found 0 Order Events to be published
2026-08-15T13:16:05.014Z DEBUG 1 --- [orderservice] [   scheduling-1] [                                                 ] io.opentelemetry.sdk.trace.SdkSpan       : Ignoring setStatus() description since status is not ERROR.
2026-08-15T13:16:08.237Z DEBUG 1 --- [orderservice] [nio-8082-exec-3] [                                                 ] t.p.B3PropagatorExtractorMultipleHeaders : Invalid TraceId in B3 header: null'. Returning INVALID span context.
2026-08-15T13:16:08.237Z DEBUG 1 --- [orderservice] [nio-8082-exec-3] [                                                 ] t.p.B3PropagatorExtractorMultipleHeaders : Invalid TraceId in B3 header: null'. Returning INVALID span context.
2026-08-15T13:16:08.238Z DEBUG 1 --- [orderservice] [nio-8082-exec-3] [0b4cdc204eddd1971f82cc661708a8b1-2feccecc06e943ac] io.opentelemetry.sdk.trace.SdkSpan       : Ignoring setStatus() description since status is not ERROR.
2026-08-15T13:16:08.238Z DEBUG 1 --- [orderservice] [nio-8082-exec-3] [0b4cdc204eddd1971f82cc661708a8b1-81b1f40d1229888e] io.opentelemetry.sdk.trace.SdkSpan       : Ignoring setStatus() description since status is not ERROR.
2026-08-15T13:16:08.245Z DEBUG 1 --- [orderservice] [nio-8082-exec-3] [0b4cdc204eddd1971f82cc661708a8b1-81b1f40d1229888e] io.opentelemetry.sdk.trace.SdkSpan       : Ignoring setStatus() description since status is not ERROR.
2026-08-15T13:16:08.246Z DEBUG 1 --- [orderservice] [nio-8082-exec-3] [0b4cdc204eddd1971f82cc661708a8b1-81b1f40d1229888e] io.opentelemetry.sdk.trace.SdkSpan       : Ignoring setStatus() description since status is not ERROR.
2026-08-15T13:16:08.432Z DEBUG 1 --- [orderservice] [_WorkerThread-1] [                                                 ] i.o.sdk.trace.export.BatchSpanProcessor  : Exporter failed
2026-08-15T13:16:10.008Z  INFO 1 --- [orderservice] [   scheduling-1] [951cd53fade50c23e6eec75db6fde892-c7f5b8628e0d54f2] c.j.s.o.jobs.OrderEventsPublishingJob    : Publishing Order Events at 2026-08-15T13:16:10.008190170Z
Hibernate: select oee1_0.id,oee1_0.created_at,oee1_0.event_id,oee1_0.event_type,oee1_0.order_number,oee1_0.payload,oee1_0.updated_at from order_events oee1_0 order by oee1_0.created_at
2026-08-15T13:16:10.012Z  INFO 1 --- [orderservice] [   scheduling-1] [951cd53fade50c23e6eec75db6fde892-c7f5b8628e0d54f2] c.j.s.o.domain.OrderEventService         : Found 0 Order Events to be published
2026-08-15T13:16:10.017Z DEBUG 1 --- [orderservice] [   scheduling-1] [                                                 ] io.opentelemetry.sdk.trace.SdkSpan       : Ignoring setStatus() description since status is not ERROR.
2026-08-15T13:16:10.022Z  INFO 1 --- [orderservice] [   scheduling-1] [51035b481a251c8e56dc301e6dd5b8c6-fe3d8a2a0eafcf99] c.j.s.o.jobs.OrderProcessingJob          : Processing New Orders at 2026-08-15T13:16:10.022410764Z
Hibernate: select oe1_0.id,oe1_0.comments,oe1_0.created_at,oe1_0.customer_name,oe1_0.customer_email,oe1_0.customer_phone,oe1_0.delivery_address_line1,oe1_0.delivery_address_line2,oe1_0.delivery_address_city,oe1_0.delivery_address_state,oe1_0.delivery_address_zip_code,oe1_0.delivery_address_country,oe1_0.order_number,oe1_0.status,oe1_0.updated_at,oe1_0.username from orders oe1_0 where oe1_0.status=?
2026-08-15T13:16:10.024Z  INFO 1 --- [orderservice] [   scheduling-1] [51035b481a251c8e56dc301e6dd5b8c6-fe3d8a2a0eafcf99] c.j.s.orderservice.domain.OrderService   : Found 0 new orders to process
2026-08-15T13:16:10.029Z DEBUG 1 --- [orderservice] [   scheduling-1] [                                                 ] io.opentelemetry.sdk.trace.SdkSpan       : Ignoring setStatus() description since status is not ERROR.
2026-08-15T13:16:13.239Z DEBUG 1 --- [orderservice] [nio-8082-exec-4] [                                                 ] t.p.B3PropagatorExtractorMultipleHeaders : Invalid TraceId in B3 header: null'. Returning INVALID span context.
2026-08-15T13:16:13.239Z DEBUG 1 --- [orderservice] [nio-8082-exec-4] [                                                 ] t.p.B3PropagatorExtractorMultipleHeaders : Invalid TraceId in B3 header: null'. Returning INVALID span context.
2026-08-15T13:16:13.242Z DEBUG 1 --- [orderservice] [nio-8082-exec-4] [f4178631da03608e385ba46ae34f1182-e42f2e4918341e01] io.opentelemetry.sdk.trace.SdkSpan       : Ignoring setStatus() description since status is not ERROR.
2026-08-15T13:16:13.242Z DEBUG 1 --- [orderservice] [nio-8082-exec-4] [f4178631da03608e385ba46ae34f1182-b7045b2ad90a3ae4] io.opentelemetry.sdk.trace.SdkSpan       : Ignoring setStatus() description since status is not ERROR.
2026-08-15T13:16:13.261Z DEBUG 1 --- [orderservice] [nio-8082-exec-4] [f4178631da03608e385ba46ae34f1182-b7045b2ad90a3ae4] io.opentelemetry.sdk.trace.SdkSpan       : Ignoring setStatus() description since status is not ERROR.
2026-08-15T13:16:13.262Z DEBUG 1 --- [orderservice] [nio-8082-exec-4] [f4178631da03608e385ba46ae34f1182-b7045b2ad90a3ae4] io.opentelemetry.sdk.trace.SdkSpan       : Ignoring setStatus() description since status is not ERROR.
2026-08-15T13:16:13.440Z DEBUG 1 --- [orderservice] [_WorkerThread-1] [                                                 ] i.o.sdk.trace.export.BatchSpanProcessor  : Exporter failed
2026-08-15T13:16:15.008Z  INFO 1 --- [orderservice] [   scheduling-1] [640afc3c942012ad59ba56fd8efd421f-0b9067d762f59de5] c.j.s.o.jobs.OrderEventsPublishingJob    : Publishing Order Events at 2026-08-15T13:16:15.008429431Z
Hibernate: select oee1_0.id,oee1_0.created_at,oee1_0.event_id,oee1_0.event_type,oee1_0.order_number,oee1_0.payload,oee1_0.updated_at from order_events oee1_0 order by oee1_0.created_at
2026-08-15T13:16:15.012Z  INFO 1 --- [orderservice] [   scheduling-1] [640afc3c942012ad59ba56fd8efd421f-0b9067d762f59de5] c.j.s.o.domain.OrderEventService         : Found 0 Order Events to be published
2026-08-15T13:16:15.018Z DEBUG 1 --- [orderservice] [   scheduling-1] [                                                 ] io.opentelemetry.sdk.trace.SdkSpan       : Ignoring setStatus() description since status is not ERROR.
2026-08-15T13:16:18.237Z DEBUG 1 --- [orderservice] [nio-8082-exec-6] [                                                 ] t.p.B3PropagatorExtractorMultipleHeaders : Invalid TraceId in B3 header: null'. Returning INVALID span context.
2026-08-15T13:16:18.237Z DEBUG 1 --- [orderservice] [nio-8082-exec-6] [                                                 ] t.p.B3PropagatorExtractorMultipleHeaders : Invalid TraceId in B3 header: null'. Returning INVALID span context.
2026-08-15T13:16:18.238Z DEBUG 1 --- [orderservice] [nio-8082-exec-6] [6d1dd4adab4538caf60531faa06f3781-e835973e18894c8a] io.opentelemetry.sdk.trace.SdkSpan       : Ignoring setStatus() description since status is not ERROR.
2026-08-15T13:16:18.239Z DEBUG 1 --- [orderservice] [nio-8082-exec-6] [6d1dd4adab4538caf60531faa06f3781-9a175a086aaa25ed] io.opentelemetry.sdk.trace.SdkSpan       : Ignoring setStatus() description since status is not ERROR.
2026-08-15T13:16:18.245Z DEBUG 1 --- [orderservice] [nio-8082-exec-6] [6d1dd4adab4538caf60531faa06f3781-9a175a086aaa25ed] io.opentelemetry.sdk.trace.SdkSpan       : Ignoring setStatus() description since status is not ERROR.
2026-08-15T13:16:18.246Z DEBUG 1 --- [orderservice] [nio-8082-exec-6] [6d1dd4adab4538caf60531faa06f3781-9a175a086aaa25ed] io.opentelemetry.sdk.trace.SdkSpan       : Ignoring setStatus() description since status is not ERROR.
2026-08-15T13:16:18.444Z DEBUG 1 --- [orderservice] [_WorkerThread-1] [                                                 ] i.o.sdk.trace.export.BatchSpanProcessor  : Exporter failed
2026-08-15T13:16:20.006Z  INFO 1 --- [orderservice] [   scheduling-1] [3492e112a48801685db4144742ffae9a-a7c3a1bb13caabc7] c.j.s.o.jobs.OrderEventsPublishingJob    : Publishing Order Events at 2026-08-15T13:16:20.006839889Z
Hibernate: select oee1_0.id,oee1_0.created_at,oee1_0.event_id,oee1_0.event_type,oee1_0.order_number,oee1_0.payload,oee1_0.updated_at from order_events oee1_0 order by oee1_0.created_at
2026-08-15T13:16:20.010Z  INFO 1 --- [orderservice] [   scheduling-1] [3492e112a48801685db4144742ffae9a-a7c3a1bb13caabc7] c.j.s.o.domain.OrderEventService         : Found 0 Order Events to be published
2026-08-15T13:16:20.015Z DEBUG 1 --- [orderservice] [   scheduling-1] [                                                 ] io.opentelemetry.sdk.trace.SdkSpan       : Ignoring setStatus() description since status is not ERROR.
2026-08-15T13:16:20.019Z  INFO 1 --- [orderservice] [   scheduling-1] [dae67edff24427e722dbe30b01281eab-675b42e188c37ab5] c.j.s.o.jobs.OrderProcessingJob          : Processing New Orders at 2026-08-15T13:16:20.019814524Z
Hibernate: select oe1_0.id,oe1_0.comments,oe1_0.created_at,oe1_0.customer_name,oe1_0.customer_email,oe1_0.customer_phone,oe1_0.delivery_address_line1,oe1_0.delivery_address_line2,oe1_0.delivery_address_city,oe1_0.delivery_address_state,oe1_0.delivery_address_zip_code,oe1_0.delivery_address_country,oe1_0.order_number,oe1_0.status,oe1_0.updated_at,oe1_0.username from orders oe1_0 where oe1_0.status=?
2026-08-15T13:16:20.022Z  INFO 1 --- [orderservice] [   scheduling-1] [dae67edff24427e722dbe30b01281eab-675b42e188c37ab5] c.j.s.orderservice.domain.OrderService   : Found 0 new orders to process
2026-08-15T13:16:20.027Z DEBUG 1 --- [orderservice] [   scheduling-1] [                                                 ] io.opentelemetry.sdk.trace.SdkSpan       : Ignoring setStatus() description since status is not ERROR.
2026-08-15T13:16:23.236Z DEBUG 1 --- [orderservice] [nio-8082-exec-7] [                                                 ] t.p.B3PropagatorExtractorMultipleHeaders : Invalid TraceId in B3 header: null'. Returning INVALID span context.
2026-08-15T13:16:23.236Z DEBUG 1 --- [orderservice] [nio-8082-exec-7] [                                                 ] t.p.B3PropagatorExtractorMultipleHeaders : Invalid TraceId in B3 header: null'. Returning INVALID span context.
2026-08-15T13:16:23.239Z DEBUG 1 --- [orderservice] [nio-8082-exec-7] [5064b6ae7d8654ca2b0d5d56ae013d91-9f2752a0c29bd9b3] io.opentelemetry.sdk.trace.SdkSpan       : Ignoring setStatus() description since status is not ERROR.
2026-08-15T13:16:23.239Z DEBUG 1 --- [orderservice] [nio-8082-exec-7] [5064b6ae7d8654ca2b0d5d56ae013d91-e3dd63955d9c00b4] io.opentelemetry.sdk.trace.SdkSpan       : Ignoring setStatus() description since status is not ERROR.
2026-08-15T13:16:23.253Z DEBUG 1 --- [orderservice] [nio-8082-exec-7] [5064b6ae7d8654ca2b0d5d56ae013d91-e3dd63955d9c00b4] io.opentelemetry.sdk.trace.SdkSpan       : Ignoring setStatus() description since status is not ERROR.
2026-08-15T13:16:23.253Z DEBUG 1 --- [orderservice] [nio-8082-exec-7] [5064b6ae7d8654ca2b0d5d56ae013d91-e3dd63955d9c00b4] io.opentelemetry.sdk.trace.SdkSpan       : Ignoring setStatus() description since status is not ERROR.
2026-08-15T13:16:23.447Z DEBUG 1 --- [orderservice] [_WorkerThread-1] [                                                 ] i.o.sdk.trace.export.BatchSpanProcessor  : Exporter failed
2026-08-15T13:16:25.003Z  INFO 1 --- [orderservice] [   scheduling-1] [a0daf4b5b28033f61ee0d8ab6b81f2cf-252bec7675d64562] c.j.s.o.jobs.OrderEventsPublishingJob    : Publishing Order Events at 2026-08-15T13:16:25.003220074Z
Hibernate: select oee1_0.id,oee1_0.created_at,oee1_0.event_id,oee1_0.event_type,oee1_0.order_number,oee1_0.payload,oee1_0.updated_at from order_events oee1_0 order by oee1_0.created_at
2026-08-15T13:16:25.008Z  INFO 1 --- [orderservice] [   scheduling-1] [a0daf4b5b28033f61ee0d8ab6b81f2cf-252bec7675d64562] c.j.s.o.domain.OrderEventService         : Found 0 Order Events to be published
2026-08-15T13:16:25.014Z DEBUG 1 --- [orderservice] [   scheduling-1] [                                                 ] io.opentelemetry.sdk.trace.SdkSpan       : Ignoring setStatus() description since status is not ERROR.
2026-08-15T13:16:28.237Z DEBUG 1 --- [orderservice] [nio-8082-exec-5] [                                                 ] t.p.B3PropagatorExtractorMultipleHeaders : Invalid TraceId in B3 header: null'. Returning INVALID span context.
2026-08-15T13:16:28.237Z DEBUG 1 --- [orderservice] [nio-8082-exec-5] [                                                 ] t.p.B3PropagatorExtractorMultipleHeaders : Invalid TraceId in B3 header: null'. Returning INVALID span context.
2026-08-15T13:16:28.240Z DEBUG 1 --- [orderservice] [nio-8082-exec-5] [2621b1ef23ce86d94d63eac6b7c13f06-eb9da8f1083a2381] io.opentelemetry.sdk.trace.SdkSpan       : Ignoring setStatus() description since status is not ERROR.
2026-08-15T13:16:28.241Z DEBUG 1 --- [orderservice] [nio-8082-exec-5] [2621b1ef23ce86d94d63eac6b7c13f06-57778c1f70e638a1] io.opentelemetry.sdk.trace.SdkSpan       : Ignoring setStatus() description since status is not ERROR.
2026-08-15T13:16:28.253Z DEBUG 1 --- [orderservice] [nio-8082-exec-5] [2621b1ef23ce86d94d63eac6b7c13f06-57778c1f70e638a1] io.opentelemetry.sdk.trace.SdkSpan       : Ignoring setStatus() description since status is not ERROR.
2026-08-15T13:16:28.253Z DEBUG 1 --- [orderservice] [nio-8082-exec-5] [2621b1ef23ce86d94d63eac6b7c13f06-57778c1f70e638a1] io.opentelemetry.sdk.trace.SdkSpan       : Ignoring setStatus() description since status is not ERROR.
2026-08-15T13:16:28.456Z DEBUG 1 --- [orderservice] [_WorkerThread-1] [                                                 ] i.o.sdk.trace.export.BatchSpanProcessor  : Exporter failed
2026-08-15T13:16:30.004Z  INFO 1 --- [orderservice] [   scheduling-1] [80578fa88edf4bf2e0bc76c1e57583ff-1a765b3e9a9159de] c.j.s.o.jobs.OrderProcessingJob          : Processing New Orders at 2026-08-15T13:16:30.004035718Z
Hibernate: select oe1_0.id,oe1_0.comments,oe1_0.created_at,oe1_0.customer_name,oe1_0.customer_email,oe1_0.customer_phone,oe1_0.delivery_address_line1,oe1_0.delivery_address_line2,oe1_0.delivery_address_city,oe1_0.delivery_address_state,oe1_0.delivery_address_zip_code,oe1_0.delivery_address_country,oe1_0.order_number,oe1_0.status,oe1_0.updated_at,oe1_0.username from orders oe1_0 where oe1_0.status=?
2026-08-15T13:16:30.006Z  INFO 1 --- [orderservice] [   scheduling-1] [80578fa88edf4bf2e0bc76c1e57583ff-1a765b3e9a9159de] c.j.s.orderservice.domain.OrderService   : Found 0 new orders to process
2026-08-15T13:16:30.011Z DEBUG 1 --- [orderservice] [   scheduling-1] [                                                 ] io.opentelemetry.sdk.trace.SdkSpan       : Ignoring setStatus() description since status is not ERROR.
2026-08-15T13:16:30.015Z  INFO 1 --- [orderservice] [   scheduling-1] [b07197d68f755f49d7090738a455cb78-5c5f0e4fce6a3aba] c.j.s.o.jobs.OrderEventsPublishingJob    : Publishing Order Events at 2026-08-15T13:16:30.015515206Z
Hibernate: select oee1_0.id,oee1_0.created_at,oee1_0.event_id,oee1_0.event_type,oee1_0.order_number,oee1_0.payload,oee1_0.updated_at from order_events oee1_0 order by oee1_0.created_at
2026-08-15T13:16:30.018Z  INFO 1 --- [orderservice] [   scheduling-1] [b07197d68f755f49d7090738a455cb78-5c5f0e4fce6a3aba] c.j.s.o.domain.OrderEventService         : Found 0 Order Events to be published
2026-08-15T13:16:30.023Z DEBUG 1 --- [orderservice] [   scheduling-1] [                                                 ] io.opentelemetry.sdk.trace.SdkSpan       : Ignoring setStatus() description since status is not ERROR.
2026-08-15T13:16:33.235Z DEBUG 1 --- [orderservice] [nio-8082-exec-8] [                                                 ] t.p.B3PropagatorExtractorMultipleHeaders : Invalid TraceId in B3 header: null'. Returning INVALID span context.
2026-08-15T13:16:33.235Z DEBUG 1 --- [orderservice] [nio-8082-exec-8] [                                                 ] t.p.B3PropagatorExtractorMultipleHeaders : Invalid TraceId in B3 header: null'. Returning INVALID span context.
2026-08-15T13:16:33.236Z DEBUG 1 --- [orderservice] [nio-8082-exec-8] [303171ad69d38b98ec16b77517156082-3f847c5383deba26] io.opentelemetry.sdk.trace.SdkSpan       : Ignoring setStatus() description since status is not ERROR.
2026-08-15T13:16:33.236Z DEBUG 1 --- [orderservice] [nio-8082-exec-8] [303171ad69d38b98ec16b77517156082-92e5c137f72bfa51] io.opentelemetry.sdk.trace.SdkSpan       : Ignoring setStatus() description since status is not ERROR.
2026-08-15T13:16:33.242Z DEBUG 1 --- [orderservice] [nio-8082-exec-8] [303171ad69d38b98ec16b77517156082-92e5c137f72bfa51] io.opentelemetry.sdk.trace.SdkSpan       : Ignoring setStatus() description since status is not ERROR.
2026-08-15T13:16:33.243Z DEBUG 1 --- [orderservice] [nio-8082-exec-8] [303171ad69d38b98ec16b77517156082-92e5c137f72bfa51] io.opentelemetry.sdk.trace.SdkSpan       : Ignoring setStatus() description since status is not ERROR.
2026-08-15T13:16:33.464Z  WARN 1 --- [orderservice] [_WorkerThread-1] [                                                 ] i.o.exporter.zipkin.ZipkinSpanExporter   : Failed to export spans

java.net.ConnectException: Connection refused
	at java.net.http/jdk.internal.net.http.HttpClientImpl.send(Unknown Source) ~[java.net.http:na]
	at java.net.http/jdk.internal.net.http.HttpClientFacade.send(Unknown Source) ~[java.net.http:na]
	at org.springframework.boot.zipkin.autoconfigure.ZipkinHttpClientSender.postSpans(ZipkinHttpClientSender.java:59) ~[spring-boot-zipkin-4.1.0.jar:4.1.0]
	at org.springframework.boot.zipkin.autoconfigure.HttpSender.postSpans(HttpSender.java:69) ~[spring-boot-zipkin-4.1.0.jar:4.1.0]
	at org.springframework.boot.zipkin.autoconfigure.HttpSender.postSpans(HttpSender.java:41) ~[spring-boot-zipkin-4.1.0.jar:4.1.0]
	at zipkin2.reporter.BaseHttpSender.send(BaseHttpSender.java:123) ~[zipkin-reporter-3.5.3.jar:na]
	at io.opentelemetry.exporter.zipkin.ZipkinSpanExporter.lambda$export$0(ZipkinSpanExporter.java:104) ~[opentelemetry-exporter-zipkin-1.62.0.jar:1.62.0]
	at io.opentelemetry.context.Context.lambda$wrap$1(Context.java:241) ~[opentelemetry-context-1.62.0.jar:1.62.0]
	at io.opentelemetry.api.internal.InstrumentationUtil.suppressInstrumentation(InstrumentationUtil.java:28) ~[opentelemetry-api-1.62.0.jar:1.62.0]
	at io.opentelemetry.exporter.zipkin.ZipkinSpanExporter.export(ZipkinSpanExporter.java:101) ~[opentelemetry-exporter-zipkin-1.62.0.jar:1.62.0]
	at io.micrometer.tracing.otel.bridge.CompositeSpanExporter.lambda$export$3(CompositeSpanExporter.java:90) ~[micrometer-tracing-bridge-otel-1.7.0.jar:1.7.0]
	at java.base/java.util.ImmutableCollections$List12.forEach(Unknown Source) ~[na:na]
	at io.micrometer.tracing.otel.bridge.CompositeSpanExporter.export(CompositeSpanExporter.java:90) ~[micrometer-tracing-bridge-otel-1.7.0.jar:1.7.0]
	at io.opentelemetry.sdk.trace.export.BatchSpanProcessor$Worker.exportCurrentBatch(BatchSpanProcessor.java:334) ~[opentelemetry-sdk-trace-1.62.0.jar:1.62.0]
	at io.opentelemetry.sdk.trace.export.BatchSpanProcessor$Worker.run(BatchSpanProcessor.java:235) ~[opentelemetry-sdk-trace-1.62.0.jar:1.62.0]
	at java.base/java.lang.Thread.run(Unknown Source) ~[na:na]
Caused by: java.net.ConnectException: Connection refused
	at java.base/sun.nio.ch.Net.pollConnect(Native Method) ~[na:na]
	at java.base/sun.nio.ch.Net.pollConnectNow(Unknown Source) ~[na:na]
	at java.base/sun.nio.ch.SocketChannelImpl.finishConnect(Unknown Source) ~[na:na]
	at java.net.http/jdk.internal.net.http.PlainHttpConnection$ConnectEvent.handle(Unknown Source) ~[java.net.http:na]
	at java.net.http/jdk.internal.net.http.HttpClientImpl$SelectorManager.handleEvent(Unknown Source) ~[java.net.http:na]
	at java.net.http/jdk.internal.net.http.HttpClientImpl$SelectorManager.lambda$run$3(Unknown Source) ~[java.net.http:na]
	at java.base/java.util.ArrayList.forEach(Unknown Source) ~[na:na]
	at java.net.http/jdk.internal.net.http.HttpClientImpl$SelectorManager.run(Unknown Source) ~[java.net.http:na]
	at java.base/java.lang.VirtualThread.run(Unknown Source) ~[na:na]

2026-08-15T13:16:33.466Z DEBUG 1 --- [orderservice] [_WorkerThread-1] [                                                 ] i.o.sdk.trace.export.BatchSpanProcessor  : Exporter failed
2026-08-15T13:16:35.007Z  INFO 1 --- [orderservice] [   scheduling-1] [b4ba30600e52d3efbd2b054cc878621d-8b6ec64cb32db733] c.j.s.o.jobs.OrderEventsPublishingJob    : Publishing Order Events at 2026-08-15T13:16:35.007043400Z
Hibernate: select oee1_0.id,oee1_0.created_at,oee1_0.event_id,oee1_0.event_type,oee1_0.order_number,oee1_0.payload,oee1_0.updated_at from order_events oee1_0 order by oee1_0.created_at
2026-08-15T13:16:35.010Z  INFO 1 --- [orderservice] [   scheduling-1] [b4ba30600e52d3efbd2b054cc878621d-8b6ec64cb32db733] c.j.s.o.domain.OrderEventService         : Found 0 Order Events to be published
2026-08-15T13:16:35.015Z DEBUG 1 --- [orderservice] [   scheduling-1] [                                                 ] io.opentelemetry.sdk.trace.SdkSpan       : Ignoring setStatus() description since status is not ERROR.
2026-08-15T13:16:38.235Z DEBUG 1 --- [orderservice] [nio-8082-exec-9] [                                                 ] t.p.B3PropagatorExtractorMultipleHeaders : Invalid TraceId in B3 header: null'. Returning INVALID span context.
2026-08-15T13:16:38.235Z DEBUG 1 --- [orderservice] [nio-8082-exec-9] [                                                 ] t.p.B3PropagatorExtractorMultipleHeaders : Invalid TraceId in B3 header: null'. Returning INVALID span context.
2026-08-15T13:16:38.236Z DEBUG 1 --- [orderservice] [nio-8082-exec-9] [a8cb14ccfe11f67dec78ba3b78e428c6-6415fdb94321ac89] io.opentelemetry.sdk.trace.SdkSpan       : Ignoring setStatus() description since status is not ERROR.
2026-08-15T13:16:38.236Z DEBUG 1 --- [orderservice] [nio-8082-exec-9] [a8cb14ccfe11f67dec78ba3b78e428c6-d6752533e45040be] io.opentelemetry.sdk.trace.SdkSpan       : Ignoring setStatus() description since status is not ERROR.
2026-08-15T13:16:38.243Z DEBUG 1 --- [orderservice] [nio-8082-exec-9] [a8cb14ccfe11f67dec78ba3b78e428c6-d6752533e45040be] io.opentelemetry.sdk.trace.SdkSpan       : Ignoring setStatus() description since status is not ERROR.
2026-08-15T13:16:38.243Z DEBUG 1 --- [orderservice] [nio-8082-exec-9] [a8cb14ccfe11f67dec78ba3b78e428c6-d6752533e45040be] io.opentelemetry.sdk.trace.SdkSpan       : Ignoring setStatus() description since status is not ERROR.
2026-08-15T13:16:38.469Z DEBUG 1 --- [orderservice] [_WorkerThread-1] [                                                 ] i.o.sdk.trace.export.BatchSpanProcessor  : Exporter failed
2026-08-15T13:16:40.006Z  INFO 1 --- [orderservice] [   scheduling-1] [4abfff309fc41fc234a1897cfca6c013-15eee43f5af36ff6] c.j.s.o.jobs.OrderEventsPublishingJob    : Publishing Order Events at 2026-08-15T13:16:40.006878235Z
Hibernate: select oee1_0.id,oee1_0.created_at,oee1_0.event_id,oee1_0.event_type,oee1_0.order_number,oee1_0.payload,oee1_0.updated_at from order_events oee1_0 order by oee1_0.created_at
2026-08-15T13:16:40.010Z  INFO 1 --- [orderservice] [   scheduling-1] [4abfff309fc41fc234a1897cfca6c013-15eee43f5af36ff6] c.j.s.o.domain.OrderEventService         : Found 0 Order Events to be published
2026-08-15T13:16:40.015Z DEBUG 1 --- [orderservice] [   scheduling-1] [                                                 ] io.opentelemetry.sdk.trace.SdkSpan       : Ignoring setStatus() description since status is not ERROR.
2026-08-15T13:16:40.020Z  INFO 1 --- [orderservice] [   scheduling-1] [07c3e1dc9b239b2f298168c9365290e3-14a9dd648a6c0a7c] c.j.s.o.jobs.OrderProcessingJob          : Processing New Orders at 2026-08-15T13:16:40.020421329Z
Hibernate: select oe1_0.id,oe1_0.comments,oe1_0.created_at,oe1_0.customer_name,oe1_0.customer_email,oe1_0.customer_phone,oe1_0.delivery_address_line1,oe1_0.delivery_address_line2,oe1_0.delivery_address_city,oe1_0.delivery_address_state,oe1_0.delivery_address_zip_code,oe1_0.delivery_address_country,oe1_0.order_number,oe1_0.status,oe1_0.updated_at,oe1_0.username from orders oe1_0 where oe1_0.status=?
2026-08-15T13:16:40.022Z  INFO 1 --- [orderservice] [   scheduling-1] [07c3e1dc9b239b2f298168c9365290e3-14a9dd648a6c0a7c] c.j.s.orderservice.domain.OrderService   : Found 0 new orders to process
2026-08-15T13:16:40.027Z DEBUG 1 --- [orderservice] [   scheduling-1] [                                                 ] io.opentelemetry.sdk.trace.SdkSpan       : Ignoring setStatus() description since status is not ERROR.
2026-08-15T13:16:43.236Z DEBUG 1 --- [orderservice] [io-8082-exec-10] [                                                 ] t.p.B3PropagatorExtractorMultipleHeaders : Invalid TraceId in B3 header: null'. Returning INVALID span context.
2026-08-15T13:16:43.237Z DEBUG 1 --- [orderservice] [io-8082-exec-10] [                                                 ] t.p.B3PropagatorExtractorMultipleHeaders : Invalid TraceId in B3 header: null'. Returning INVALID span context.
2026-08-15T13:16:43.239Z DEBUG 1 --- [orderservice] [io-8082-exec-10] [7c6c097580e982ead8ae3c1f1a665c6e-196907fe58f3d705] io.opentelemetry.sdk.trace.SdkSpan       : Ignoring setStatus() description since status is not ERROR.
2026-08-15T13:16:43.239Z DEBUG 1 --- [orderservice] [io-8082-exec-10] [7c6c097580e982ead8ae3c1f1a665c6e-b53c88b6507767e0] io.opentelemetry.sdk.trace.SdkSpan       : Ignoring setStatus() description since status is not ERROR.
2026-08-15T13:16:43.254Z DEBUG 1 --- [orderservice] [io-8082-exec-10] [7c6c097580e982ead8ae3c1f1a665c6e-b53c88b6507767e0] io.opentelemetry.sdk.trace.SdkSpan       : Ignoring setStatus() description since status is not ERROR.
2026-08-15T13:16:43.254Z DEBUG 1 --- [orderservice] [io-8082-exec-10] [7c6c097580e982ead8ae3c1f1a665c6e-b53c88b6507767e0] io.opentelemetry.sdk.trace.SdkSpan       : Ignoring setStatus() description since status is not ERROR.
2026-08-15T13:16:43.476Z DEBUG 1 --- [orderservice] [_WorkerThread-1] [                                                 ] i.o.sdk.trace.export.BatchSpanProcessor  : Exporter failed
2026-08-15T13:16:45.007Z  INFO 1 --- [orderservice] [   scheduling-1] [ed7b9a47931d10fe08ac150abe16db3a-84767079c0d7da25] c.j.s.o.jobs.OrderEventsPublishingJob    : Publishing Order Events at 2026-08-15T13:16:45.007077658Z
Hibernate: select oee1_0.id,oee1_0.created_at,oee1_0.event_id,oee1_0.event_type,oee1_0.order_number,oee1_0.payload,oee1_0.updated_at from order_events oee1_0 order by oee1_0.created_at
2026-08-15T13:16:45.010Z  INFO 1 --- [orderservice] [   scheduling-1] [ed7b9a47931d10fe08ac150abe16db3a-84767079c0d7da25] c.j.s.o.domain.OrderEventService         : Found 0 Order Events to be published
2026-08-15T13:16:45.015Z DEBUG 1 --- [orderservice] [   scheduling-1] [                                                 ] io.opentelemetry.sdk.trace.SdkSpan       : Ignoring setStatus() description since status is not ERROR.
2026-08-15T13:16:48.234Z DEBUG 1 --- [orderservice] [nio-8082-exec-1] [                                                 ] t.p.B3PropagatorExtractorMultipleHeaders : Invalid TraceId in B3 header: null'. Returning INVALID span context.
2026-08-15T13:16:48.235Z DEBUG 1 --- [orderservice] [nio-8082-exec-1] [                                                 ] t.p.B3PropagatorExtractorMultipleHeaders : Invalid TraceId in B3 header: null'. Returning INVALID span context.
2026-08-15T13:16:48.236Z DEBUG 1 --- [orderservice] [nio-8082-exec-1] [200bb78a103477b1e60a1d6d18bc8184-1f0001e90a27cba7] io.opentelemetry.sdk.trace.SdkSpan       : Ignoring setStatus() description since status is not ERROR.
2026-08-15T13:16:48.236Z DEBUG 1 --- [orderservice] [nio-8082-exec-1] [200bb78a103477b1e60a1d6d18bc8184-00adddaa88451060] io.opentelemetry.sdk.trace.SdkSpan       : Ignoring setStatus() description since status is not ERROR.
2026-08-15T13:16:48.245Z DEBUG 1 --- [orderservice] [nio-8082-exec-1] [200bb78a103477b1e60a1d6d18bc8184-00adddaa88451060] io.opentelemetry.sdk.trace.SdkSpan       : Ignoring setStatus() description since status is not ERROR.
2026-08-15T13:16:48.246Z DEBUG 1 --- [orderservice] [nio-8082-exec-1] [200bb78a103477b1e60a1d6d18bc8184-00adddaa88451060] io.opentelemetry.sdk.trace.SdkSpan       : Ignoring setStatus() description since status is not ERROR.
2026-08-15T13:16:48.480Z DEBUG 1 --- [orderservice] [_WorkerThread-1] [                                                 ] i.o.sdk.trace.export.BatchSpanProcessor  : Exporter failed
2026-08-15T13:16:50.007Z  INFO 1 --- [orderservice] [   scheduling-1] [48261be1aebf080e902adb17f87da46e-1ed016fe9184cc94] c.j.s.o.jobs.OrderProcessingJob          : Processing New Orders at 2026-08-15T13:16:50.007748753Z
Hibernate: select oe1_0.id,oe1_0.comments,oe1_0.created_at,oe1_0.customer_name,oe1_0.customer_email,oe1_0.customer_phone,oe1_0.delivery_address_line1,oe1_0.delivery_address_line2,oe1_0.delivery_address_city,oe1_0.delivery_address_state,oe1_0.delivery_address_zip_code,oe1_0.delivery_address_country,oe1_0.order_number,oe1_0.status,oe1_0.updated_at,oe1_0.username from orders oe1_0 where oe1_0.status=?
2026-08-15T13:16:50.010Z  INFO 1 --- [orderservice] [   scheduling-1] [48261be1aebf080e902adb17f87da46e-1ed016fe9184cc94] c.j.s.orderservice.domain.OrderService   : Found 0 new orders to process
2026-08-15T13:16:50.017Z DEBUG 1 --- [orderservice] [   scheduling-1] [                                                 ] io.opentelemetry.sdk.trace.SdkSpan       : Ignoring setStatus() description since status is not ERROR.
2026-08-15T13:16:50.022Z  INFO 1 --- [orderservice] [   scheduling-1] [a70d806ec2187cd79580bbc22f7d4eb6-69acd66e63810d04] c.j.s.o.jobs.OrderEventsPublishingJob    : Publishing Order Events at 2026-08-15T13:16:50.022448261Z
Hibernate: select oee1_0.id,oee1_0.created_at,oee1_0.event_id,oee1_0.event_type,oee1_0.order_number,oee1_0.payload,oee1_0.updated_at from order_events oee1_0 order by oee1_0.created_at
2026-08-15T13:16:50.024Z  INFO 1 --- [orderservice] [   scheduling-1] [a70d806ec2187cd79580bbc22f7d4eb6-69acd66e63810d04] c.j.s.o.domain.OrderEventService         : Found 0 Order Events to be published
2026-08-15T13:16:50.031Z DEBUG 1 --- [orderservice] [   scheduling-1] [                                                 ] io.opentelemetry.sdk.trace.SdkSpan       : Ignoring setStatus() description since status is not ERROR.
2026-08-15T13:16:53.232Z DEBUG 1 --- [orderservice] [nio-8082-exec-2] [                                                 ] t.p.B3PropagatorExtractorMultipleHeaders : Invalid TraceId in B3 header: null'. Returning INVALID span context.
2026-08-15T13:16:53.232Z DEBUG 1 --- [orderservice] [nio-8082-exec-2] [                                                 ] t.p.B3PropagatorExtractorMultipleHeaders : Invalid TraceId in B3 header: null'. Returning INVALID span context.
2026-08-15T13:16:53.233Z DEBUG 1 --- [orderservice] [nio-8082-exec-2] [e019ca3c9658541dc31cc331640df99a-7ff7d5c2b780856b] io.opentelemetry.sdk.trace.SdkSpan       : Ignoring setStatus() description since status is not ERROR.
2026-08-15T13:16:53.233Z DEBUG 1 --- [orderservice] [nio-8082-exec-2] [e019ca3c9658541dc31cc331640df99a-04bc67ebbf542049] io.opentelemetry.sdk.trace.SdkSpan       : Ignoring setStatus() description since status is not ERROR.
2026-08-15T13:16:53.241Z DEBUG 1 --- [orderservice] [nio-8082-exec-2] [e019ca3c9658541dc31cc331640df99a-04bc67ebbf542049] io.opentelemetry.sdk.trace.SdkSpan       : Ignoring setStatus() description since status is not ERROR.
2026-08-15T13:16:53.242Z DEBUG 1 --- [orderservice] [nio-8082-exec-2] [e019ca3c9658541dc31cc331640df99a-04bc67ebbf542049] io.opentelemetry.sdk.trace.SdkSpan       : Ignoring setStatus() description since status is not ERROR.
2026-08-15T13:16:53.481Z DEBUG 1 --- [orderservice] [_WorkerThread-1] [                                                 ] i.o.sdk.trace.export.BatchSpanProcessor  : Exporter failed
2026-08-15T13:16:55.004Z  INFO 1 --- [orderservice] [   scheduling-1] [f62370711ecbb1af14c935aedd8be46d-97d1237bf8c38cb1] c.j.s.o.jobs.OrderEventsPublishingJob    : Publishing Order Events at 2026-08-15T13:16:55.004400164Z
Hibernate: select oee1_0.id,oee1_0.created_at,oee1_0.event_id,oee1_0.event_type,oee1_0.order_number,oee1_0.payload,oee1_0.updated_at from order_events oee1_0 order by oee1_0.created_at
2026-08-15T13:16:55.008Z  INFO 1 --- [orderservice] [   scheduling-1] [f62370711ecbb1af14c935aedd8be46d-97d1237bf8c38cb1] c.j.s.o.domain.OrderEventService         : Found 0 Order Events to be published
2026-08-15T13:16:55.012Z DEBUG 1 --- [orderservice] [   scheduling-1] [                                                 ] io.opentelemetry.sdk.trace.SdkSpan       : Ignoring setStatus() description since status is not ERROR.
2026-08-15T13:16:58.233Z DEBUG 1 --- [orderservice] [nio-8082-exec-3] [                                                 ] t.p.B3PropagatorExtractorMultipleHeaders : Invalid TraceId in B3 header: null'. Returning INVALID span context.
2026-08-15T13:16:58.234Z DEBUG 1 --- [orderservice] [nio-8082-exec-3] [                                                 ] t.p.B3PropagatorExtractorMultipleHeaders : Invalid TraceId in B3 header: null'. Returning INVALID span context.
2026-08-15T13:16:58.236Z DEBUG 1 --- [orderservice] [nio-8082-exec-3] [43d5ab87f0a6c5e73c3174b7d2344e33-f1be8f2b5713e05c] io.opentelemetry.sdk.trace.SdkSpan       : Ignoring setStatus() description since status is not ERROR.
2026-08-15T13:16:58.236Z DEBUG 1 --- [orderservice] [nio-8082-exec-3] [43d5ab87f0a6c5e73c3174b7d2344e33-70dd99159d5ff5f5] io.opentelemetry.sdk.trace.SdkSpan       : Ignoring setStatus() description since status is not ERROR.
2026-08-15T13:16:58.248Z DEBUG 1 --- [orderservice] [nio-8082-exec-3] [43d5ab87f0a6c5e73c3174b7d2344e33-70dd99159d5ff5f5] io.opentelemetry.sdk.trace.SdkSpan       : Ignoring setStatus() description since status is not ERROR.
2026-08-15T13:16:58.248Z DEBUG 1 --- [orderservice] [nio-8082-exec-3] [43d5ab87f0a6c5e73c3174b7d2344e33-70dd99159d5ff5f5] io.opentelemetry.sdk.trace.SdkSpan       : Ignoring setStatus() description since status is not ERROR.
2026-08-15T13:16:58.490Z DEBUG 1 --- [orderservice] [_WorkerThread-1] [                                                 ] i.o.sdk.trace.export.BatchSpanProcessor  : Exporter failed
2026-08-15T13:17:00.003Z  INFO 1 --- [orderservice] [   scheduling-1] [dee901d5f2d7273e0b3bde1fe695f072-1851bb445220dec6] c.j.s.o.jobs.OrderProcessingJob          : Processing New Orders at 2026-08-15T13:17:00.003936417Z
Hibernate: select oe1_0.id,oe1_0.comments,oe1_0.created_at,oe1_0.customer_name,oe1_0.customer_email,oe1_0.customer_phone,oe1_0.delivery_address_line1,oe1_0.delivery_address_line2,oe1_0.delivery_address_city,oe1_0.delivery_address_state,oe1_0.delivery_address_zip_code,oe1_0.delivery_address_country,oe1_0.order_number,oe1_0.status,oe1_0.updated_at,oe1_0.username from orders oe1_0 where oe1_0.status=?
2026-08-15T13:17:00.006Z  INFO 1 --- [orderservice] [   scheduling-1] [dee901d5f2d7273e0b3bde1fe695f072-1851bb445220dec6] c.j.s.orderservice.domain.OrderService   : Found 0 new orders to process
2026-08-15T13:17:00.011Z DEBUG 1 --- [orderservice] [   scheduling-1] [                                                 ] io.opentelemetry.sdk.trace.SdkSpan       : Ignoring setStatus() description since status is not ERROR.
2026-08-15T13:17:00.016Z  INFO 1 --- [orderservice] [   scheduling-1] [152cf1ac68a00138accbcfaae672a908-228641cb3c94ed71] c.j.s.o.jobs.OrderEventsPublishingJob    : Publishing Order Events at 2026-08-15T13:17:00.016291107Z
Hibernate: select oee1_0.id,oee1_0.created_at,oee1_0.event_id,oee1_0.event_type,oee1_0.order_number,oee1_0.payload,oee1_0.updated_at from order_events oee1_0 order by oee1_0.created_at
2026-08-15T13:17:00.020Z  INFO 1 --- [orderservice] [   scheduling-1] [152cf1ac68a00138accbcfaae672a908-228641cb3c94ed71] c.j.s.o.domain.OrderEventService         : Found 0 Order Events to be published
2026-08-15T13:17:00.025Z DEBUG 1 --- [orderservice] [   scheduling-1] [                                                 ] io.opentelemetry.sdk.trace.SdkSpan       : Ignoring setStatus() description since status is not ERROR.
2026-08-15T13:17:03.233Z DEBUG 1 --- [orderservice] [nio-8082-exec-4] [                                                 ] t.p.B3PropagatorExtractorMultipleHeaders : Invalid TraceId in B3 header: null'. Returning INVALID span context.
2026-08-15T13:17:03.233Z DEBUG 1 --- [orderservice] [nio-8082-exec-4] [                                                 ] t.p.B3PropagatorExtractorMultipleHeaders : Invalid TraceId in B3 header: null'. Returning INVALID span context.
2026-08-15T13:17:03.234Z DEBUG 1 --- [orderservice] [nio-8082-exec-4] [85430888573fb6ec0539e547e1d5766d-80d65f419d9f440e] io.opentelemetry.sdk.trace.SdkSpan       : Ignoring setStatus() description since status is not ERROR.
2026-08-15T13:17:03.234Z DEBUG 1 --- [orderservice] [nio-8082-exec-4] [85430888573fb6ec0539e547e1d5766d-c3648c40b258caf2] io.opentelemetry.sdk.trace.SdkSpan       : Ignoring setStatus() description since status is not ERROR.
2026-08-15T13:17:03.243Z DEBUG 1 --- [orderservice] [nio-8082-exec-4] [85430888573fb6ec0539e547e1d5766d-c3648c40b258caf2] io.opentelemetry.sdk.trace.SdkSpan       : Ignoring setStatus() description since status is not ERROR.
2026-08-15T13:17:03.243Z DEBUG 1 --- [orderservice] [nio-8082-exec-4] [85430888573fb6ec0539e547e1d5766d-c3648c40b258caf2] io.opentelemetry.sdk.trace.SdkSpan       : Ignoring setStatus() description since status is not ERROR.
2026-08-15T13:17:03.493Z DEBUG 1 --- [orderservice] [_WorkerThread-1] [                                                 ] i.o.sdk.trace.export.BatchSpanProcessor  : Exporter failed
2026-08-15T13:17:05.007Z  INFO 1 --- [orderservice] [   scheduling-1] [63de960aeef5e4dac98af3eaa8225533-091452f2ce11bb84] c.j.s.o.jobs.OrderEventsPublishingJob    : Publishing Order Events at 2026-08-15T13:17:05.007401423Z
Hibernate: select oee1_0.id,oee1_0.created_at,oee1_0.event_id,oee1_0.event_type,oee1_0.order_number,oee1_0.payload,oee1_0.updated_at from order_events oee1_0 order by oee1_0.created_at
2026-08-15T13:17:05.011Z  INFO 1 --- [orderservice] [   scheduling-1] [63de960aeef5e4dac98af3eaa8225533-091452f2ce11bb84] c.j.s.o.domain.OrderEventService         : Found 0 Order Events to be published
2026-08-15T13:17:05.016Z DEBUG 1 --- [orderservice] [   scheduling-1] [                                                 ] io.opentelemetry.sdk.trace.SdkSpan       : Ignoring setStatus() description since status is not ERROR.
2026-08-15T13:17:08.233Z DEBUG 1 --- [orderservice] [nio-8082-exec-6] [                                                 ] t.p.B3PropagatorExtractorMultipleHeaders : Invalid TraceId in B3 header: null'. Returning INVALID span context.
2026-08-15T13:17:08.233Z DEBUG 1 --- [orderservice] [nio-8082-exec-6] [                                                 ] t.p.B3PropagatorExtractorMultipleHeaders : Invalid TraceId in B3 header: null'. Returning INVALID span context.
2026-08-15T13:17:08.234Z DEBUG 1 --- [orderservice] [nio-8082-exec-6] [0a67d8f104e5d3ac7e0efd4ac65f48a9-e203a0a82ac51e28] io.opentelemetry.sdk.trace.SdkSpan       : Ignoring setStatus() description since status is not ERROR.
2026-08-15T13:17:08.234Z DEBUG 1 --- [orderservice] [nio-8082-exec-6] [0a67d8f104e5d3ac7e0efd4ac65f48a9-212489cec157704b] io.opentelemetry.sdk.trace.SdkSpan       : Ignoring setStatus() description since status is not ERROR.
2026-08-15T13:17:08.243Z DEBUG 1 --- [orderservice] [nio-8082-exec-6] [0a67d8f104e5d3ac7e0efd4ac65f48a9-212489cec157704b] io.opentelemetry.sdk.trace.SdkSpan       : Ignoring setStatus() description since status is not ERROR.
2026-08-15T13:17:08.244Z DEBUG 1 --- [orderservice] [nio-8082-exec-6] [0a67d8f104e5d3ac7e0efd4ac65f48a9-212489cec157704b] io.opentelemetry.sdk.trace.SdkSpan       : Ignoring setStatus() description since status is not ERROR.
2026-08-15T13:17:08.497Z DEBUG 1 --- [orderservice] [_WorkerThread-1] [                                                 ] i.o.sdk.trace.export.BatchSpanProcessor  : Exporter failed
2026-08-15T13:17:10.005Z  INFO 1 --- [orderservice] [   scheduling-1] [1c2bf538d8b143e82195f12b52e64565-29586f5fbeffeb8a] c.j.s.o.jobs.OrderProcessingJob          : Processing New Orders at 2026-08-15T13:17:10.005872766Z
Hibernate: select oe1_0.id,oe1_0.comments,oe1_0.created_at,oe1_0.customer_name,oe1_0.customer_email,oe1_0.customer_phone,oe1_0.delivery_address_line1,oe1_0.delivery_address_line2,oe1_0.delivery_address_city,oe1_0.delivery_address_state,oe1_0.delivery_address_zip_code,oe1_0.delivery_address_country,oe1_0.order_number,oe1_0.status,oe1_0.updated_at,oe1_0.username from orders oe1_0 where oe1_0.status=?
2026-08-15T13:17:10.008Z  INFO 1 --- [orderservice] [   scheduling-1] [1c2bf538d8b143e82195f12b52e64565-29586f5fbeffeb8a] c.j.s.orderservice.domain.OrderService   : Found 0 new orders to process
2026-08-15T13:17:10.014Z DEBUG 1 --- [orderservice] [   scheduling-1] [                                                 ] io.opentelemetry.sdk.trace.SdkSpan       : Ignoring setStatus() description since status is not ERROR.
2026-08-15T13:17:10.018Z  INFO 1 --- [orderservice] [   scheduling-1] [88804a0758b559ceb517832a460fed5f-1d887323383297c2] c.j.s.o.jobs.OrderEventsPublishingJob    : Publishing Order Events at 2026-08-15T13:17:10.018963053Z
Hibernate: select oee1_0.id,oee1_0.created_at,oee1_0.event_id,oee1_0.event_type,oee1_0.order_number,oee1_0.payload,oee1_0.updated_at from order_events oee1_0 order by oee1_0.created_at
2026-08-15T13:17:10.021Z  INFO 1 --- [orderservice] [   scheduling-1] [88804a0758b559ceb517832a460fed5f-1d887323383297c2] c.j.s.o.domain.OrderEventService         : Found 0 Order Events to be published
2026-08-15T13:17:10.026Z DEBUG 1 --- [orderservice] [   scheduling-1] [                                                 ] io.opentelemetry.sdk.trace.SdkSpan       : Ignoring setStatus() description since status is not ERROR.
2026-08-15T13:17:13.232Z DEBUG 1 --- [orderservice] [nio-8082-exec-7] [                                                 ] t.p.B3PropagatorExtractorMultipleHeaders : Invalid TraceId in B3 header: null'. Returning INVALID span context.
2026-08-15T13:17:13.233Z DEBUG 1 --- [orderservice] [nio-8082-exec-7] [                                                 ] t.p.B3PropagatorExtractorMultipleHeaders : Invalid TraceId in B3 header: null'. Returning INVALID span context.
2026-08-15T13:17:13.233Z DEBUG 1 --- [orderservice] [nio-8082-exec-7] [9cccb58d8bb36da8d40bfcf8e0708a3a-59f87397ee968fb0] io.opentelemetry.sdk.trace.SdkSpan       : Ignoring setStatus() description since status is not ERROR.
2026-08-15T13:17:13.234Z DEBUG 1 --- [orderservice] [nio-8082-exec-7] [9cccb58d8bb36da8d40bfcf8e0708a3a-22476945a823f0bf] io.opentelemetry.sdk.trace.SdkSpan       : Ignoring setStatus() description since status is not ERROR.
2026-08-15T13:17:13.241Z DEBUG 1 --- [orderservice] [nio-8082-exec-7] [9cccb58d8bb36da8d40bfcf8e0708a3a-22476945a823f0bf] io.opentelemetry.sdk.trace.SdkSpan       : Ignoring setStatus() description since status is not ERROR.
2026-08-15T13:17:13.242Z DEBUG 1 --- [orderservice] [nio-8082-exec-7] [9cccb58d8bb36da8d40bfcf8e0708a3a-22476945a823f0bf] io.opentelemetry.sdk.trace.SdkSpan       : Ignoring setStatus() description since status is not ERROR.
2026-08-15T13:17:13.501Z DEBUG 1 --- [orderservice] [_WorkerThread-1] [                                                 ] i.o.sdk.trace.export.BatchSpanProcessor  : Exporter failed
2026-08-15T13:17:15.006Z  INFO 1 --- [orderservice] [   scheduling-1] [0f160fb797862990b8e177af021217fb-cc03fb37cbbf190e] c.j.s.o.jobs.OrderEventsPublishingJob    : Publishing Order Events at 2026-08-15T13:17:15.006787529Z
Hibernate: select oee1_0.id,oee1_0.created_at,oee1_0.event_id,oee1_0.event_type,oee1_0.order_number,oee1_0.payload,oee1_0.updated_at from order_events oee1_0 order by oee1_0.created_at
2026-08-15T13:17:15.011Z  INFO 1 --- [orderservice] [   scheduling-1] [0f160fb797862990b8e177af021217fb-cc03fb37cbbf190e] c.j.s.o.domain.OrderEventService         : Found 0 Order Events to be published
2026-08-15T13:17:15.017Z DEBUG 1 --- [orderservice] [   scheduling-1] [                                                 ] io.opentelemetry.sdk.trace.SdkSpan       : Ignoring setStatus() description since status is not ERROR.
2026-08-15T13:17:18.232Z DEBUG 1 --- [orderservice] [nio-8082-exec-5] [                                                 ] t.p.B3PropagatorExtractorMultipleHeaders : Invalid TraceId in B3 header: null'. Returning INVALID span context.
2026-08-15T13:17:18.233Z DEBUG 1 --- [orderservice] [nio-8082-exec-5] [                                                 ] t.p.B3PropagatorExtractorMultipleHeaders : Invalid TraceId in B3 header: null'. Returning INVALID span context.
2026-08-15T13:17:18.234Z DEBUG 1 --- [orderservice] [nio-8082-exec-5] [6cef9d11a1b10ef22016c71e194a9401-59cf3cf3c08e2086] io.opentelemetry.sdk.trace.SdkSpan       : Ignoring setStatus() description since status is not ERROR.
2026-08-15T13:17:18.234Z DEBUG 1 --- [orderservice] [nio-8082-exec-5] [6cef9d11a1b10ef22016c71e194a9401-33182f5ebaedb697] io.opentelemetry.sdk.trace.SdkSpan       : Ignoring setStatus() description since status is not ERROR.
2026-08-15T13:17:18.241Z DEBUG 1 --- [orderservice] [nio-8082-exec-5] [6cef9d11a1b10ef22016c71e194a9401-33182f5ebaedb697] io.opentelemetry.sdk.trace.SdkSpan       : Ignoring setStatus() description since status is not ERROR.
2026-08-15T13:17:18.241Z DEBUG 1 --- [orderservice] [nio-8082-exec-5] [6cef9d11a1b10ef22016c71e194a9401-33182f5ebaedb697] io.opentelemetry.sdk.trace.SdkSpan       : Ignoring setStatus() description since status is not ERROR.
2026-08-15T13:17:18.504Z DEBUG 1 --- [orderservice] [_WorkerThread-1] [                                                 ] i.o.sdk.trace.export.BatchSpanProcessor  : Exporter failed
2026-08-15T13:17:20.009Z  INFO 1 --- [orderservice] [   scheduling-1] [b4855aeb7332d1c02befc357bdb83d67-b091d14d089bc874] c.j.s.o.jobs.OrderEventsPublishingJob    : Publishing Order Events at 2026-08-15T13:17:20.009454089Z
Hibernate: select oee1_0.id,oee1_0.created_at,oee1_0.event_id,oee1_0.event_type,oee1_0.order_number,oee1_0.payload,oee1_0.updated_at from order_events oee1_0 order by oee1_0.created_at
2026-08-15T13:17:20.013Z  INFO 1 --- [orderservice] [   scheduling-1] [b4855aeb7332d1c02befc357bdb83d67-b091d14d089bc874] c.j.s.o.domain.OrderEventService         : Found 0 Order Events to be published
2026-08-15T13:17:20.022Z DEBUG 1 --- [orderservice] [   scheduling-1] [                                                 ] io.opentelemetry.sdk.trace.SdkSpan       : Ignoring setStatus() description since status is not ERROR.
2026-08-15T13:17:20.028Z  INFO 1 --- [orderservice] [   scheduling-1] [fdf3ae0287d2ff3ffe555bdc000a0bd3-339f6b96f93448e6] c.j.s.o.jobs.OrderProcessingJob          : Processing New Orders at 2026-08-15T13:17:20.028895244Z
Hibernate: select oe1_0.id,oe1_0.comments,oe1_0.created_at,oe1_0.customer_name,oe1_0.customer_email,oe1_0.customer_phone,oe1_0.delivery_address_line1,oe1_0.delivery_address_line2,oe1_0.delivery_address_city,oe1_0.delivery_address_state,oe1_0.delivery_address_zip_code,oe1_0.delivery_address_country,oe1_0.order_number,oe1_0.status,oe1_0.updated_at,oe1_0.username from orders oe1_0 where oe1_0.status=?
2026-08-15T13:17:20.031Z  INFO 1 --- [orderservice] [   scheduling-1] [fdf3ae0287d2ff3ffe555bdc000a0bd3-339f6b96f93448e6] c.j.s.orderservice.domain.OrderService   : Found 0 new orders to process
2026-08-15T13:17:20.042Z DEBUG 1 --- [orderservice] [   scheduling-1] [                                                 ] io.opentelemetry.sdk.trace.SdkSpan       : Ignoring setStatus() description since status is not ERROR.
2026-08-15T13:17:23.230Z DEBUG 1 --- [orderservice] [nio-8082-exec-8] [                                                 ] t.p.B3PropagatorExtractorMultipleHeaders : Invalid TraceId in B3 header: null'. Returning INVALID span context.
2026-08-15T13:17:23.230Z DEBUG 1 --- [orderservice] [nio-8082-exec-8] [                                                 ] t.p.B3PropagatorExtractorMultipleHeaders : Invalid TraceId in B3 header: null'. Returning INVALID span context.
2026-08-15T13:17:23.231Z DEBUG 1 --- [orderservice] [nio-8082-exec-8] [27a1320091c51e5b5783ed52fde6658b-5b41bc292892f1ab] io.opentelemetry.sdk.trace.SdkSpan       : Ignoring setStatus() description since status is not ERROR.
2026-08-15T13:17:23.231Z DEBUG 1 --- [orderservice] [nio-8082-exec-8] [27a1320091c51e5b5783ed52fde6658b-df81f3974cdd25d7] io.opentelemetry.sdk.trace.SdkSpan       : Ignoring setStatus() description since status is not ERROR.
2026-08-15T13:17:23.241Z DEBUG 1 --- [orderservice] [nio-8082-exec-8] [27a1320091c51e5b5783ed52fde6658b-df81f3974cdd25d7] io.opentelemetry.sdk.trace.SdkSpan       : Ignoring setStatus() description since status is not ERROR.
2026-08-15T13:17:23.241Z DEBUG 1 --- [orderservice] [nio-8082-exec-8] [27a1320091c51e5b5783ed52fde6658b-df81f3974cdd25d7] io.opentelemetry.sdk.trace.SdkSpan       : Ignoring setStatus() description since status is not ERROR.
2026-08-15T13:17:23.506Z DEBUG 1 --- [orderservice] [_WorkerThread-1] [                                                 ] i.o.sdk.trace.export.BatchSpanProcessor  : Exporter failed
2026-08-15T13:17:25.005Z  INFO 1 --- [orderservice] [   scheduling-1] [a3fe3f127775c04300b401ac0407780f-93ac1d9eb0abda69] c.j.s.o.jobs.OrderEventsPublishingJob    : Publishing Order Events at 2026-08-15T13:17:25.005733791Z
Hibernate: select oee1_0.id,oee1_0.created_at,oee1_0.event_id,oee1_0.event_type,oee1_0.order_number,oee1_0.payload,oee1_0.updated_at from order_events oee1_0 order by oee1_0.created_at
2026-08-15T13:17:25.011Z  INFO 1 --- [orderservice] [   scheduling-1] [a3fe3f127775c04300b401ac0407780f-93ac1d9eb0abda69] c.j.s.o.domain.OrderEventService         : Found 0 Order Events to be published
2026-08-15T13:17:25.016Z DEBUG 1 --- [orderservice] [   scheduling-1] [                                                 ] io.opentelemetry.sdk.trace.SdkSpan       : Ignoring setStatus() description since status is not ERROR.
2026-08-15T13:17:28.231Z DEBUG 1 --- [orderservice] [nio-8082-exec-9] [                                                 ] t.p.B3PropagatorExtractorMultipleHeaders : Invalid TraceId in B3 header: null'. Returning INVALID span context.
2026-08-15T13:17:28.231Z DEBUG 1 --- [orderservice] [nio-8082-exec-9] [                                                 ] t.p.B3PropagatorExtractorMultipleHeaders : Invalid TraceId in B3 header: null'. Returning INVALID span context.
2026-08-15T13:17:28.234Z DEBUG 1 --- [orderservice] [nio-8082-exec-9] [0a0bca59dc70e759892cbbec4ce30fcb-c752ad5f631d491f] io.opentelemetry.sdk.trace.SdkSpan       : Ignoring setStatus() description since status is not ERROR.
2026-08-15T13:17:28.235Z DEBUG 1 --- [orderservice] [nio-8082-exec-9] [0a0bca59dc70e759892cbbec4ce30fcb-6232adebf7e9b221] io.opentelemetry.sdk.trace.SdkSpan       : Ignoring setStatus() description since status is not ERROR.
2026-08-15T13:17:28.248Z DEBUG 1 --- [orderservice] [nio-8082-exec-9] [0a0bca59dc70e759892cbbec4ce30fcb-6232adebf7e9b221] io.opentelemetry.sdk.trace.SdkSpan       : Ignoring setStatus() description since status is not ERROR.
2026-08-15T13:17:28.249Z DEBUG 1 --- [orderservice] [nio-8082-exec-9] [0a0bca59dc70e759892cbbec4ce30fcb-6232adebf7e9b221] io.opentelemetry.sdk.trace.SdkSpan       : Ignoring setStatus() description since status is not ERROR.
2026-08-15T13:17:28.509Z DEBUG 1 --- [orderservice] [_WorkerThread-1] [                                                 ] i.o.sdk.trace.export.BatchSpanProcessor  : Exporter failed
2026-08-15T13:17:30.003Z  INFO 1 --- [orderservice] [   scheduling-1] [b0cc11899fca4dc63262bfd2c2ab1c1c-b06554459eab24fe] c.j.s.o.jobs.OrderProcessingJob          : Processing New Orders at 2026-08-15T13:17:30.003897059Z
Hibernate: select oe1_0.id,oe1_0.comments,oe1_0.created_at,oe1_0.customer_name,oe1_0.customer_email,oe1_0.customer_phone,oe1_0.delivery_address_line1,oe1_0.delivery_address_line2,oe1_0.delivery_address_city,oe1_0.delivery_address_state,oe1_0.delivery_address_zip_code,oe1_0.delivery_address_country,oe1_0.order_number,oe1_0.status,oe1_0.updated_at,oe1_0.username from orders oe1_0 where oe1_0.status=?
2026-08-15T13:17:30.006Z  INFO 1 --- [orderservice] [   scheduling-1] [b0cc11899fca4dc63262bfd2c2ab1c1c-b06554459eab24fe] c.j.s.orderservice.domain.OrderService   : Found 0 new orders to process
2026-08-15T13:17:30.011Z DEBUG 1 --- [orderservice] [   scheduling-1] [                                                 ] io.opentelemetry.sdk.trace.SdkSpan       : Ignoring setStatus() description since status is not ERROR.
2026-08-15T13:17:30.015Z  INFO 1 --- [orderservice] [   scheduling-1] [e854939c477c0dfb77ec281a48cb3094-bf1b9489409cbce5] c.j.s.o.jobs.OrderEventsPublishingJob    : Publishing Order Events at 2026-08-15T13:17:30.015435899Z
Hibernate: select oee1_0.id,oee1_0.created_at,oee1_0.event_id,oee1_0.event_type,oee1_0.order_number,oee1_0.payload,oee1_0.updated_at from order_events oee1_0 order by oee1_0.created_at
2026-08-15T13:17:30.018Z  INFO 1 --- [orderservice] [   scheduling-1] [e854939c477c0dfb77ec281a48cb3094-bf1b9489409cbce5] c.j.s.o.domain.OrderEventService         : Found 0 Order Events to be published
2026-08-15T13:17:30.023Z DEBUG 1 --- [orderservice] [   scheduling-1] [                                                 ] io.opentelemetry.sdk.trace.SdkSpan       : Ignoring setStatus() description since status is not ERROR.
